HostTime_ns,Data
1786313961813276271,729
1786313961818085678,726
1786313961822965963,721
1786313961828071792,716
1786313961834040649,710
1786313961839080946,702
1786313961844107453,693
1786313961849065298,683
1786313961855214600,673
1786313961860221607,662
1786313961865221196,650
1786313961870035956,637
1786313961876217340,624
1786313961881039613,610
1786313961886077007,596
1786313961891134035,581
1786313961897262818,567
1786313961902098770,553
1786313961907235024,540
1786313961912286729,528
1786313961918052099,517
1786313961923210009,506
1786313961928227545,497
1786313961934080666,488
1786313961939260484,481
1786313961944236138,475
1786313961949107627,471
1786313961955090816,467
1786313961960188988,466
1786313961964982952,465
1786313961970074549,464
1786313961976085499,466
1786313961980994294,468
1786313961986016311,471
1786313961991234657,474
1786313961997223510,478
1786313962002034280,482
1786313962007192748,486
1786313962012149243,492
1786313962018064996,496
1786313962022971169,500
1786313962027997245,505
1786313962032979317,509
1786313962038967166,513
1786313962044067410,516
1786313962049097179,519
1786313962053968146,522
1786313962060368793,525
1786313962064964405,526
1786313962069943076,527
1786313962074990102,528
1786313962080911011,529
1786313962085934917,529
1786313962090969115,529
1786313962095966007,528
1786313962101961040,527
1786313962107063606,525
1786313962112067004,523
1786313962117963590,520
1786313962122965419,518
1786313962128066130,515
1786313962132941203,512
1786313962138970327,508
1786313962144067220,504
1786313962148973843,500
1786313962153972092,496
1786313962159991313,492
1786313962164925852,488
1786313962170165716,484
1786313962175096437,480
1786313962181056986,477
1786313962186006461,474
1786313962191223508,470
1786313962196209140,466
1786313962202024901,463
1786313962207213899,460
1786313962212273567,457
1786313962216993413,455
1786313962223211110,453
1786313962228204440,450
1786313962232950019,448
1786313962238041502,447
1786313962244230318,446
1786313962249165639,445
1786313962254066794,444
1786313962259034011,444
1786313962265008837,443
1786313962270074512,442
1786313962275232045,441
1786313962280242505,441
1786313962286038544,441
1786313962291063729,441
1786313962296259883,441
1786313962302007669,442
1786313962306961050,442
1786313962312089469,443
1786313962317040673,445
1786313962323271551,445
1786313962328055235,446
1786313962332930808,447
1786313962338044539,449
1786313962344039516,450
1786313962348954745,449
1786313962354040241,449
1786313962359069721,450
1786313962364962674,450
1786313962370184191,449
1786313962375080281,450
1786313962380240025,450
1786313962386127047,451
1786313962391250657,451
1786313962396248844,452
1786313962401042654,452
1786313962407138311,452
1786313962412257712,452
1786313962417227416,453
1786313962422215300,453
1786313962428272284,454
1786313962433061565,454
1786313962438121250,455
1786313962443255145,456
1786313962449119116,457
1786313962454023180,458
1786313962459086142,458
1786313962464220613,457
1786313962470104885,457
1786313962475237555,456
1786313962480232739,456
1786313962485030546,454
1786313962491130272,453
1786313962496258567,453
1786313962501066114,452
1786313962507078281,451
1786313962512122302,450
1786313962517030614,449
1786313962521979877,449
1786313962528022209,449
1786313962533134261,448
1786313962538205390,448
1786313962543034867,447
1786313962548976484,447
1786313962554030379,446
1786313962559090002,445
1786313962564090970,445
1786313962570010862,444
1786313962575116682,444
1786313962580088307,444
1786313962584951156,443
1786313962590946351,442
1786313962596069241,443
1786313962600977944,445
1786313962606065458,447
1786313962612086799,451
1786313962616978279,457
1786313962621979448,463
1786313962627072969,472
1786313962632971943,482
1786313962638100029,493
1786313962643092346,505
1786313962647988488,518
1786313962653964281,532
1786313962659061352,548
1786313962663949483,563
1786313962668968723,578
1786313962674981720,594
1786313962679965930,610
1786313962684954892,626
1786313962690966363,640
1786313962696041837,653
1786313962701083630,666
1786313962706037648,677
1786313962712043549,686
1786313962716991307,694
1786313962722175857,700
1786313962727241974,704
1786313962733033917,707
1786313962738030541,709
1786313962743039822,709
1786313962748229989,706
1786313962754026875,702
1786313962759239815,697
1786313962764263610,690
1786313962768965537,682
1786313962775107022,673
1786313962780237879,664
1786313962784959161,654
1786313962790006931,642
1786313962796091818,630
1786313962801017554,618
1786313962805975934,606
1786313962811039232,593
1786313962817044779,579
1786313962822121702,566
1786313962827271092,553
1786313962831983058,539
1786313962838012010,528
1786313962843063533,517
1786313962848061709,506
1786313962853033713,496
1786313962859116612,488
1786313962864569548,480
1786313962869026912,474
1786313962875073568,469
1786313962880067314,465
1786313962885203371,463
1786313962890219889,462
1786313962896212885,461
1786313962901044489,463
1786313962906068692,464
1786313962911074481,466
1786313962917019888,468
1786313962922063397,472
1786313962927090395,477
1786313962931991910,482
1786313962938072284,487
1786313962943072488,492
1786313962948190089,497
1786313962953064509,502
1786313962959249434,507
1786313962964239141,511
1786313962969068924,515
1786313962974117581,518
1786313962980240412,521
1786313962984954498,523
1786313962990074960,524
1786313962994970397,525
1786313963001150192,526
1786313963006145306,527
1786313963011209820,527
1786313963015999690,526
1786313963022029305,526
1786313963027011487,525
1786313963032007156,524
1786313963037008146,522
1786313963042957901,521
1786313963047974810,519
1786313963052961421,517
1786313963058962214,513
1786313963063988238,511
1786313963068948285,508
1786313963073955638,505
1786313963079966307,503
1786313963084977294,499
1786313963089983401,496
1786313963094957868,492
1786313963100986770,490
1786313963105937486,486
1786313963110927857,482
1786313963115964480,480
1786313963121971503,478
1786313963126996714,474
1786313963131986752,472
1786313963136925843,470
1786313963143037660,467
1786313963148557780,465
1786313963152927437,464
1786313963158043684,463
1786313963164040875,461
1786313963168966530,459
1786313963174043061,458
1786313963179218300,456
1786313963185192012,455
1786313963190117305,454
1786313963195241728,454
1786313963199952235,454
1786313963206060836,453
1786313963211059374,452
1786313963215968938,452
1786313963221946029,453
1786313963226937907,453
1786313963231932567,452
1786313963236976970,452
1786313963243064548,453
1786313963247983510,454
1786313963253014638,454
1786313963257959192,454
1786313963263964279,455
1786313963268964884,455
1786313963273942813,455
1786313963278948493,455
1786313963284969324,455
1786313963289964194,456
1786313963294952035,457
1786313963299987398,457
1786313963305966378,457
1786313963310955997,458
1786313963315945855,459
1786313963321104974,459
1786313963326926392,459
1786313963333230209,460
1786313963337035010,460
1786313963342197719,460
1786313963348092582,460
1786313963353175023,459
1786313963358174985,459
1786313963363098411,459
1786313963368964530,458
1786313963374162106,458
1786313963379264726,458
1786313963384166759,457
1786313963390239669,456
1786313963395240948,456
1786313963399930379,455
1786313963405995221,454
1786313963411082200,453
1786313963415974668,453
1786313963421000211,451
1786313963426939013,451
1786313963431937356,450
1786313963437133576,450
1786313963442225208,450
1786313963448138950,450
1786313963453075768,449
1786313963458270115,449
1786313963463274861,449
1786313963469074158,449
1786313963474238194,450
1786313963479244218,451
1786313963484111533,454
1786313963490188151,457
1786313963495261947,462
1786313963499979339,468
1786313963505241636,475
1786313963511242786,484
1786313963515996175,495
1786313963520993553,506
1786313963526113288,519
1786313963532048484,533
1786313963537223645,548
1786313963542229700,565
1786313963547216925,581
1786313963553071847,597
1786313963558085279,614
1786313963563033680,630
1786313963568188092,645
1786313963574219577,659
1786313963579231389,673
1786313963584041013,684
1786313963590184820,695
1786313963595201143,704
1786313963600029321,713
1786313963605132555,718
1786313963611221472,723
1786313963616005163,726
1786313963621000605,727
1786313963626062499,725
1786313963631997934,722
1786313963636994312,718
1786313963642060476,712
1786313963647060812,705
1786313963653046859,698
1786313963658059351,690
1786313963663060600,681
1786313963668063197,670
1786313963674215238,659
1786313963679237685,648
1786313963684058702,634
1786313963689205436,621
1786313963695237833,607
1786313963700004637,594
1786313963705219962,580
1786313963710283590,566
1786313963715961966,553
1786313963721230726,541
1786313963726249870,528
1786313963731136865,517
1786313963737221402,507
1786313963742253967,499
1786313963747232017,491
1786313963752935884,486
1786313963758239552,480
1786313963763232967,476
1786313963768236796,474
1786313963774240998,472
1786313963779247193,472
1786313963784109210,472
1786313963789170286,474
1786313963795085473,476
1786313963800017557,480
1786313963805060022,484
1786313963810251151,488
1786313963815982784,493
1786313963820991553,498
1786313963826096028,502
1786313963831236391,506
1786313963836980961,511
1786313963842086376,515
1786313963847055067,519
1786313963852245098,522
1786313963858236666,525
1786313963863062512,528
1786313963868066827,530
1786313963873058375,532
1786313963879063541,534
1786313963884059816,535
1786313963889249380,535
1786313963894134560,535
1786313963900152283,534
1786313963905239640,532
1786313963910249999,531
1786313963915058354,529
1786313963921184015,528
1786313963926244124,525
1786313963931222418,522
1786313963937073184,520
1786313963942225875,517
1786313963947226040,513
1786313963952077175,510
1786313963958220089,506
1786313963963249322,502
1786313963968185440,498
1786313963973232323,493
1786313963979219756,489
1786313963983949229,485
1786313963989081032,481
1786313963994131524,478
1786313964000131764,474
1786313964005109942,471
1786313964010182876,468
1786313964015089315,466
1786313964021050839,463
1786313964026040069,461
1786313964031009649,458
1786313964035957902,457
1786313964041913180,456
1786313964047022662,454
1786313964052067125,453
1786313964057045004,452
1786313964063035565,451
1786313964067943476,450
1786313964072913302,448
1786313964078041083,448
1786313964083931423,447
1786313964089038230,447
1786313964094036110,446
1786313964098913142,445
1786313964104971710,443
1786313964110069144,443
1786313964114942891,443
1786313964119968015,443
1786313964125962145,442
1786313964130936752,442
1786313964135977133,442
1786313964142063316,442
1786313964147066088,441
1786313964151955709,441
1786313964156931147,442
1786313964162959763,442
1786313964167979124,443
1786313964173066528,444
1786313964178231789,446
1786313964184034511,447
1786313964189262969,448
1786313964194254565,449
1786313964198989764,450
1786313964205123555,452
1786313964210113322,453
1786313964214959685,454
1786313964220164422,455
1786313964226211100,456
1786313964230941271,456
1786313964236002847,457
1786313964241063765,457
1786313964247083554,457
1786313964252019702,458
1786313964257231667,458
1786313964262241019,459
1786313964268108831,459
1786313964273255094,459
1786313964278247938,460
1786313964283155294,460
1786313964289200891,459
1786313964294248091,459
1786313964299043958,459
1786313964304089296,458
1786313964310237349,457
1786313964314987604,456
1786313964320069262,455
1786313964325983973,454
1786313964331029269,452
1786313964336032220,452
1786313964341191577,452
1786313964347049432,453
1786313964352031271,453
1786313964357318318,454
1786313964362052267,455
1786313964368032157,458
1786313964373246129,461
1786313964378216556,466
1786313964382988089,472
1786313964389190945,479
1786313964394206536,489
1786313964398960238,500
1786313964404179624,513
1786313964410106097,528
1786313964415006030,545
1786313964420052982,562
1786313964425054162,581
1786313964431001452,600
1786313964435992048,619
1786313964441222720,638
1786313964446244170,657
1786313964451996392,675
1786313964457063277,692
1786313964462061778,708
1786313964467088465,722
1786313964473205667,734
1786313964478226264,745
1786313964482954457,754
1786313964488211466,761
1786313964494229410,766
1786313964499002108,768
1786313964504242601,769
1786313964510235050,769
1786313964514951229,766
1786313964520243356,762
1786313964525251700,755
1786313964530986755,747
1786313964536004522,738
1786313964541207105,728
1786313964546264373,716
1786313964552214841,705
1786313964557096007,692
1786313964562224990,679
1786313964567206397,665
1786313964573176490,651
1786313964578226491,637
1786313964583167290,623
1786313964588230391,608
1786313964594217934,594
1786313964599020824,580
1786313964603981256,567
1786313964609226299,553
1786313964615814257,540
1786313964620222985,530
1786313964625213969,520
1786313964630230476,511
1786313964635942185,504
1786313964641263832,498
1786313964646236229,494
1786313964651109116,490
1786313964657241990,488
1786313964662144570,486
1786313964667198976,485
1786313964673143806,486
1786313964678239227,487
1786313964683042419,489
1786313964688210656,492
1786313964694217940,495
1786313964698988061,499
1786313964704224832,504
1786313964709266659,507
1786313964714991417,510
1786313964720097136,514
1786313964725091847,518
1786313964729947159,522
1786313964736042868,525
1786313964741226733,528
1786313964746229133,531
1786313964751073603,532
1786313964757228304,534
1786313964762228450,534
1786313964767071786,535
1786313964772223228,535
1786313964778224128,535
1786313964783093137,534
1786313964788254313,533
1786313964793253261,531
1786313964798978048,530
1786313964804206947,528
1786313964809053934,526
1786313964814040251,523
1786313964820123968,521
1786313964825133531,518
1786313964830104489,514
1786313964834963633,511
1786313964841102228,507
1786313964846101570,503
1786313964850973484,499
1786313964857017263,495
1786313964862139822,492
1786313964867222292,489
1786313964872229860,485
1786313964878016439,482
1786313964882925804,479
1786313964887961436,475
1786313964892965528,472
1786313964899074164,469
1786313964903929709,466
1786313964908922090,464
1786313964913941284,461
1786313964919949289,459
1786313964925017010,457
1786313964929972774,455
1786313964935009550,453
1786313964941004168,452
1786313964945947838,451
1786313964950981015,449
1786313964955994782,448
1786313964961986083,447
1786313964967098278,446
1786313964972099923,445
1786313964977090564,445
1786313964983130360,445
1786313964988158519,444
1786313964993137051,444
1786313964997992876,445
1786313965004046954,444
1786313965009265476,445
1786313965013973375,445
1786313965018939192,445
1786313965024986724,446
1786313965029926978,446
1786313965035050205,446
1786313965040985227,447
1786313965046090141,447
1786313965051047427,447
1786313965056088117,448
1786313965062074392,448
1786313965067043519,449
1786313965072004579,450
1786313965076998111,451
1786313965083021030,451
1786313965088001756,451
1786313965092989688,451
1786313965098026934,451
1786313965103997654,451
1786313965109086627,450
1786313965114010189,450
1786313965119892187,450
1786313965125151586,449
1786313965129927730,449
1786313965134930160,449
1786313965139999171,450
1786313965146082008,451
1786313965151025600,452
1786313965155997485,453
1786313965161083442,455
1786313965167021372,455
1786313965172077787,456
1786313965177222491,456
1786313965182165425,456
1786313965188230657,456
1786313965193228644,456
1786313965197987273,457
1786313965203213765,456
1786313965209254882,456
1786313965213987968,456
1786313965219102095,455
1786313965225007825,454
1786313965229915752,453
1786313965234940805,452
1786313965240075969,451
1786313965246070117,450
1786313965251040404,448
1786313965256124849,447
1786313965261225005,446
1786313965267049305,443
1786313965272067950,442
1786313965277066563,441
1786313965282197144,440
1786313965288231816,439
1786313965293225828,438
1786313965297989026,437
1786313965303226726,437
1786313965309253043,438
1786313965313997923,440
1786313965319074643,443
1786313965324153029,448
1786313965329940316,453
1786313965335063176,462
1786313965340229383,471
1786313965345229814,482
1786313965351063134,496
1786313965356226765,510
1786313965361066528,526
1786313965365954090,543
1786313965372065207,561
1786313965376954103,580
1786313965382007869,599
1786313965387203766,619
1786313965393203327,639
1786313965397959555,659
1786313965403249619,679
1786313965409266481,697
1786313965413979410,713
1786313965419077305,729
1786313965424077486,743
1786313965429988989,753
1786313965435107793,762
1786313965440210180,769
1786313965445205499,774
1786313965451108884,777
1786313965456203713,777
1786313965461207357,775
1786313965466128290,772
1786313965472214255,767
1786313965477217638,760
1786313965482021935,752
1786313965487213925,743
1786313965493347370,733
1786313965497987340,721
1786313965503261433,708
1786313965508236786,694
1786313965514029282,680
1786313965519179657,665
1786313965524196577,650
1786313965529202861,634
1786313965535189964,617
1786313965540234597,602
1786313965545225096,586
1786313965549981281,570
1786313965556210064,556
1786313965561223641,543
1786313965565995775,530
1786313965571007383,519
1786313965577205893,509
1786313965582133110,501
1786313965587213686,493
1786313965593146012,487
1786313965597972503,483
1786313965603243293,479
1786313965608238541,477
1786313965613978131,476
1786313965619176306,476
1786313965624247129,476
1786313965629374973,477
1786313965635196931,479
1786313965640109439,483
1786313965645230299,486
1786313965649919372,489
1786313965656031118,493
1786313965661230182,497
1786313965666074523,501
1786313965671072378,505
1786313965677209953,508
1786313965682003369,512
1786313965687099684,515
1786313965692256045,518
1786313965698004777,521
1786313965703213219,523
1786313965708214979,525
1786313965712932913,526
1786313965719029149,527
1786313965724029561,527
1786313965729063487,526
1786313965734221567,526
1786313965740225604,525
1786313965745232425,524
1786313965750170507,522
1786313965755227424,520
1786313965761238030,518
1786313965765995447,515
1786313965771028159,512
1786313965777191592,509
1786313965782097815,505
1786313965787233890,501
1786313965792240315,498
1786313965798122195,495
1786313965803228245,491
1786313965808236855,488
1786313965812991486,484
1786313965819061474,481
1786313965824111629,478
1786313965829153243,474
1786313965833973378,471
1786313965840099945,467
1786313965845282341,465
1786313965849922555,462
1786313965855071152,459
1786313965860999353,457
1786313965866062625,455
1786313965871221885,452
1786313965876091091,451
1786313965882054234,449
1786313965887134802,448
1786313965892250690,446
1786313965897036549,444
1786313965903066155,442
1786313965908224708,441
1786313965913049268,439
1786313965918143145,439
1786313965924201994,437
1786313965929170230,436
1786313965934203843,434
1786313965939208800,433
1786313965945159178,432
1786313965950009647,431
1786313965955189067,430
1786313965960216807,430
1786313965966143415,428
1786313965971202336,428
1786313965976204286,428
1786313965982043182,428
1786313965987166782,427
1786313965992237656,427
1786313965996994773,427
1786313966003043773,427
1786313966008180146,426
1786313966013047875,426
1786313966018032985,426
1786313966023991808,427
1786313966028976173,427
1786313966033943949,428
1786313966039084314,428
1786313966045081029,428
1786313966050008180,429
1786313966055006940,430
1786313966060089339,431
1786313966066051270,431
1786313966071089256,432
1786313966076083178,433
1786313966081093512,434
1786313966087015258,435
1786313966092082354,435
1786313966096930144,436
1786313966102012045,437
1786313966108085815,436
1786313966113002365,437
1786313966117955274,437
1786313966123081992,438
1786313966128925291,439
1786313966134053819,439
1786313966138998101,439
1786313966144028241,440
1786313966150049297,440
1786313966155035811,440
1786313966160033256,441
1786313966165067179,441
1786313966171034321,441
1786313966176231351,442
1786313966181002660,442
1786313966187238665,442
1786313966192239768,442
1786313966197001679,443
1786313966202183975,443
1786313966208244407,442
1786313966212979532,442
1786313966218145143,442
1786313966223116007,440
1786313966228942451,439
1786313966234223988,438
1786313966239223462,437
1786313966244247759,436
1786313966250008995,436
1786313966255094909,435
1786313966259975770,434
1786313966264991514,433
1786313966270967849,433
1786313966276233577,432
1786313966281013768,432
1786313966286073634,431
1786313966292240772,430
1786313966296963760,430
1786313966302037889,430
1786313966307028560,429
1786313966312983558,428
1786313966318120728,428
1786313966323229454,427
1786313966328231354,426
1786313966334225027,426
1786313966339185982,426
1786313966344217730,426
1786313966350062463,426
1786313966355100708,427
1786313966360003971,429
1786313966365214346,432
1786313966371221239,436
1786313966376068977,442
1786313966381051082,448
1786313966386212064,457
1786313966392236117,467
1786313966396947407,480
1786313966402029238,495
1786313966407227418,511
1786313966412986327,529
1786313966418234632,547
1786313966423230668,568
1786313966428221031,589
1786313966434029648,610
1786313966439225790,632
1786313966444216123,652
1786313966448950974,671
1786313966454992845,690
1786313966459940587,707
1786313966464927518,722
1786313966470050008,735
1786313966476737066,746
1786313966481028629,756
1786313966486153445,763
1786313966491081006,767
1786313966497102603,770
1786313966502021693,770
1786313966506997320,768
1786313966512006169,765
1786313966518012183,760
1786313966522958399,753
1786313966527940331,744
1786313966535665295,735
1786313966538961770,724
1786313966543919690,712
1786313966548961182,699
1786313966554935823,686
1786313966559921307,671
1786313966564935436,656
1786313966569919190,641
1786313966576018841,625
1786313966580998744,609
1786313966586123220,593
1786313966591103312,577
1786313966597008458,562
1786313966602183904,548
1786313966607166710,535
1786313966611941848,523
1786313966618144441,511
1786313966623227598,501
1786313966628202821,492
1786313966633087305,486
1786313966639050748,480
1786313966644043041,475
1786313966649075777,472
1786313966654038506,469
1786313966660179614,468
1786313966664949414,468
1786313966669971089,468
1786313966675051193,471
1786313966681030707,474
1786313966686074290,477
1786313966691248347,481
1786313966695962769,485
1786313966702186962,490
1786313966707054938,494
1786313966711932991,498
1786313966718023851,503
1786313966723189116,507
1786313966728351325,512
1786313966733255219,516
1786313966739229823,520
1786313966744239615,523
1786313966749064923,525
1786313966754072682,527
1786313966760235925,529
1786313966765056433,529
1786313966770175651,529
1786313966775237845,529
1786313966781133361,528
1786313966786232896,527
1786313966791248327,525
1786313966795998714,522
1786313966802189048,520
1786313966807238152,516
1786313966811988414,514
1786313966817181937,511
1786313966823234356,508
1786313966828259791,504
1786313966833179931,502
1786313966838222028,500
1786313966844245300,497
1786313966849095685,494
1786313966854065560,490
1786313966859063220,488
1786313966864990883,484
1786313966870091418,480
1786313966875121671,477
1786313966880956309,474
1786313966886062700,470
1786313966891230091,468
1786313966896051827,465
1786313966902095764,463
1786313966907237371,460
1786313966912026825,458
1786313966917139441,457
1786313966923224930,455
1786313966928099353,453
1786313966933109144,451
1786313966938206669,450
1786313966944222317,448
1786313966949030553,447
1786313966954231334,446
1786313966959234472,446
1786313966964959166,445
1786313966970021728,444
1786313966975219430,443
1786313966979976623,443
1786313966986202955,443
1786313966991221728,443
1786313966996001841,443
1786313967001120190,443
1786313967006976047,443
1786313967012051508,444
1786313967016997743,444
1786313967022054020,444
1786313967028094700,444
1786313967033084929,444
1786313967038026906,445
1786313967043055006,446
1786313967048983817,446
1786313967054056111,447
1786313967059063057,447
1786313967064975162,447
1786313967070071725,447
1786313967075140844,447
1786313967079987169,447
1786313967085939750,448
1786313967091060638,448
1786313967095893710,450
1786313967101091940,450
1786313967107067196,451
1786313967111940264,452
1786313967117080792,453
1786313967122056547,454
1786313967127948365,455
1786313967133046171,456
1786313967138054731,457
1786313967143055944,458
1786313967149068490,459
1786313967154059164,459
1786313967159055410,461
1786313967164080714,462
1786313967170068123,463
1786313967175230167,463
1786313967180272610,462
1786313967185212907,461
1786313967191224677,460
1786313967195988709,459
1786313967201217882,458
1786313967206214986,457
1786313967211984791,455
1786313967217063844,455
1786313967221912361,454
1786313967227224160,453
1786313967233162626,452
1786313967238216520,451
1786313967243216645,449
1786313967249190688,447
1786313967254158144,446
1786313967259222938,444
1786313967263976106,443
1786313967270166486,442
1786313967275128227,441
1786313967280026733,440
1786313967285104479,439
1786313967291222327,437
1786313967296013128,435
1786313967301061998,434
1786313967306222614,432
1786313967312086251,431
1786313967317018162,430
1786313967322203824,430
1786313967327226662,430
1786313967333014613,431
1786313967338212402,432
1786313967343216872,434
1786313967348060513,436
1786313967354217406,440
1786313967359260571,445
1786313967364192840,450
1786313967369222835,458
1786313967375217129,467
1786313967379968986,478
1786313967385210394,491
1786313967390258490,505
1786313967395997914,520
1786313967401028806,536
1786313967406065689,554
1786313967411173476,572
1786313967417225455,589
1786313967422226808,608
1786313967427198498,626
1786313967433195037,644
1786313967438217329,661
1786313967443201318,677
1786313967448196051,692
1786313967454176473,705
1786313967459206583,717
1786313967464106682,726
1786313967469095257,734
1786313967475136900,740
1786313967479944030,744
1786313967485060610,745
1786313967490235313,745
1786313967495969974,744
1786313967501098575,741
1786313967506231798,737
1786313967510969828,730
1786313967517191572,723
1786313967522219287,714
1786313967527116836,703
1786313967532014746,692
1786313967538190328,680
1786313967543046897,667
1786313967548067484,652
1786313967553065704,638
1786313967559094305,623
1786313967564096898,608
1786313967569224025,591
1786313967574207442,576
1786313967580058193,561
1786313967585222183,546
1786313967590160451,532
1786313967594940778,519
1786313967601194057,508
1786313967606182330,498
1786313967610957527,489
1786313967617069130,481
1786313967622219779,475
1786313967627032417,470
1786313967632068734,467
1786313967638066364,465
1786313967643035216,464
1786313967648063384,463
1786313967653063199,464
1786313967659094760,466
1786313967664073850,468
1786313967669178726,471
1786313967674218072,476
1786313967680074175,481
1786313967685210312,486
1786313967690255256,491
1786313967694950678,496
1786313967701094197,501
1786313967706002806,506
1786313967710926937,511
1786313967715968945,515
1786313967722244156,519
1786313967727014978,523
1786313967732172552,525
1786313967737219285,527
1786313967742949092,529
1786313967747984551,530
1786313967753057292,531
1786313967758059632,531
1786313967764055208,531
1786313967769190640,530
1786313967774243317,528
1786313967780062184,526
1786313967785059699,524
1786313967790052976,521
1786313967795068706,519
1786313967801064034,516
1786313967806054892,514
1786313967810998867,510
1786313967816055274,507
1786313967822050500,504
1786313967826922790,500
1786313967832038761,497
1786313967837236250,493
1786313967842942435,490
1786313967848062010,486
1786313967853123914,482
1786313967858196818,479
1786313967864023476,476
1786313967869166435,473
1786313967874205080,470
1786313967879141539,467
1786313967885196027,464
1786313967890193426,461
1786313967895144420,458
1786313967900094057,456
1786313967906241575,453
1786313967910943001,451
1786313967916210739,449
1786313967921229859,447
1786313967927281786,446
1786313967931955989,445
1786313967937225106,443
1786313967942189404,442
1786313967948117455,442
1786313967953189452,441
1786313967958173941,441
1786313967964004135,441
1786313967969021334,440
1786313967974051848,439
1786313967979040983,438
1786313967985021160,438
1786313967990072932,437
1786313967995185438,438
1786313968000101646,437
1786313968006107647,437
1786313968010942109,437
1786313968015978818,438
1786313968021057056,438
1786313968026952848,438
1786313968031963765,439
1786313968037048073,439
1786313968042054834,439
1786313968048105158,439
1786313968053031949,439
1786313968058059629,440
1786313968062973464,441
1786313968069059311,441
1786313968074052811,442
1786313968078974445,443
1786313968083949985,444
1786313968089948942,445
1786313968094928535,446
1786313968099960535,447
1786313968105085911,448
1786313968110954445,450
1786313968116103008,451
1786313968121078717,453
1786313968126083870,454
1786313968132117019,455
1786313968137084268,456
1786313968142085697,457
1786313968147968330,456
1786313968153055685,456
1786313968158052538,455
1786313968162984150,454
1786313968169056450,453
1786313968174238295,452
1786313968179039475,451
1786313968184247617,450
1786313968190235953,449
1786313968195005415,449
1786313968200242483,447
1786313968205252066,446
1786313968210920612,445
1786313968216043062,444
1786313968221068570,443
1786313968226196069,442
1786313968232068570,441
1786313968237220890,440
1786313968242224418,439
1786313968247063372,438
1786313968253054075,438
1786313968258219429,438
1786313968263067367,437
1786313968268259778,437
1786313968274227731,437
1786313968279057147,437
1786313968284219092,439
1786313968289237109,442
1786313968295027231,447
1786313968300173941,452
1786313968305223346,460
1786313968309978363,469
1786313968316141043,481
1786313968321089510,495
1786313968326147955,510
1786313968331985327,526
1786313968337181931,544
1786313968342225692,564
1786313968347115819,583
1786313968353211387,603
1786313968358194493,623
1786313968363003791,644
1786313968368181609,663
1786313968374206023,681
1786313968379163154,698
1786313968384196471,715
1786313968389225674,728
1786313968395037958,741
1786313968400186305,752
1786313968405196790,761
1786313968409992566,768
1786313968416093391,773
1786313968421215702,776
1786313968426162915,776
1786313968431071273,775
1786313968437267474,771
1786313968442213510,766
1786313968447063838,760
1786313968452223088,752
1786313968458227776,742
1786313968463057736,732
1786313968468216371,720
1786313968473225181,708
1786313968479079827,695
1786313968484070271,681
1786313968489244739,667
1786313968494050277,653
1786313968500094926,638
1786313968505210684,623
1786313968510005679,606
1786313968515974777,591
1786313968521013088,576
1786313968526191222,562
1786313968530953197,548
1786313968537016838,536
1786313968542009023,525
1786313968547063796,515
1786313968552204767,506
1786313968558198019,498
1786313968563018262,493
1786313968568018570,487
1786313968573024394,483
1786313968579047013,481
1786313968584069405,479
1786313968589240996,478
1786313968593985784,479
1786313968600137997,480
1786313968605203192,482
1786313968609933317,484
1786313968615057971,488
1786313968621087188,491
1786313968626185024,495
1786313968631058499,499
1786313968636239330,504
1786313968642052501,509
1786313968647054200,512
1786313968652049138,517
1786313968657218214,520
1786313968663205663,523
1786313968668155643,527
1786313968673229689,529
1786313968677963651,531
1786313968684243338,532
1786313968689238051,533
1786313968693985025,533
1786313968700143701,531
1786313968705220448,531
1786313968709938302,529
1786313968715150478,527
1786313968721220411,525
1786313968726123152,523
1786313968731197279,520
1786313968736051543,517
1786313968742200424,514
1786313968747069777,510
1786313968752207942,507
1786313968757189123,504
1786313968763213362,501
1786313968768238004,497
1786313968773214149,494
1786313968778015493,491
1786313968784120165,487
1786313968789248933,484
1786313968793923886,481
1786313968799221039,479
1786313968805222384,476
1786313968810024693,473
1786313968815216476,470
1786313968820216226,467
1786313968826100692,464
1786313968831219892,462
1786313968836158551,459
1786313968841214686,457
1786313968847210007,454
1786313968852210218,452
1786313968857195069,450
1786313968862054067,448
1786313968868367093,446
1786313968873210217,445
1786313968878086122,445
1786313968884216804,443
1786313968889242364,442
1786313968893973134,441
1786313968899062089,440
1786313968905236247,439
1786313968910014247,438
1786313968915109140,438
1786313968920091088,438
1786313968926067788,438
1786313968931116400,438
1786313968936151576,438
1786313968941224500,438
1786313968947045889,437
1786313968951977824,437
1786313968957216253,436
1786313968962058531,436
1786313968968213479,436
1786313968973224631,436
1786313968978144421,436
1786313968983208660,436
1786313968989219753,437
1786313968994037762,438
1786313968999025181,440
1786313969004109063,440
1786313969009998816,442
1786313969015092237,443
1786313969020055793,444
1786313969025039350,445
1786313969031085134,445
1786313969036039173,446
1786313969041037083,447
1786313969046030087,448
1786313969052053755,449
1786313969057047375,451
1786313969062045887,453
1786313969068047643,455
1786313969073049322,456
1786313969078033386,457
1786313969083056319,459
1786313969089053551,461
1786313969093898401,462
1786313969099071923,464
1786313969104051040,465
1786313969109909480,466
1786313969115124147,466
1786313969120068659,466
1786313969125066875,466
1786313969131051081,466
1786313969135901523,465
1786313969140997704,465
1786313969146059111,464
1786313969152031475,463
1786313969157019457,461
1786313969161940880,459
1786313969167032046,458
1786313969173208526,456
1786313969177977123,454
1786313969183216570,452
1786313969188221908,448
1786313969194007422,446
1786313969199259507,444
1786313969203918456,442
1786313969208902687,440
1786313969214930806,438
1786313969219968203,436
1786313969224918527,434
1786313969229962399,433
1786313969235895529,432
1786313969240899537,432
1786313969245971231,432
1786313969251943095,433
1786313969256895026,435
1786313969261931441,438
1786313969266911976,443
1786313969272909832,449
1786313969277967040,457
1786313969282930205,466
1786313969287926462,477
1786313969293963175,491
1786313969298911203,506
1786313969303935651,522
1786313969309100049,540
1786313969315011652,559
1786313969319988399,579
1786313969325034729,599
1786313969330063411,620
1786313969336025710,640
1786313969341044444,660
1786313969345975884,678
1786313969350964348,695
1786313969357228933,712
1786313969362088484,727
1786313969367237188,740
1786313969372190941,751
1786313969378032106,759
1786313969383078124,765
1786313969388233171,769
1786313969393016788,771
1786313969399224088,771
1786313969404227507,769
1786313969409174202,765
1786313969415002714,759
1786313969419998952,752
1786313969425181639,743
1786313969430052195,733
1786313969436222766,721
1786313969441235641,710
1786313969446023187,696
1786313969451021080,682
1786313969457050602,668
1786313969462021270,653
1786313969467029771,636
1786313969472034794,620
1786313969477946631,604
1786313969483023027,587
1786313969488034915,570
1786313969493039669,553
1786313969499025363,538
1786313969504223468,523
1786313969508981680,509
1786313969514211126,496
1786313969520088786,487
1786313969525057744,477
1786313969530141368,468
1786313969535221021,463
1786313969541215887,458
1786313969546125684,453
1786313969551084875,451
1786313969556221040,449
1786313969562139108,449
1786313969567218948,450
1786313969572214919,451
1786313969577005035,453
1786313969583217532,456
1786313969588248870,460
1786313969593035923,463
1786313969599028874,468
1786313969604215692,473
1786313969608947043,477
1786313969614130972,483
1786313969620196440,488
1786313969625167754,493
1786313969630199904,498
1786313969635222557,503
1786313969641188851,508
1786313969646219657,511
1786313969651235353,514
1786313969656223737,517
1786313969662280721,519
1786313969667105016,520
1786313969672228737,520
1786313969676941938,520
1786313969682944424,519
1786313969687919484,517
1786313969692966897,515
1786313969698369255,514
1786313969704019136,510
1786313969708895764,507
1786313969713945820,504
1786313969718902672,501
1786313969724901349,497
1786313969730650257,494
1786313969735517741,490
1786313969739993911,486
1786313969748659256,482
1786313969750895828,477
1786313969755889952,474
1786313969761214581,470
1786313969766899144,465
1786313969771897854,462
1786313969777369244,459
1786313969782879655,456
1786313969787962375,453
1786313969792882831,450
1786313969798086201,448
1786313969804062132,446
1786313969808935953,444
1786313969814011528,442
1786313969819098507,440
1786313969825314049,438
1786313969830026185,436
1786313969835153199,435
1786313969840142116,435
1786313969845977838,433
1786313969851082551,433
1786313969856199685,433
1786313969860928044,433
1786313969867056560,433
1786313969872203635,433
1786313969876981383,433
1786313969882015820,433
1786313969888038488,433
1786313969892944058,433
1786313969898201029,433
1786313969903199947,432
1786313969908941247,433
1786313969914194908,433
1786313969919203067,434
1786313969924202576,434
1786313969930176749,434
1786313969935130302,434
1786313969940080798,434
1786313969944942033,434
1786313969951080425,435
1786313969956204547,436
1786313969960915416,437
1786313969966982743,438
1786313969972199889,439
1786313969977006370,440
1786313969982132745,441
1786313969988214130,441
1786313969993062189,441
1786313969998154243,441
1786313970003071467,442
1786313970008984732,441
1786313970013977948,442
1786313970019098507,443
1786313970024040965,443
1786313970029979537,443
1786313970035053311,444
1786313970040036909,444
1786313970044898473,445
1786313970051049425,445
1786313970056047907,446
1786313970060909099,446
1786313970066050458,445
1786313970072051879,445
1786313970076946663,445
1786313970082062204,446
1786313970087046918,446
1786313970092889306,447
1786313970098063665,447
1786313970103046350,447
1786313970108046992,448
1786313970114094790,448
1786313970119070679,448
1786313970124065012,448
1786313970129065859,447
1786313970135053077,447
1786313970140143977,447
1786313970144980899,445
1786313970150005154,444
1786313970155986568,443
1786313970160947127,441
1786313970166017088,440
1786313970172098067,437
1786313970177020040,436
1786313970182090938,434
1786313970187231220,432
1786313970192954509,429
1786313970198155323,427
1786313970203212956,425
1786313970208144202,423
1786313970214076958,421
1786313970219171253,421
1786313970224197188,421
1786313970228911893,421
1786313970235190315,423
1786313970240206718,426
1786313970244881110,430
1786313970250188632,435
1786313970256222477,443
1786313970260982313,451
1786313970266085630,463
1786313970271177815,475
1786313970276998514,490
1786313970282085384,506
1786313970287234329,524
1786313970292049839,542
1786313970298086491,561
1786313970303089027,581
1786313970308018065,601
1786313970313147843,621
1786313970319214614,640
1786313970324213051,659
1786313970329204366,677
1786313970334220940,694
1786313970340212142,708
1786313970345123673,721
1786313970350151192,732
1786313970356051875,742
1786313970360948684,750
1786313970366015952,755
1786313970371213845,759
1786313970376987860,760
1786313970381942785,759
1786313970387225329,756
1786313970391931317,752
1786313970398010341,746
1786313970403210939,737
1786313970408158165,728
1786313970413010052,717
1786313970419207640,706
1786313970424211358,693
1786313970429010897,679
1786313970434000873,664
1786313970440205052,649
1786313970445186879,632
1786313970450181235,616
1786313970455131215,600
1786313970461726402,584
1786313970465967174,568
1786313970470960114,553
1786313970475963368,539
1786313970481984138,525
1786313970487010873,512
1786313970491963975,501
1786313970496978708,492
1786313970502967670,484
1786313970507981794,477
1786313970512969887,471
1786313970518902676,466
1786313970523967521,463
1786313970528985339,460
1786313970534140751,460
1786313970539988183,460
1786313970544961342,461
1786313970550005391,463
1786313970555075620,466
1786313970560976684,470
1786313970566024077,473
1786313970571011030,478
1786313970576661777,483
1786313970582049671,488
1786313970586984486,494
1786313970591991196,499
1786313970597039456,505
1786313970603029973,510
1786313970607971016,515
1786313970613718522,519
1786313970618682907,522
1786313970624610995,525
1786313970629015507,527
1786313970634706297,529
1786313970641332226,530
1786313970644979294,530
1786313970650130126,530
1786313970654990133,530
1786313970660064752,530
1786313970666052476,527
1786313970671902875,525
1786313970676051924,522
1786313970680971696,518
1786313970688049225,514
1786313970692830678,511
1786313970696914407,507
1786313970702904337,503
1786313970707951492,499
1786313970712953913,496
1786313970717934167,494
1786313970723961501,490
1786313970728965803,487
1786313970733970319,483
1786313970738972223,480
1786313970745106347,476
1786313970749969194,472
1786313970755033579,469
1786313970760183885,466
1786313970766017810,463
1786313970770916157,461
1786313970775962743,459
1786313970780977373,457
1786313970786988138,456
1786313970791945812,455
1786313970796990777,453
1786313970802026497,452
1786313970807942788,451
1786313970812977399,451
1786313970817971821,450
1786313970822951599,449
1786313970829086359,449
1786313970833907890,448
1786313970839047459,448
1786313970843996890,447
1786313970849972673,446
1786313970855008562,446
1786313970859961048,446
1786313970865022604,445
1786313970871179127,445
1786313970876000387,445
1786313970881083801,445
1786313970887086414,446
1786313970891963430,446
1786313970897037237,447
1786313970901910683,447
1786313970907978425,448
1786313970912922974,448
1786313970918011704,449
1786313970923001373,449
1786313970929217750,450
1786313970934214668,451
1786313970939203267,452
1786313970943927817,452
1786313970950189137,453
1786313970955188952,454
1786313970960077601,454
1786313970965167674,454
1786313970971207227,454
1786313970975964612,455
1786313970981190780,454
1786313970986071821,454
1786313970992009421,454
1786313970996984860,454
1786313971002045818,454
1786313971006955643,454
1786313971013077459,454
1786313971018097275,453
1786313971023226393,453
1786313971028101310,452
1786313971034213762,451
1786313971039116102,450
1786313971043992304,449
1786313971050051383,448
1786313971055045439,447
1786313971060093258,446
1786313971065217951,445
1786313971071227084,444
1786313971076119938,444
1786313971081216190,443
1786313971086069076,442
1786313971092024049,442
1786313971097205734,442
1786313971102085796,441
1786313971107041156,442
1786313971113059910,442
1786313971118346196,444
1786313971123201892,446
1786313971128135330,450
1786313971134131649,456
1786313971139389227,462
1786313971144007548,471
1786313971148983230,481
1786313971155005448,493
1786313971160014508,505
1786313971165124910,519
1786313971169939910,535
1786313971175960900,551
1786313971181045550,568
1786313971185924466,585
1786313971190994132,603
1786313971197063461,619
1786313971202061724,636
1786313971207001134,652
1786313971212033049,668
1786313971218013409,682
1786313971222955966,695
1786313971228606863,706
1786313971233078451,716
1786313971238980288,724
1786313971243964290,731
1786313971248976727,734
1786313971254962254,737
1786313971260342268,737
1786313971265372766,735
1786313971269979041,732
1786313971276089914,728
1786313971280995180,722
1786313971285958442,714
1786313971291254396,706
1786313971297017244,697
1786313971301956718,686
1786313971307171415,673
1786313971312230889,660
1786313971317969875,646
1786313971322989861,632
1786313971329069663,617
1786313971332951920,602
1786313971338989097,586
1786313971343993483,570
1786313971348961406,554
1786313971354067937,539
1786313971359926094,525
1786313971365038947,511
1786313971370156256,499
1786313971375037584,488
1786313971381665326,479
1786313971386157435,469
1786313971390986894,463
1786313971395994630,457
1786313971401936921,454
1786313971407202663,451
1786313971411944741,450
1786313971417885847,451
1786313971423685273,453
1786313971428678482,455
1786313971433608768,458
1786313971439218204,463
1786313971444661769,467
1786313971448999075,472
1786313971454042578,478
1786313971461089436,484
1786313971465077429,490
1786313971470075256,495
1786313971475284620,500
1786313971481309848,505
1786313971486225323,509
1786313971491022604,513
1786313971496728592,518
1786313971502002915,522
1786313971507110856,524
1786313971512680862,526
1786313971517502475,527
1786313971524370475,528
1786313971528169009,527
1786313971533135615,527
1786313971541239876,526
1786313971546861505,525
1786313971549285216,524
1786313971554926514,522
1786313971559066439,519
1786313971565520541,516
1786313971569997339,513
1786313971575274301,510
1786313971579963827,507
1786313971585993193,503
1786313971590941473,499
1786313971596001781,496
1786313971601881324,492
1786313971606928472,488
1786313971612060468,484
1786313971617007868,480
1786313971623049354,476
1786313971628494226,472
1786313971632929663,468
1786313971638057836,465
1786313971644490534,461
1786313971649336719,458
1786313971654016198,455
1786313971658942457,453
1786313971664934918,450
1786313971670065825,447
1786313971675029710,444
1786313971680592042,442
1786313971686443857,440
1786313971691055301,438
1786313971696051255,437
1786313971701043601,435
1786313971707003877,434
1786313971712006400,433
1786313971717150249,433
1786313971721942881,432
1786313971728284819,431
1786313971732959961,430
1786313971738043018,431
1786313971742918041,430
1786313971748927579,430
1786313971753900319,430
1786313971759031003,431
1786313971764390434,431
1786313971770134615,431
1786313971775094455,432
1786313971780010937,433
1786313971785082899,433
1786313971790990837,434
1786313971796027968,435
1786313971801008606,436
1786313971807014473,437
1786313971811960957,438
1786313971816932922,439
1786313971822502183,440
1786313971827937594,440
1786313971833169505,440
1786313971838187163,441
1786313971842912236,441
1786313971849040454,442
1786313971854044679,442
1786313971859053299,441
1786313971863972064,441
1786313971870244353,441
1786313971874951192,441
1786313971879975952,440
1786313971884985558,440
1786313971890967208,441
1786313971896088707,441
1786313971901202495,441
1786313971906191229,441
1786313971911978414,440
1786313971917226444,441
1786313971922224485,441
1786313971927420610,441
1786313971933102125,441
1786313971938071755,440
1786313971943532864,441
1786313971948080681,441
1786313971954064311,442
1786313971959839545,445
1786313971964166477,448
1786313971969135315,452
1786313971974930575,459
1786313971980270906,466
1786313971985155931,475
1786313971991019336,487
1786313971996675802,500
1786313972001459200,516
1786313972006179634,532
1786313972012014872,550
1786313972016967880,569
1786313972021985803,590
1786313972027239813,609
1786313972033070071,630
1786313972038067627,650
1786313972043002262,669
1786313972047985130,688
1786313972054245391,704
1786313972059087816,720
1786313972064128721,735
1786313972069290687,747
1786313972075166581,758
1786313972079998975,767
1786313972085715517,774
1786313972089965607,779
1786313972096605262,782
1786313972101397435,782
1786313972106003797,780
1786313972111232115,777
1786313972117260603,772
1786313972121993455,765
1786313972126991147,757
1786313972132054138,746
1786313972137990289,735
1786313972142990913,722
1786313972147975384,709
1786313972153116630,694
1786313972159201065,679
1786313972164122576,663
1786313972169748857,646
1786313972175011902,630
1786313972180058036,613
1786313972185167425,596
1786313972189964791,579
1786313972195978578,564
1786313972201009398,549
1786313972205964192,534
1786313972211096265,522
1786313972217415921,511
1786313972221949180,500
1786313972226902471,490
1786313972231960048,483
1786313972238047418,477
1786313972242893568,472
1786313972247909482,468
1786313972253033406,466
1786313972258959239,465
1786313972264058760,465
1786313972269345765,466
1786313972273981981,468
1786313972279967095,471
1786313972285227265,474
1786313972290005077,478
1786313972294974330,483
1786313972301107617,488
1786313972306152926,493
1786313972310970251,498
1786313972315894809,504
1786313972321950222,509
1786313972327010521,514
1786313972331920575,519
1786313972336954518,522
1786313972342967291,525
1786313972347965452,529
1786313972353064722,531
1786313972358934321,534
1786313972363975440,535
1786313972369023159,536
1786313972373976201,535
1786313972380068955,534
1786313972385063376,533
1786313972389957355,531
1786313972394934072,529
1786313972401036567,527
1786313972405957999,524
1786313972410957846,520
1786313972415930474,517
1786313972421951532,513
1786313972427287775,508
1786313972431924817,504
1786313972436985296,500
1786313972443038675,495
1786313972448001379,490
1786313972453026591,486
1786313972458052106,482
1786313972464245654,478
1786313972469016178,475
1786313972473986845,471
1786313972478986662,468
1786313972485064259,465
1786313972489983239,462
1786313972495082651,459
1786313972500184657,457
1786313972505929112,454
1786313972511047158,451
1786313972515941410,449
1786313972521742064,447
1786313972527084806,445
1786313972532018845,443
1786313972537097744,442
1786313972543054319,441
1786313972548029631,439
1786313972553032041,438
1786313972558090327,437
1786313972564237573,435
1786313972569131781,434
1786313972574038230,433
1786313972579100305,431
1786313972585243068,430
1786313972589918433,429
1786313972594939422,429
1786313972599928645,428
1786313972607665309,427
1786313972610973212,428
1786313972616855022,429
1786313972621082536,429
1786313972627010318,430
1786313972631972584,432
1786313972637078889,433
1786313972642174800,434
1786313972647955010,435
1786313972653005788,436
1786313972658314230,438
1786313972662969999,439
1786313972669190886,441
1786313972674304479,443
1786313972679760384,444
1786313972686348188,446
1786313972689993360,447
1786313972695069926,448
1786313972699948654,449
1786313972705854559,448
1786313972710971148,448
1786313972716115122,449
1786313972720974576,449
1786313972726993152,448
1786313972731927020,448
1786313972736989601,447
1786313972741935153,447
1786313972747955567,445
1786313972752982701,444
1786313972757875196,443
1786313972762962330,442
1786313972769051558,441
1786313972773903485,440
1786313972779043114,439
1786313972784026890,438
1786313972789932748,437
1786313972795102179,436
1786313972800075167,435
1786313972805054394,435
1786313972811091868,434
1786313972815956567,435
1786313972821056973,435
1786313972826068270,436
1786313972831989341,439
1786313972837001777,443
1786313972842016743,448
1786313972846959168,456
1786313972852960151,465
1786313972857962091,476
1786313972862906330,489
1786313972867925872,503
1786313972873934171,519
1786313972878900155,536
1786313972883929564,555
1786313972889922992,575
1786313972894978670,595
1786313972899995597,616
1786313972905035307,637
1786313972911006911,657
1786313972915999438,677
1786313972921037917,696
1786313972926080791,713
1786313972932010292,729
1786313972937095201,743
1786313972941952267,755
1786313972947094750,764
1786313972953086243,772
1786313972957944856,778
1786313972963005613,780
1786313972968777985,781
1786313972973997952,781
1786313972978977597,778
1786313972983937180,772
1786313972988954301,765
1786313972994943063,756
1786313973000001150,746
1786313973005025308,735
1786313973009927993,721
1786313973016041093,707
1786313973020984585,692
1786313973025961319,676
1786313973030931491,660
1786313973036983703,644
1786313973041929462,628
1786313973046936831,610
1786313973051980061,594
1786313973057955123,578
1786313973062935634,561
1786313973068097892,545
1786313973073904678,530
1786313973078937640,516
1786313973084066292,503
1786313973088912652,492
1786313973094940399,483
1786313973099995873,475
1786313973105033305,469
1786313973109938384,464
1786313973115880945,461
1786313973120941684,459
1786313973125939782,458
1786313973130936562,459
1786313973137063591,461
1786313973141940386,464
1786313973146935654,466
1786313973152063201,470
1786313973157935809,474
1786313973163053346,479
1786313973167962336,484
1786313973172933897,490
1786313973179227841,496
1786313973184120313,501
1786313973188905373,506
1786313973193986391,510
1786313973200021896,514
1786313973204999826,518
1786313973210060623,521
1786313973215087425,525
1786313973221817033,528
1786313973226063003,530
1786313973231057897,531
1786313973236121975,533
1786313973242104918,533
1786313973247214025,533
1786313973252121803,532
1786313973258077566,530
1786313973263201564,528
1786313973268312300,526
1786313973273112639,523
1786313973279163444,520
1786313973284153642,515
1786313973289027207,510
1786313973294051430,505
1786313973300002955,500
1786313973305117691,495
1786313973310048847,490
1786313973315023090,485
1786313973321202721,481
1786313973326001316,476
1786313973331201194,471
1786313973336078446,467
1786313973342044317,462
1786313973347228229,457
1786313973352124009,453
1786313973356991489,450
1786313973363168178,446
1786313973368848784,443
1786313973373116786,441
1786313973378060452,438
1786313973384012278,435
1786313973389162128,433
1786313973394072767,431
1786313973399059642,430
1786313973405134026,428
1786313973410147350,427
1786313973414915311,426
1786313973420199416,424
1786313973426179471,423
1786313973431001189,422
1786313973436302454,421
1786313973441856154,420
1786313973447307214,420
1786313973452290156,420
1786313973456976549,420
1786313973462948993,419
1786313973467981443,419
1786313973473088077,419
1786313973478177208,419
1786313973483953852,419
1786313973488931633,419
1786313973494021617,419
1786313973498968589,419
1786313973504982060,420
1786313973510218275,420
1786313973514949630,421
1786313973520332541,421
1786313973526171305,421
1786313973530972975,421
1786313973536232364,421
1786313973540956647,422
1786313973547081755,422
1786313973551988237,423
1786313973556969788,424
1786313973561970322,425
1786313973567920855,426
1786313973573669333,428
1786313973577928332,429
1786313973583024874,430
1786313973589023279,430
1786313973594035113,431
1786313973599011123,432
1786313973604243605,433
1786313973609907605,434
1786313973614886859,435
1786313973620188796,436
1786313973625851572,436
1786313973630894290,437
1786313973636176742,437
1786313973640892229,438
1786313973646888708,438
1786313973651993864,438
1786313973656945732,438
1786313973662065504,439
1786313973668067768,439
1786313973673026884,439
1786313973678077209,440
1786313973683063663,440
1786313973689007076,439
1786313973693975724,439
1786313973698970152,438
1786313973704113040,437
1786313973710079440,437
1786313973715081645,436
1786313973720099136,435
1786313973724948751,434
1786313973731043470,433
1786313973736043987,431
1786313973740899548,429
1786313973745885805,428
1786313973752044702,426
1786313973756922478,424
1786313973761890215,423
1786313973767103311,421
1786313973772958602,420
1786313973778036707,420
1786313973783031454,419
1786313973788124989,419
1786313973794008820,420
1786313973799193623,422
1786313973804195292,425
1786313973809966006,430
1786313973815004209,436
1786313973820053578,443
1786313973825070948,452
1786313973831205646,464
1786313973835912754,478
1786313973841002397,494
1786313973846115785,511
1786313973851939054,529
1786313973856989689,549
1786313973862035591,570
1786313973867022047,591
1786313973872955235,612
1786313973878199048,633
1786313973883216504,655
1786313973887980177,675
1786313973894228765,693
1786313973899194536,711
1786313973904090677,727
1786313973908955684,740
1786313973915173931,752
1786313973920117787,761
1786313973925006525,768
1786313973930200579,772
1786313973935962399,775
1786313973941028053,776
1786313973946191537,774
1786313973951089100,770
1786313973957023424,764
1786313973962040136,756
1786313973967012212,746
1786313973972027976,734
1786313973978068232,721
1786313973983025068,707
1786313973987910252,692
1786313973994001202,676
1786313973999194452,660
1786313974003977526,643
1786313974009169826,626
1786313974015191574,608
1786313974019932809,591
1786313974024956455,573
1786313974030046034,558
1786313974035886306,541
1786313974040960220,526
1786313974045933071,512
1786313974050933150,499
1786313974056976155,489
1786313974061933378,479
1786313974066930499,471
1786313974071922160,465
1786313974078134753,461
1786313974083039328,457
1786313974087931810,454
1786313974092945846,453
1786313974098901938,453
1786313974103970860,454
1786313974108941709,455
1786313974113947257,459
1786313974120039770,462
1786313974124948176,465
1786313974130037987,470
1786313974135034700,476
1786313974140956824,481
1786313974146035740,486
1786313974151035589,492
1786313974155962087,498
1786313974161998712,503
1786313974167038605,508
1786313974171947493,512
1786313974178047247,516
1786313974183227238,519
1786313974187928776,522
1786313974193041118,525
1786313974199207976,526
1786313974204182020,527
1786313974209038696,527
1786313974214203377,527
1786313974219910492,526
1786313974224987906,524
1786313974230207775,522
1786313974235166495,520
1786313974241006351,518
1786313974246046428,515
1786313974250983225,511
1786313974256034436,508
1786313974262029353,504
1786313974267046276,500
1786313974271980469,496
1786313974277177603,491
1786313974283187488,487
1786313974287911169,483
1786313974293015134,480
1786313974298207410,476
1786313974303929283,472
1786313974308936296,468
1786313974313928621,464
1786313974319211121,460
1786313974325175286,457
1786313974330067433,453
1786313974336057024,450
1786313974340005213,446
1786313974346206808,443
1786313974351243552,440
1786313974356087577,437
1786313974362206339,434
1786313974367212033,431
1786313974372034172,430
1786313974377207042,429
1786313974383221949,428
1786313974387972781,426
1786313974393224826,426
1786313974398183546,425
1786313974403950301,424
1786313974409027707,424
1786313974414191853,424
1786313974419151235,425
1786313974425031844,424
1786313974430171955,424
1786313974435192578,425
1786313974440041427,425
1786313974446216260,426
1786313974451192762,426
1786313974456041822,427
1786313974461128569,427
1786313974467214921,427
1786313974472022807,427
1786313974477175892,427
1786313974482213384,427
1786313974488031626,428
1786313974493218864,428
1786313974498224181,429
1786313974503073259,428
1786313974509084837,429
1786313974514106137,429
1786313974519155947,430
1786313974523943816,430
1786313974530080907,430
1786313974535066579,430
1786313974539959192,431
1786313974546078876,432
1786313974551171304,432
1786313974556000462,433
1786313974560957463,433
1786313974567203466,433
1786313974571939729,433
1786313974577065986,434
1786313974582219970,434
1786313974588036300,435
1786313974593047624,435
1786313974598088175,436
1786313974602964192,436
1786313974609081203,435
1786313974614088032,436
1786313974619202489,436
1786313974624076407,436
1786313974630213795,436
1786313974635217880,436
1786313974639961099,436
1786313974645199804,436
1786313974651221186,436
1786313974656057392,436
1786313974661004752,436
1786313974666227040,436
1786313974671950661,437
1786313974677040599,436
1786313974682090497,435
1786313974687139108,434
1786313974693038807,433
1786313974698039023,433
1786313974702929827,432
1786313974708036717,430
1786313974714040686,429
1786313974719153355,428
1786313974724031071,426
1786313974729951512,424
1786313974735175915,423
1786313974739916181,421
1786313974745095730,420
1786313974750967246,419
1786313974756149938,419
1786313974761138717,418
1786313974766213525,418
1786313974772030854,419
1786313974777051770,419
1786313974782211433,421
1786313974787060827,424
1786313974793076742,428
1786313974798083172,434
1786313974802971091,441
1786313974808009768,450
1786313974814045553,460
1786313974818994120,471
1786313974824069197,485
1786313974829059585,499
1786313974835060339,515
1786313974839929547,530
1786313974845057749,547
1786313974850190786,564
1786313974856022067,581
1786313974861137566,597
1786313974866108254,613
1786313974870983509,628
1786313974877171217,641
1786313974882208453,654
1786313974886957599,665
1786313974892003162,674
1786313974898200227,682
1786313974903196228,687
1786313974908049453,691
1786313974913084907,693
1786313974919194151,693
1786313974923907174,691
1786313974928950791,688
1786313974934988645,684
1786313974939926593,679
1786313974944926555,671
1786313974949909523,662
1786313974956182125,652
1786313974961046114,640
1786313974965941908,628
1786313974970918191,615
1786313974977117484,601
1786313974982137431,586
1786313974986943920,572
1786313974992041061,556
1786313974997941773,542
1786313975003015695,526
1786313975007953191,513
1786313975012926895,499
1786313975018950250,488
1786313975023981208,477
1786313975028978240,467
1786313975034156785,459
1786313975040033006,452
1786313975044899402,446
1786313975050085662,442
1786313975055015699,439
1786313975060911437,436
1786313975066143211,435
1786313975071072761,435
1786313975075994640,437
1786313975082444164,439
1786313975087206016,443
1786313975092025838,447
1786313975097091267,453
1786313975102922392,459
1786313975108037899,464
1786313975113196073,471
1786313975118982633,477
1786313975123981740,483
1786313975128999523,489
1786313975133970328,495
1786313975140028158,500
1786313975144964820,505
1786313975149981434,509
1786313975155036626,513
1786313975160929117,517
1786313975165912321,519
1786313975170942872,521
1786313975176050242,523
1786313975182011774,525
1786313975186959053,526
1786313975192000675,526
1786313975197025542,525
1786313975202920563,524
1786313975208340703,522
1786313975212960360,521
1786313975217996338,518
1786313975223990895,516
1786313975229037310,513
1786313975233920665,511
1786313975239094442,507
1786313975244990630,504
1786313975249988162,501
1786313975255128915,498
1786313975260014548,494
1786313975265960694,489
1786313975271134228,486
1786313975276261522,482
1786313975281892245,480
1786313975287731899,476
1786313975292500009,473
1786313975296918455,470
1786313975303388905,467
1786313975308243571,464
1786313975312971609,463
1786313975317916014,460
1786313975324011843,458
1786313975329002329,456
1786313975333936084,455
1786313975339029930,454
1786313975344981150,453
1786313975350094150,453
1786313975354992798,452
1786313975359961663,452
1786313975366100121,451
1786313975371096650,451
1786313975376074867,452
1786313975381067097,452
1786313975386938703,451
1786313975391982949,452
1786313975396990325,452
1786313975401996364,453
1786313975408078439,453
1786313975413149044,455
1786313975417938592,456
1786313975423062221,457
1786313975428992563,458
1786313975433919596,459
1786313975439137540,461
1786313975443937049,462
1786313975449947798,463
1786313975455004907,464
1786313975459934767,465
1786313975465966637,466
1786313975471010105,467
1786313975476040415,468
1786313975481048215,468
1786313975487040565,469
1786313975492010258,469
1786313975496963114,470
1786313975502009545,469
1786313975508002395,468
1786313975513109710,467
1786313975517906556,466
1786313975523007846,464
1786313975529007190,463
1786313975533976130,462
1786313975539003597,460
1786313975544107840,458
1786313975550027477,456
1786313975555131978,454
1786313975559924927,453
1786313975565417667,452
1786313975571655649,450
1786313975576139289,448
1786313975580918070,447
1786313975586732395,445
1786313975591961867,444
1786313975596966080,443
1786313975601965954,442
1786313975607184641,441
1786313975613286229,440
1786313975619239440,440
1786313975623126777,441
1786313975628036476,443
1786313975634793108,446
1786313975639696674,450
1786313975644260140,455
1786313975650169310,462
1786313975655156076,470
1786313975660314018,481
1786313975665238887,492
1786313975671437832,505
1786313975676000068,519
1786313975681187386,534
1786313975686825843,549
1786313975692254629,567
1786313975697093549,584
1786313975701961459,601
1786313975707001180,618
1786313975713170852,636
1786313975718008382,652
1786313975723417167,667
1786313975728108535,680
1786313975734319843,692
1786313975739314674,703
1786313975744116335,710
1786313975749087949,717
1786313975755036589,722
1786313975760010133,724
1786313975765008831,725
1786313975769933404,725
1786313975775933399,722
1786313975780963620,719
1786313975785978160,713
1786313975790964192,706
1786313975796951398,698
1786313975802399794,688
1786313975806993920,677
1786313975811932858,666
1786313975817877654,653
1786313975823200042,639
1786313975827918457,623
1786313975833941406,608
1786313975838979118,593
1786313975844056248,576
1786313975849038062,562
1786313975855098102,547
1786313975860077608,532
1786313975864974380,518
1786313975870723399,506
1786313975875951374,494
1786313975881007106,484
1786313975885966477,475
1786313975891051668,467
1786313975896973442,461
1786313975901910729,456
1786313975907404517,451
1786313975911959859,449
1786313975918409682,448
1786313975923065101,448
1786313975927943135,448
1786313975932929423,450
1786313975939041466,453
1786313975943941158,456
1786313975949032815,460
1786313975954220678,464
1786313975960197040,469
1786313975965346369,474
1786313975969970436,480
1786313975974931407,486
1786313975980994274,491
1786313975986051599,496
1786313975990995935,502
1786313975996176364,506
1786313976003576201,510
1786313976007056809,513
1786313976011922066,516
1786313976017949171,518
1786313976022966780,521
1786313976028120186,522
1786313976032932558,523
1786313976039143299,524
1786313976044014589,524
1786313976048990168,523
1786313976054012687,523
1786313976060226872,521
1786313976065693450,519
1786313976070055731,516
1786313976075248693,514
1786313976080997269,511
1786313976086000635,507
1786313976091045438,504
1786313976095946402,501
1786313976101919091,497
1786313976106974604,493
1786313976111996809,490
1786313976117011631,486
1786313976123032524,482
1786313976127965113,478
1786313976132929377,475
1786313976138622358,471
1786313976144406368,468
1786313976149261253,465
1786313976155377592,462
1786313976159381290,460
1786313976165294910,458
1786313976169955665,457
1786313976175088253,455
1786313976180026188,453
1786313976185966962,451
1786313976191005851,449
1786313976195985312,449
1786313976201946744,447
1786313976206951593,446
1786313976211987447,445
1786313976216904163,445
1786313976223239107,444
1786313976227969040,443
1786313976232964655,443
1786313976238069754,443
1786313976244023452,441
1786313976249226389,441
1786313976254720969,441
1786313976258999152,441
1786313976264930130,441
1786313976270034633,441
1786313976275587266,442
1786313976280071433,443
1786313976285948357,444
1786313976291610019,444
1786313976296523095,444
1786313976300887583,444
1786313976306999653,445
1786313976311982518,445
1786313976316946960,445
1786313976322006056,445
1786313976327932369,445
1786313976332975366,445
1786313976338152117,445
1786313976343423406,444
1786313976348983542,444
1786313976354232034,443
1786313976359160318,443
1786313976363969469,443
1786313976370252354,442
1786313976375049826,442
1786313976380008749,441
1786313976384912807,441
1786313976391534913,440
1786313976396436735,441
1786313976402275692,441
1786313976406930711,441
1786313976411963473,441
1786313976417357598,441
1786313976421987576,440
1786313976427992780,441
1786313976432997196,441
1786313976438354540,443
1786313976443365195,445
1786313976449377251,448
1786313976454053668,452
1786313976459361143,458
1786313976464161073,466
1786313976470227812,475
1786313976475347853,486
1786313976479949315,499
1786313976484958745,515
1786313976490987128,532
1786313976495943470,551
1786313976501008336,571
1786313976506022718,591
1786313976511948054,612
1786313976516941953,635
1786313976521906977,656
1786313976526917662,676
1786313976532970368,696
1786313976537974259,715
1786313976543039639,732
1786313976547956219,748
1786313976554065856,761
1786313976558983864,773
1786313976563969171,782
1786313976568973802,789
1786313976574975643,795
1786313976579933378,798
1786313976584970973,799
1786313976590980144,798
1786313976595984373,795
1786313976600936295,790
1786313976605942890,784
1786313976611966749,776
1786313976616942804,767
1786313976621941940,756
1786313976626953913,744
1786313976632952519,731
1786313976637930011,716
1786313976642942578,701
1786313976647934772,685
1786313976653993977,669
1786313976658925627,652
1786313976663960196,636
1786313976668922062,619
1786313976674941503,602
1786313976679942919,586
1786313976684928617,570
1786313976689942348,555
1786313976695940506,541
1786313976700944111,528
1786313976705932609,516
1786313976710939427,506
1786313976716955433,497
1786313976721930120,489
1786313976726917387,484
1786313976731936305,479
1786313976737928504,476
1786313976742937183,474
1786313976747945620,473
1786313976753862775,474
1786313976758925572,475
1786313976763960911,477
1786313976771211237,479
1786313976774985143,483
1786313976779981234,487
1786313976784958461,492
1786313976789976893,496
1786313976796538315,501
1786313976801005013,506
1786313976805970344,511
1786313976810975418,516
1786313976817586397,520
1786313976821958667,524
1786313976827016678,527
1786313976831972705,531
1786313976837966662,534
1786313976843437243,536
1786313976847964405,537
1786313976854134921,539
1786313976858956091,539
1786313976863969165,538
1786313976868945559,538
1786313976873967955,536
1786313976879986480,535
1786313976885221138,532
1786313976889962467,529
1786313976894950839,527
1786313976900959131,523
1786313976905962430,519
1786313976910959058,515
1786313976915948499,511
1786313976921960439,507
1786313976926928774,502
1786313976931921510,498
1786313976936969313,494
1786313976942919668,489
1786313976947940335,486
1786313976952932588,481
1786313976958920661,477
1786313976963952345,474
1786313976968916498,471
1786313976974081212,468
1786313976979979070,464
1786313976985097876,461
1786313976989950428,458
1786313976994977789,456
1786313977000930663,453
1786313977005930740,451
1786313977010947834,449
1786313977015920780,448
1786313977021988861,446
1786313977026951963,445
1786313977031935111,444
1786313977036956353,443
1786313977042944146,442
1786313977047925463,441
1786313977052935988,441
1786313977057936244,441
1786313977063938370,440
1786313977068922137,440
1786313977073938126,440
1786313977078927115,440
1786313977084963659,440
1786313977089925384,439
1786313977094911253,440
1786313977099950607,440
1786313977105922422,439
1786313977110921388,439
1786313977115979884,440
1786313977120960037,440
1786313977126996812,442
1786313977131917859,441
1786313977136942282,442
1786313977142935085,442
1786313977147931827,443
1786313977152923935,443
1786313977157980587,443
1786313977163940789,443
1786313977168919162,443
1786313977174021983,443
1786313977178950213,444
1786313977184936540,444
1786313977189918304,444
1786313977195028428,445
1786313977200030927,444
1786313977205966197,445
1786313977211032765,445
1786313977216024642,444
1786313977220940379,444
1786313977227191808,443
1786313977232191507,443
1786313977237632261,443
1786313977242190361,442
1786313977248193691,441
1786313977252975411,441
1786313977258106154,441
1786313977263231579,440
1786313977269228039,440
1786313977274205867,439
1786313977279197954,440
1786313977284193936,441
1786313977290036673,443
1786313977295039050,446
1786313977300195567,450
1786313977304964393,455
1786313977311200542,462
1786313977316196432,471
1786313977321857560,481
1786313977325990800,494
1786313977333140309,508
1786313977336897441,524
1786313977342273685,542
1786313977348376123,561
1786313977352935857,581
1786313977357954733,603
1786313977363297589,624
1786313977369045326,646
1786313977374077963,667
1786313977379027324,688
1786313977384087504,707
1786313977390026569,725
1786313977395006808,742
1786313977400040722,757
1786313977405073437,770
1786313977411095551,781
1786313977416221697,791
1786313977420960324,798
1786313977425950954,801
1786313977431898959,802
1786313977436992987,802
1786313977441959636,798
1786313977447158210,793
1786313977452999069,786
1786313977458170090,778
1786313977463139555,767
1786313977467899777,756
1786313977473986711,743
1786313977479213543,730
1786313977484199557,716
1786313977489099341,701
1786313977495197745,686
1786313977500197515,669
1786313977505076932,653
1786313977511124890,637
1786313977516172987,620
1786313977520992440,604
1786313977526009801,587
1786313977532000779,571
1786313977536970820,556
1786313977541998207,541
1786313977547202579,529
1786313977552945630,516
1786313977558120507,505
1786313977563220318,496
1786313977567923680,487
1786313977573929877,481
1786313977579207225,476
1786313977584160388,473
1786313977589180901,470
1786313977595199406,470
1786313977600216696,471
1786313977604964087,473
1786313977610192170,476
1786313977616202251,480
1786313977620952684,484
1786313977626196829,488
1786313977631200046,493
1786313977637053706,498
1786313977642178785,503
1786313977647075572,508
1786313977651958186,513
1786313977658185218,517
1786313977663085448,521
1786313977667909814,525
1786313977673093753,529
1786313977679220739,532
1786313977684182588,534
1786313977689074467,536
1786313977695205722,537
1786313977700207702,538
1786313977705093103,538
1786313977710221840,538
1786313977716209404,538
1786313977721183800,536
1786313977726201556,534
1786313977731093944,531
1786313977737059456,528
1786313977742195721,525
1786313977747187266,521
1786313977752650458,517
1786313977758185390,513
1786313977763204820,509
1786313977767993275,504
1786313977772998639,499
1786313977779197391,494
1786313977784058220,489
1786313977789185920,485
1786313977794217704,481
1786313977800206866,477
1786313977805001775,473
1786313977809994865,469
1786313977815006868,466
1786313977821191980,463
1786313977826217234,461
1786313977831200832,458
1786313977835933092,456
1786313977842006044,454
1786313977846979768,452
1786313977852023152,450
1786313977858107858,448
1786313977863115741,446
1786313977867997554,445
1786313977872984767,443
1786313977879159822,442
1786313977884134391,440
1786313977888973551,438
1786313977893938123,437
1786313977900035637,436
1786313977904974969,435
1786313977910025020,434
1786313977915229682,434
1786313977920973485,433
1786313977926253186,433
1786313977931283508,432
1786313977935972854,432
1786313977942270566,432
1786313977947413078,431
1786313977951968795,431
1786313977957246343,431
1786313977963284478,431
1786313977967930102,431
1786313977973332871,431
1786313977978093167,431
1786313977984361937,431
1786313977989144395,431
1786313977994094805,432
1786313977999034650,431
1786313978005184765,432
1786313978009976488,433
1786313978014958575,434
1786313978019987109,434
1786313978025918736,435
1786313978031149697,436
1786313978036064089,437
1786313978041963378,438
1786313978047178690,438
1786313978052083058,439
1786313978057091409,440
1786313978063244759,440
1786313978067909097,441
1786313978073050922,442
1786313978078204900,443
1786313978083912294,444
1786313978089014671,444
1786313978094166272,444
1786313978099206624,444
1786313978104974402,444
1786313978110088991,444
1786313978115179830,445
1786313978120074102,445
1786313978126182955,445
1786313978131174326,446
1786313978136107016,447
1786313978141177428,448
1786313978146903005,448
1786313978151939346,448
1786313978157108117,449
1786313978162199323,449
1786313978167910680,449
1786313978173174889,449
1786313978178185869,450
1786313978183045550,450
1786313978188987657,450
1786313978194094026,450
1786313978199155531,449
1786313978203981851,448
1786313978210068968,448
1786313978215073915,447
1786313978220064606,445
1786313978226299370,443
1786313978231194108,442
1786313978236058454,441
1786313978241201827,440
1786313978247205733,438
1786313978251983792,437
1786313978257060705,436
1786313978262059054,435
1786313978268191488,433
1786313978273192722,430
1786313978278083470,429
1786313978282942353,426
1786313978289074363,424
1786313978294197546,423
1786313978299207199,422
1786313978304029386,421
1786313978310210128,422
1786313978315070418,425
1786313978319951002,429
1786313978325076827,436
1786313978331019286,446
1786313978337352487,457
1786313978340960218,471
1786313978346033934,489
1786313978352150974,507
1786313978357009886,528
1786313978362033629,550
1786313978366913832,573
1786313978372973213,596
1786313978377958844,620
1786313978383074362,645
1786313978388138186,668
1786313978394177021,691
1786313978398957913,713
1786313978403975480,733
1786313978410119014,751
1786313978414909251,767
1786313978420040339,781
1786313978425109139,793
1786313978431029180,802
1786313978436054729,810
1786313978441006426,814
1786313978446030216,816
1786313978451993679,815
1786313978456911937,812
1786313978462049582,807
1786313978467059031,800
1786313978472957891,791
1786313978477924441,780
1786313978482917672,767
1786313978487971986,753
1786313978493928054,738
1786313978498916981,722
1786313978503973916,705
1786313978508924376,688
1786313978515023511,670
1786313978519970180,652
1786313978525050153,633
1786313978530024835,615
1786313978535944408,597
1786313978540924172,580
1786313978545921430,562
1786313978550938431,546
1786313978556931514,531
1786313978562035431,517
1786313978566885944,504
1786313978571881639,493
1786313978578002238,484
1786313978582950444,478
1786313978588020966,472
1786313978594013872,468
1786313978598998171,465
1786313978603898004,464
1786313978609003705,464
1786313978615164614,465
1786313978620002363,468
1786313978625249435,470
1786313978630182050,474
1786313978636000167,478
1786313978641187054,483
1786313978646182138,488
1786313978650914600,493
1786313978657071981,498
1786313978662197837,504
1786313978666935794,510
1786313978672175932,515
1786313978678109351,521
1786313978683134249,526
1786313978688138584,530
1786313978693193942,533
1786313978699194376,536
1786313978703972263,538
1786313978709188874,538
1786313978714195760,539
1786313978720038209,539
1786313978725023568,537
1786313978729905958,536
1786313978735013072,534
1786313978740953506,532
1786313978746180701,529
1786313978751060984,527
1786313978756007121,524
1786313978762188417,520
1786313978766960086,515
1786313978772132459,510
1786313978778222278,506
1786313978782962781,502
1786313978787958134,497
1786313978792954593,493
1786313978799054554,490
1786313978803949802,485
1786313978808948396,482
1786313978813974782,478
1786313978820292081,475
1786313978825113120,472
1786313978830908339,469
1786313978834968274,466
1786313978841447517,463
1786313978846414723,460
1786313978851772609,457
1786313978856173323,455
1786313978861970338,453
1786313978866920068,451
1786313978872057963,449
1786313978876931241,447
1786313978882918252,445
1786313978887956204,443
1786313978892963341,441
1786313978897954924,440
1786313978903954226,438
1786313978908996590,437
1786313978914148925,436
1786313978919134735,435
1786313978925002920,433
1786313978930746226,433
1786313978935076526,432
1786313978940200011,431
1786313978946214213,431
1786313978950938748,431
1786313978955949349,432
1786313978961831219,431
1786313978966903232,431
1786313978972235153,431
1786313978976906083,431
1786313978983014781,430
1786313978987879522,430
1786313978992959599,430
1786313978997999214,429
1786313979003928440,429
1786313979009165865,428
1786313979014170297,428
1786313979018933052,428
1786313979024923920,428
1786313979030024415,427
1786313979034928253,428
1786313979039922848,429
1786313979045994088,429
1786313979050943311,429
1786313979055875294,430
1786313979060860597,431
1786313979066917321,431
1786313979072006403,430
1786313979077006744,431
1786313979082043148,431
1786313979088038418,431
1786313979093162511,432
1786313979098064666,431
1786313979103096685,431
1786313979109053809,430
1786313979114084419,430
1786313979119077078,430
1786313979124049144,430
1786313979130081175,429
1786313979135051467,429
1786313979140052745,428
1786313979145954375,428
1786313979150921884,428
1786313979155875403,428
1786313979160863857,427
1786313979166943770,426
1786313979171930729,426
1786313979176928988,425
1786313979182053905,426
1786313979188042816,426
1786313979193027617,426
1786313979198040928,427
1786313979203038773,427
1786313979209030286,427
1786313979214032496,428
1786313979218937550,428
1786313979224066195,428
1786313979230048522,429
1786313979234938161,429
1786313979240038424,430
1786313979245455742,430
1786313979250934627,430
1786313979256023121,430
1786313979261187686,430
1786313979266109192,430
1786313979272143332,430
1786313979277186527,430
1786313979282064761,429
1786313979286988532,429
1786313979293179233,427
1786313979298062023,425
1786313979302897237,424
1786313979308185479,423
1786313979314122651,422
1786313979318990818,421
1786313979324199544,420
1786313979329913602,420
1786313979334954642,420
1786313979340113459,421
1786313979345182513,421
1786313979350971873,421
1786313979356019757,422
1786313979361066789,421
1786313979365979832,422
1786313979372179753,423
1786313979376952365,423
1786313979381973716,423
1786313979386932734,424
1786313979392915201,425
1786313979398833295,426
1786313979403106859,429
1786313979408125477,432
1786313979414073093,437
1786313979419066329,443
1786313979424169582,451
1786313979428962405,461
1786313979435004042,473
1786313979439990228,487
1786313979445051946,502
1786313979449959221,520
1786313979455910253,538
1786313979460977981,558
1786313979466003875,579
1786313979471032627,600
1786313979476956507,622
1786313979482166625,644
1786313979486999892,665
1786313979491986262,684
1786313979499430207,703
1786313979502989748,718
1786313979508182901,733
1786313979513959507,746
1786313979518935033,756
1786313979524160552,764
1786313979528902061,770
1786313979534989511,774
1786313979540154577,776
1786313979544941561,775
1786313979549954745,773
1786313979556204269,768
1786313979561174672,761
1786313979565960590,753
1786313979570955539,743
1786313979577149657,732
1786313979582042716,719
1786313979587029576,705
1786313979592033567,690
1786313979598151750,675
1786313979603038661,658
1786313979608208968,641
1786313979613077570,623
1786313979619026209,606
1786313979624144031,588
1786313979629048120,571
1786313979634001555,554
1786313979640031151,537
1786313979644945611,523
1786313979650036950,508
1786313979655026756,496
1786313979661023768,485
1786313979665905581,475
1786313979671032567,467
1786313979676195553,461
1786313979682102209,456
1786313979687035548,452
1786313979692192283,450
1786313979698117082,449
1786313979703041230,450
1786313979708190507,451
1786313979713064737,454
1786313979719123675,457
1786313979724181850,461
1786313979728950004,465
1786313979733998198,471
1786313979740065251,477
1786313979745205644,483
1786313979750097082,488
1786313979755198087,494
1786313979761193579,499
1786313979765903631,504
1786313979771037058,509
1786313979776193930,515
1786313979782184940,519
1786313979787039301,523
1786313979792208763,527
1786313979797077611,529
1786313979803034116,531
1786313979808201153,532
1786313979813184851,533
1786313979818038019,533
1786313979824062952,532
1786313979828962352,531
1786313979834028624,529
1786313979839033356,527
1786313979845058051,525
1786313979850085296,522
1786313979855194235,519
1786313979860193539,515
1786313979865944805,511
1786313979871110119,507
1786313979876130627,503
1786313979881823594,499
1786313979887050660,494
1786313979892049635,491
1786313979897058492,487
1786313979903033691,482
1786313979908191062,479
1786313979913162556,475
1786313979918025224,471
1786313979924063896,468
1786313979928964947,465
1786313979933932890,462
1786313979939076266,459
1786313979945038942,457
1786313979949979278,454
1786313979954967750,452
1786313979960001302,450
1786313979965962091,447
1786313979970931211,445
1786313979975891963,444
1786313979981010035,442
1786313979986937820,440
1786313979991922720,438
1786313979996903336,437
1786313980002098397,436
1786313980007939774,434
1786313980013058820,433
1786313980018036413,432
1786313980023023739,431
1786313980029021045,431
1786313980033958582,430
1786313980038917710,430
1786313980043920299,430
1786313980049952949,430
1786313980054930208,430
1786313980059927237,430
1786313980064894079,429
1786313980070925856,429
1786313980075918280,430
1786313980081034343,430
1786313980086924637,430
1786313980091917611,430
1786313980096860932,431
1786313980101966395,432
1786313980107966341,432
1786313980112898534,434
1786313980117976682,435
1786313980123049941,436
1786313980129051016,437
1786313980133941038,439
1786313980139061009,441
1786313980144049618,442
1786313980149959638,444
1786313980155067673,445
1786313980160042400,446
1786313980165035785,447
1786313980170984241,448
1786313980176195982,448
1786313980180960664,448
1786313980186018457,449
1786313980192038048,449
1786313980196973916,450
1786313980201965770,450
1786313980207192158,451
1786313980212959789,451
1786313980217913368,451
1786313980223183551,451
1786313980228199989,452
1786313980234003661,452
1786313980239162290,452
1786313980244188064,452
1786313980249956252,451
1786313980255184263,450
1786313980260181352,449
1786313980265041475,449
1786313980270990359,448
1786313980276181812,447
1786313980281037265,446
1786313980286034175,446
1786313980292192339,445
1786313980297666631,444
1786313980302038519,443
1786313980307204262,441
1786313980313204405,438
1786313980317999559,437
1786313980323018390,435
1786313980328206801,433
1786313980334157175,432
1786313980339138983,430
1786313980344193258,428
1786313980349374784,428
1786313980354991940,427
1786313980359997882,426
1786313980364985598,425
1786313980369990779,425
1786313980376062822,425
1786313980380957296,426
1786313980385996451,427
1786313980391193561,429
1786313980397080293,432
1786313980402009882,436
1786313980407034865,441
1786313980412187541,448
1786313980418027029,456
1786313980423034574,465
1786313980428205946,477
1786313980434016918,489
1786313980439071602,503
1786313980444214785,517
1786313980448991370,533
1786313980455106002,550
1786313980460026481,567
1786313980464945317,585
1786313980470002916,602
1786313980476033805,620
1786313980481081350,636
1786313980485964605,651
1786313980491208748,665
1786313980496924695,678
1786313980501989799,688
1786313980507026641,696
1786313980512022921,703
1786313980517965275,708
1786313980523021226,711
1786313980528025178,713
1786313980532898004,713
1786313980539145767,710
1786313980544208612,706
1786313980549018759,700
1786313980554135193,693
1786313980559952073,685
1786313980564928218,675
1786313980569908885,663
1786313980575197005,650
1786313980581033227,636
1786313980586050780,621
1786313980591183667,606
1786313980596142442,590
1786313980601935380,575
1786313980607141372,560
1786313980612159780,545
1786313980617910523,529
1786313980622873523,516
1786313980627868136,502
1786313980632925535,489
1786313980639008066,478
1786313980644222496,468
1786313980649031699,460
1786313980653939478,453
1786313980660170409,448
1786313980664942570,443
1786313980669969922,440
1786313980674952616,439
1786313980680900403,439
1786313980685905995,440
1786313980691155098,442
1786313980696184210,445
1786313980702116231,449
1786313980706990063,454
1786313980711988255,459
1786313980716954066,464
1786313980723044374,470
1786313980728060725,477
1786313980733092826,483
1786313980738081095,489
1786313980744172122,494
1786313980748915748,498
1786313980754061663,503
1786313980759172889,507
1786313980764942376,510
1786313980769956820,513
1786313980775029065,515
1786313980780189752,517
1786313980786003074,518
1786313980790981459,519
1786313980796191008,520
1786313980802141691,520
1786313980806938490,519
1786313980812201349,518
1786313980817346185,516
1786313980822939748,513
1786313980828029517,511
1786313980833120908,508
1786313980838038518,504
1786313980845837661,500
1786313980849043201,497
1786313980853978009,493
1786313980861009245,490
1786313980865033556,487
1786313980870147705,483
1786313980874976566,480
1786313980879934720,476
1786313980885903561,473
1786313980891109492,470
1786313980896185576,467
1786313980900981612,464
1786313980906925288,461
1786313980911894189,458
1786313980917388099,456
1786313980922016691,453
1786313980927993122,451
1786313980933255638,449
1786313980937993508,448
1786313980942969220,448
1786313980949686414,447
1786313980953960819,445
1786313980959212667,445
1786313980964845003,445
1786313980969908421,444
1786313980975118374,445
1786313980980135628,444
1786313980986082307,443
1786313980991412190,442
1786313980995952747,442
1786313981002524968,440
1786313981007355580,440
1786313981011899656,439
1786313981017608432,438
1786313981021931707,438
1786313981028696178,437
1786313981033378376,437
1786313981038220339,437
1786313981043056065,437
1786313981048959528,437
1786313981053946626,437
1786313981058940859,438
1786313981063943501,438
1786313981069989449,439
1786313981074993644,440
1786313981079968482,440
1786313981085026325,440
1786313981090995477,442
1786313981095998885,443
1786313981101041042,443
1786313981106010773,444
1786313981112034826,445
1786313981116991576,445
1786313981121991652,445
1786313981127189529,446
1786313981132970469,446
1786313981138050962,447
1786313981143043795,448
1786313981149010927,448
1786313981154008186,449
1786313981159004032,449
1786313981163998750,449
1786313981169881722,450
1786313981174972447,450
1786313981179986450,450
1786313981185126202,449
1786313981190999257,449
1786313981195992441,448
1786313981200886032,447
1786313981205860863,446
1786313981211869975,445
1786313981217095523,444
1786313981221960885,443
1786313981227023016,442
1786313981233147486,441
1786313981238024668,441
1786313981243022583,439
1786313981247915811,439
1786313981254037595,438
1786313981259028144,438
1786313981264086426,437
1786313981268944874,437
1786313981275039297,437
1786313981279970885,439
1786313981284983189,441
1786313981290045749,445
1786313981296186060,449
1786313981301063843,455
1786313981306051555,464
1786313981311062957,474
1786313981317027628,486
1786313981322190248,500
1786313981327192338,515
1786313981331932630,532
1786313981338063398,551
1786313981343206334,570
1786313981347947860,590
1786313981354042574,610
1786313981359207635,631
1786313981364039162,652
1786313981369138711,672
1786313981375190549,692
1786313981380113737,710
1786313981385205213,726
1786313981390201891,740
1786313981396205371,752
1786313981401138523,763
1786313981406206605,771
1786313981411203072,777
1786313981417204282,781
1786313981422203816,783
1786313981427211204,782
1786313981431970319,779
1786313981438034004,774
1786313981443208761,767
1786313981447963760,759
1786313981452952678,750
1786313981459176721,740
1786313981463954290,728
1786313981468961307,716
1786313981474061826,702
1786313981480040570,688
1786313981485035023,673
1786313981490019713,658
1786313981495023516,641
1786313981501024980,625
1786313981505932110,608
1786313981511025028,592
1786313981516853052,576
1786313981522103041,561
1786313981526919822,546
1786313981532062126,532
1786313981538068895,520
1786313981543025072,508
1786313981548196265,498
1786313981553160858,490
1786313981559463783,483
1786313981563908252,477
1786313981569096887,474
1786313981573940289,471
1786313981579944897,470
1786313981585586271,469
1786313981589948025,470
1786313981595358991,471
1786313981600998773,474
1786313981605913161,476
1786313981611450457,480
1786313981616048327,486
1786313981621898414,491
1786313981627358551,496
1786313981631986553,502
1786313981637070477,507
1786313981643324106,512
1786313981648521311,518
1786313981653270399,523
1786313981657956783,528
1786313981663918844,532
1786313981669003890,536
1786313981674009977,540
1786313981678946463,542
1786313981684892874,544
1786313981689951775,545
1786313981694995969,545
1786313981700871375,544
1786313981705964698,544
1786313981710954041,542
1786313981716018878,540
1786313981722017687,537
1786313981726929241,534
1786313981731948325,532
1786313981736917746,529
1786313981743036008,526
1786313981748138209,523
1786313981753034601,520
1786313981757990319,516
1786313981763955449,512
1786313981769022225,508
1786313981774026120,504
1786313981778931743,499
1786313981784940505,496
1786313981789917291,493
1786313981795055426,490
1786313981800023903,486
1786313981806018223,483
1786313981811052537,480
1786313981815897424,477
1786313981821054437,474
1786313981827036669,471
1786313981832031697,468
1786313981837184110,465
1786313981841920276,462
1786313981848053582,459
1786313981853099678,456
1786313981858085390,454
1786313981863114904,452
1786313981868985194,450
1786313981873981144,448
1786313981879180904,447
1786313981884996239,445
1786313981889974852,445
1786313981895109377,444
1786313981899981809,443
1786313981905984350,442
1786313981911027170,441
1786313981915986705,442
1786313981921166683,441
1786313981927187769,441
1786313981932003653,441
1786313981936983297,440
1786313981941979967,440
1786313981947989131,440
1786313981953046692,441
1786313981958051355,442
1786313981962948160,442
1786313981969016098,444
1786313981974016533,444
1786313981979079015,445
1786313981984169960,445
1786313981990035084,446
1786313981994969159,447
1786313981999888838,448
1786313982005105415,449
1786313982010958961,450
1786313982015932598,451
1786313982020916817,452
1786313982026121461,453
1786313982031919472,453
1786313982037009680,454
1786313982042023625,455
1786313982046985722,454
1786313982052952549,455
1786313982057904081,456
1786313982062918371,455
1786313982068838054,456
1786313982073960654,456
1786313982079053007,456
1786313982083936617,455
1786313982089958987,455
1786313982095056098,455
1786313982099940330,454
1786313982104881870,454
1786313982111005013,453
1786313982115897281,452
1786313982121062847,450
1786313982125935680,448
1786313982132042107,447
1786313982137016087,446
1786313982142013135,445
1786313982146954623,441
1786313982153040391,442
1786313982158020721,441
1786313982163032823,441
1786313982167927355,443
1786313982174019252,447
1786313982178928790,451
1786313982184186989,456
1786313982189179236,464
1786313982195065140,474
1786313982199898305,484
1786313982205171050,497
1786313982210098027,511
1786313982215986677,527
1786313982221110669,544
1786313982225925322,562
1786313982230997073,582
1786313982237024409,601
1786313982242002026,621
1786313982246925080,641
1786313982253166670,661
1786313982258200834,680
1786313982263192125,698
1786313982268059102,715
1786313982274168212,730
1786313982278862433,743
1786313982284161457,754
1786313982289140804,763
1786313982295105305,769
1786313982299983655,773
1786313982305177577,775
1786313982310763878,776
1786313982315906783,774
1786313982321374214,771
1786313982325930127,766
1786313982330988184,759
1786313982337176961,751
1786313982341976364,741
1786313982346978461,729
1786313982352138775,716
1786313982358116811,703
1786313982362985745,689
1786313982368130559,674
1786313982372942312,659
1786313982379827172,644
1786313982383906555,627
1786313982389143307,611
1786313982394098729,595
1786313982400035340,580
1786313982404890147,564
1786313982409944008,550
1786313982415143639,537
1786313982421047963,523
1786313982426440915,511
1786313982430892685,501
1786313982437178231,493
1786313982441912645,485
1786313982446922196,479
1786313982451980090,474
1786313982457909596,471
1786313982463090059,468
1786313982467957872,467
1786313982472888040,467
1786313982479071678,468
1786313982483913761,470
1786313982488893440,474
1786313982493997951,478
1786313982499980878,482
1786313982505095818,487
1786313982509925139,493
1786313982514999373,498
1786313982521112375,503
1786313982526800241,509
1786313982530914501,513
1786313982536166745,518
1786313982541960255,522
1786313982546957841,526
1786313982552018253,531
1786313982557200576,534
1786313982563000781,537
1786313982567880956,539
1786313982572998042,541
1786313982578150804,542
1786313982584018474,542
1786313982589030926,542
1786313982594056580,541
1786313982598912275,539
1786313982604950787,536
1786313982609922112,534
1786313982615047632,530
1786313982621039918,526
1786313982625899705,522
1786313982630960142,518
1786313982636017272,514
1786313982642035120,509
1786313982647153582,504
1786313982651964621,501
1786313982657040549,497
1786313982662966188,492
1786313982668013509,489
1786313982673016095,485
1786313982677971185,481
1786313982683894023,477
1786313982689013903,474
1786313982693953111,470
1786313982699031741,467
1786313982705053192,464
1786313982710030956,461
1786313982714940421,459
1786313982720186867,456
1786313982725965811,454
1786313982730986865,452
1786313982736055394,451
1786313982741021384,449
1786313982747073125,448
1786313982752029633,446
1786313982757022726,445
1786313982762048557,443
1786313982768037862,442
1786313982773021164,441
1786313982778052849,441
1786313982784050663,440
1786313982788978670,440
1786313982794170447,439
1786313982799030631,438
1786313982805167784,437
1786313982810070810,437
1786313982815018679,437
1786313982820112242,437
1786313982826062304,437
1786313982830911009,437
1786313982835981030,438
1786313982840961516,439
1786313982847120092,439
1786313982852022956,439
1786313982856941729,440
1786313982861902918,441
1786313982868061819,442
1786313982873017377,443
1786313982878180083,443
1786313982882906064,445
1786313982889015516,447
1786313982894039922,448
1786313982899050222,450
1786313982904181780,452
1786313982910124440,454
1786313982915131161,456
1786313982920103533,456
1786313982924877411,458
1786313982930996836,459
1786313982935898576,460
1786313982941199027,460
1786313982945924497,461
1786313982952048562,461
1786313982957201190,462
1786313982962122256,462
1786313982968023952,461
1786313982972949716,461
1786313982978075626,460
1786313982982982143,460
1786313982989050430,459
1786313982994065493,459
1786313982999027588,458
1786313983004546060,458
1786313983010081789,457
1786313983014919050,456
1786313983020081689,454
1786313983025006654,453
1786313983031078094,453
1786313983035940055,452
1786313983040961024,450
1786313983045983334,449
1786313983051930720,448
1786313983057021563,446
1786313983061912564,446
1786313983066984379,446
1786313983073184436,446
1786313983078065241,447
1786313983082930001,449
1786313983088187840,452
1786313983094044106,457
1786313983098989745,463
1786313983104015432,471
1786313983108963680,482
1786313983114988936,495
1786313983120170681,509
1786313983124920205,525
1786313983129957557,542
1786313983135988639,561
1786313983141018131,580
1786313983145906842,600
1786313983151981924,619
1786313983156979283,639
1786313983161948896,658
1786313983166984859,676
1786313983172985916,694
1786313983178160538,710
1786313983183015269,725
1786313983188168096,737
1786313983194148318,749
1786313983199014067,759
1786313983204021919,766
1786313983209055250,771
1786313983214977779,774
1786313983220057182,774
1786313983225186906,773
1786313983229889595,770
1786313983236016658,765
1786313983241185531,759
1786313983246016207,751
1786313983251009570,741
1786313983257042521,730
1786313983262016369,717
1786313983267076288,703
1786313983272103741,689
1786313983278020301,674
1786313983282885618,659
1786313983288169000,643
1786313983292944209,626
1786313983299015674,610
1786313983304161877,592
1786313983308925396,576
1786313983313973989,560
1786313983320013796,544
1786313983325023245,531
1786313983330138253,518
1786313983335989453,506
1786313983341190996,496
1786313983345981958,486
1786313983350990601,478
1786313983357208504,471
1786313983362076883,467
1786313983367165060,464
1786313983372190068,463
1786313983378098609,463
1786313983382990370,464
1786313983388182363,465
1786313983393118431,468
1786313983398988843,472
1786313983404187318,477
1786313983409188666,482
1786313983414009894,487
1786313983420182465,493
1786313983425189401,498
1786313983429931815,504
1786313983434965087,510
1786313983441174404,515
1786313983445919959,520
1786313983450983280,524
1786313983455990424,529
1786313983461949328,532
1786313983466895445,535
1786313983472152553,538
1786313983476895742,540
1786313983483025403,541
1786313983488047951,542
1786313983493008279,542
1786313983498964234,541
1786313983504063941,539
1786313983509026755,536
1786313983514047956,534
1786313983520055762,530
1786313983525026050,527
1786313983530048204,523
1786313983535026397,520
1786313983541024672,515
1786313983546019022,511
1786313983551024206,506
1786313983556193145,502
1786313983562674413,497
1786313983566975102,493
1786313983572038026,488
1786313983576947650,485
1786313983583027875,480
1786313983588180162,477
1786313983593017153,473
1786313983598024186,469
1786313983604021566,466
1786313983609055347,462
1786313983614042983,459
1786313983619054123,456
1786313983625055543,453
1786313983630024189,451
1786313983635022558,448
1786313983640010896,446
1786313983646020181,444
1786313983651023505,442
1786313983656054907,441
1786313983660950906,440
1786313983667119250,438
1786313983672184997,437
1786313983677670378,436
1786313983683104484,435
1786313983688203031,434
1786313983693187837,433
1786313983697886071,432
1786313983704014271,431
1786313983709014654,431
1786313983713999157,430
1786313983719021310,430
1786313983725019384,429
1786313983730838073,429
1786313983735184300,429
1786313983740206262,429
1786313983746180730,429
1786313983751179031,429
1786313983756189867,430
1786313983760935468,430
1786313983767006829,430
1786313983771959032,431
1786313983777170140,431
1786313983781977404,432
1786313983787982487,432
1786313983793155940,434
1786313983797962098,435
1786313983803009177,436
1786313983808985532,437
1786313983813980519,439
1786313983819017790,439
1786313983824021558,440
1786313983829941442,441
1786313983835016965,442
1786313983840010287,443
1786313983844939086,444
1786313983851027424,446
1786313983856013223,447
1786313983860991356,448
1786313983866845748,449
1786313983872143695,451
1786313983876984135,452
1786313983882017462,452
1786313983888012676,453
1786313983893125522,453
1786313983897937050,454
1786313983903049963,454
1786313983908948989,453
1786313983914079760,453
1786313983918995145,452
1786313983923988835,452
1786313983930044677,451
1786313983935005747,450
1786313983940289584,448
1786313983945002405,447
1786313983951120165,445
1786313983956048885,444
1786313983960915128,441
1786313983966075307,440
1786313983971971390,437
1786313983976985688,436
1786313983981938829,434
1786313983986904398,432
1786313983992899431,432
1786313983998536197,430
1786313984002893986,429
1786313984007978254,427
1786313984014066771,426
1786313984018903650,426
1786313984023896699,425
1786313984030897937,426
1786313984034924138,428
1786313984040027274,431
1786313984044905447,436
1786313984049942195,442
1786313984055905770,451
1786313984060905161,460
1786313984065977334,473
1786313984071920336,486
1786313984077021027,502
1786313984081942451,519
1786313984087129494,539
1786313984093042249,559
1786313984097955152,581
1786313984103015398,602
1786313984108035128,623
1786313984113923863,644
1786313984119353551,664
1786313984123964446,683
1786313984129165849,701
1786313984134905939,718
1786313984139962650,732
1786313984144947512,745
1786313984149982749,754
1786313984155959665,762
1786313984161508042,767
1786313984165963230,769
1786313984170959842,770
1786313984176908825,769
1786313984181924200,766
1786313984187135899,760
1786313984192134952,753
1786313984197966019,744
1786313984203017869,735
1786313984208166649,725
1786313984212968277,713
1786313984220769490,699
1786313984225003226,686
1786313984228996615,670
1786313984233888857,654
1786313984240149926,637
1786313984244891389,619
1786313984249929248,602
1786313984256013969,585
1786313984261047534,568
1786313984265951520,551
1786313984271148727,536
1786313984278440991,521
1786313984281939335,506
1786313984287164667,494
1786313984292168291,483
1786313984297922933,474
1786313984302982087,466
1786313984308168069,460
1786313984312951661,456
1786313984318983975,454
1786313984324016672,453
1786313984328974897,454
1786313984333984076,456
1786313984340010632,459
1786313984344975299,462
1786313984350157131,467
1786313984355168041,472
1786313984360983845,476
1786313984365985122,482
1786313984371179721,488
1786313984375912974,495
1786313984382127007,501
1786313984387166148,507
1786313984392096979,513
1786313984396899917,520
1786313984403034728,526
1786313984408170241,531
1786313984413025763,536
1786313984418174531,539
1786313984424183093,542
1786313984428899640,544
1786313984433926026,545
1786313984440168744,546
1786313984444977511,546
1786313984450009197,545
1786313984455170438,544
1786313984460992796,542
1786313984465925797,540
1786313984471170797,537
1786313984476168332,534
1786313984482010966,529
1786313984486954800,526
1786313984492010072,522
1786313984497004248,518
1786313984503168218,514
1786313984508143376,509
1786313984512927423,505
1786313984518091541,500
1786313984524015249,495
1786313984528915003,490
1786313984534008478,486
1786313984539189356,482
1786313984544977026,477
1786313984549958535,474
1786313984555012494,470
1786313984559916236,466
1786313984565965717,462
1786313984571007164,459
1786313984576019372,457
1786313984581025875,455
1786313984586901404,453
1786313984592175959,451
1786313984596911019,449
1786313984602147434,447
1786313984607967525,445
1786313984613151316,444
1786313984617943584,443
1786313984624107633,442
1786313984628919081,442
1786313984634428948,441
1786313984639459313,440
1786313984644953094,439
1786313984650038989,438
1786313984655167215,438
1786313984659946678,438
1786313984666053911,438
1786313984670967757,439
1786313984676026639,440
1786313984681006211,440
1786313984687161180,441
1786313984692044275,442
1786313984696925453,443
1786313984701971133,443
1786313984707888483,444
1786313984713135669,444
1786313984717981724,446
1786313984722919070,447
1786313984729207073,448
1786313984734022896,449
1786313984738904273,450
1786313984743957909,451
1786313984750116424,452
1786313984755087653,453
1786313984760105474,454
1786313984765140245,455
1786313984771064427,456
1786313984777814956,458
1786313984781115602,459
1786313984787123539,461
1786313984792363290,462
1786313984797023191,463
1786313984801995610,463
1786313984807983699,464
1786313984813434480,464
1786313984817952487,464
1786313984823066128,464
1786313984829067925,464
1786313984834022678,464
1786313984839100965,463
1786313984843945621,462
1786313984850041569,461
1786313984855187621,461
1786313984859946987,459
1786313984864938459,458
1786313984870918882,457
1786313984876192716,456
1786313984881051370,454
1786313984886077937,453
1786313984892014411,452
1786313984897049048,451
1786313984901916848,449
1786313984907176693,448
1786313984913229287,447
1786313984918245891,446
1786313984923230455,445
1786313984927903869,443
1786313984934130307,442
1786313984939012206,441
1786313984943896951,441
1786313984948971962,441
1786313984955099505,442
1786313984959892811,444
1786313984964973265,447
1786313984970893106,451
1786313984976170002,458
1786313984980963651,466
1786313984986125233,476
1786313984992004387,488
1786313984997149251,502
1786313985002060904,516
1786313985006911594,533
1786313985012976119,551
1786313985017921032,568
1786313985023011711,586
1786313985028103525,605
1786313985033954998,623
1786313985039200571,640
1786313985043912304,656
1786313985049028035,673
1786313985055130794,687
1786313985059884013,699
1786313985065049176,710
1786313985070143474,719
1786313985076047580,725
1786313985081761696,730
1786313985086094090,733
1786313985091071060,735
1786313985097012702,734
1786313985102035178,732
1786313985106936718,727
1786313985112797402,721
1786313985119865391,714
1786313985124644414,704
1786313985128780542,693
1786313985134015778,681
1786313985138998901,668
1786313985143927835,654
1786313985149013444,640
1786313985155005803,625
1786313985159900331,609
1786313985165021882,593
1786313985170096919,578
1786313985175987230,562
1786313985180931076,547
1786313985187354012,533
1786313985190989263,520
1786313985196932008,506
1786313985201992146,496
1786313985206983973,485
1786313985212132006,476
1786313985217944076,468
1786313985222995362,461
1786313985228795546,455
1786313985233337207,452
1786313985238942392,449
1786313985243933617,449
1786313985248930518,450
1786313985253981350,452
1786313985259982942,455
1786313985265087018,459
1786313985269900484,463
1786313985274923004,468
1786313985280873586,473
1786313985286025694,478
1786313985290994818,482
1786313985296772621,488
1786313985302046051,492
1786313985307258444,497
1786313985312344007,501
1786313985317954957,505
1786313985322984164,508
1786313985329703657,510
1786313985333037454,513
1786313985339036193,516
1786313985344047496,516
1786313985349115632,517
1786313985354102181,518
1786313985359887791,518
1786313985364899391,517
1786313985369867760,517
1786313985374989244,515
1786313985380961148,513
1786313985385992670,511
1786313985390952516,510
1786313985396143804,507
1786313985402031272,504
1786313985407006470,501
1786313985412146034,498
1786313985417056822,495
1786313985422931400,491
1786313985428173724,488
1786313985433100676,484
1786313985438119415,481
1786313985443953907,477
1786313985449100303,474
1786313985454068160,471
1786313985459028433,469
1786313985465057994,466
1786313985470047750,463
1786313985474892258,461
1786313985480051295,459
1786313985485954908,456
1786313985490914980,454
1786313985496150196,452
1786313985500950696,451
1786313985506902081,449
1786313985512036547,448
1786313985516985533,448
1786313985522962438,447
1786313985527964018,446
1786313985533096180,446
1786313985537947286,445
1786313985543944458,444
1786313985548940116,443
1786313985553965294,442
1786313985558887254,441
1786313985564974086,440
1786313985569926820,440
1786313985575027704,440
1786313985579932191,439
1786313985585950493,438
1786313985590975132,439
1786313985596550838,439
1786313985600949304,438
1786313985607000253,439
1786313985611948499,438
1786313985617000890,438
1786313985622009104,437
1786313985628090293,437
1786313985632964376,438
1786313985638122807,438
1786313985643028873,439
1786313985649044995,439
1786313985654225757,440
1786313985659189970,440
1786313985664054082,441
1786313985670096828,442
1786313985675186194,444
1786313985680048086,445
1786313985685183930,446
1786313985691149854,447
1786313985696017412,448
1786313985701185065,449
1786313985707188776,449
1786313985711899576,450
1786313985717139453,451
1786313985722247007,451
1786313985727904662,451
1786313985733170433,451
1786313985738091611,451
1786313985742929589,450
1786313985748978689,449
1786313985754158379,450
1786313985759181843,449
1786313985764158981,449
1786313985770189007,450
1786313985775178844,450
1786313985780007067,449
1786313985785016728,448
1786313985791021629,448
1786313985795938137,447
1786313985801112139,446
1786313985806174578,446
1786313985811986276,445
1786313985817060959,444
1786313985822067881,444
1786313985826889166,443
1786313985832899974,443
1786313985838175597,444
1786313985842961912,445
1786313985848043353,447
1786313985854180121,450
1786313985859169707,455
1786313985864023776,460
1786313985870092151,468
1786313985875160995,478
1786313985880180200,491
1786313985885165882,504
1786313985891163890,520
1786313985896175562,537
1786313985901070305,555
1786313985906181386,575
1786313985911912902,595
1786313985917135498,616
1786313985922207991,638
1786313985926924805,659
1786313985933172797,679
1786313985938182971,699
1786313985942940448,717
1786313985948812419,734
1786313985954071868,750
1786313985959162498,763
1786313985963918528,774
1786313985968981148,783
1786313985975003464,790
1786313985980008595,795
1786313985985079560,798
1786313985990191408,799
1786313985995968394,797
1786313986000897371,793
1786313986005986240,787
1786313986010925540,780
1786313986017068816,771
1786313986021982839,761
1786313986027053802,749
1786313986032123514,736
1786313986038147045,723
1786313986042921775,708
1786313986047942247,692
1786313986054095465,677
1786313986059136946,660
1786313986063950587,644
1786313986069116229,627
1786313986075143083,610
1786313986080097578,593
1786313986085125067,577
1786313986090168372,562
1786313986096119116,548
1786313986101145477,534
1786313986106163930,522
1786313986110923981,512
1786313986117167761,502
1786313986122179965,494
1786313986126907489,488
1786313986132150748,483
1786313986138181166,479
1786313986142915720,476
1786313986148150190,475
1786313986153158795,474
1786313986159285970,476
1786313986164001173,477
1786313986169040024,479
1786313986174159515,483
1786313986179966457,486
1786313986184975340,490
1786313986189975735,495
1786313986195219419,500
1786313986201012848,504
1786313986206006755,510
1786313986210953664,514
1786313986217024142,519
1786313986222870976,523
1786313986226972932,527
1786313986231986096,531
1786313986237993656,534
1786313986243068881,537
1786313986248074284,538
1786313986254401596,540
1786313986259341652,541
1786313986264000617,541
1786313986268994250,540
1786313986273916489,539
1786313986280548347,537
1786313986284917586,535
1786313986289902999,533
1786313986294906022,531
1786313986300924542,528
1786313986306109846,525
1786313986310916096,522
1786313986315969134,518
1786313986322568028,514
1786313986327138301,509
1786313986332041485,506
1786313986337111182,502
1786313986342986295,497
1786313986348109226,493
1786313986353048010,489
1786313986358007285,484
1786313986363988852,480
1786313986369080231,476
1786313986374073040,473
1786313986379108015,470
1786313986385031442,466
1786313986390017390,464
1786313986395031985,462
1786313986400155399,459
1786313986406157892,457
1786313986411130446,455
1786313986415994734,453
1786313986422099547,451
1786313986427011971,449
1786313986431943454,447
1786313986436966948,446
1786313986442939583,445
1786313986448025193,443
1786313986453007152,442
1786313986458015296,440
1786313986464043779,439
1786313986469011680,439
1786313986474008654,438
1786313986479039856,438
1786313986485010641,437
1786313986490015587,437
1786313986494903508,436
1786313986500030553,436
1786313986506087757,436
1786313986511045745,437
1786313986516024231,437
1786313986520927551,436
1786313986526910597,437
1786313986532131387,438
1786313986537146908,439
1786313986542095361,440
1786313986548107890,441
1786313986553040055,442
1786313986558033269,443
1786313986563088898,444
1786313986569038675,445
1786313986574034966,446
1786313986579066143,446
1786313986584032932,447
1786313986590023282,447
1786313986595059917,448
1786313986600040623,449
1786313986606033815,450
1786313986611022780,451
1786313986616033535,452
1786313986621033601,453
1786313986626888783,453
1786313986632045185,454
1786313986637030647,455
1786313986642008809,455
1786313986648064367,456
1786313986653034128,455
1786313986658045284,455
1786313986663053037,455
1786313986669034031,454
1786313986674023993,454
1786313986679055947,453
1786313986684031075,452
1786313986690038219,451
1786313986695052207,450
1786313986700030271,449
1786313986705181145,448
1786313986711094237,448
1786313986716053197,446
1786313986721115627,445
1786313986725997075,444
1786313986732939956,443
1786313986736991263,442
1786313986742148375,440
1786313986747097018,439
1786313986753180884,438
1786313986758090340,437
1786313986762962916,436
1786313986768020901,435
1786313986774134986,434
1786313986779046282,434
1786313986784175415,434
1786313986790182624,436
1786313986794887068,439
1786313986800160319,443
1786313986805159667,448
1786313986810966483,455
1786313986815890455,465
1786313986821133300,475
1786313986826005334,488
1786313986831936536,503
1786313986837177831,520
1786313986841912598,539
1786313986847170168,559
1786313986852905760,580
1786313986858133898,602
1786313986863050190,625
1786313986868051824,647
1786313986874028838,670
1786313986878886337,691
1786313986884007386,711
1786313986889010748,729
1786313986894927662,747
1786313986900037462,761
1786313986905006015,774
1786313986909947004,785
1786313986916155187,794
1786313986921026410,801
1786313986926004078,805
1786313986931032812,807
1786313986937025620,807
1786313986941907901,804
1786313986947091412,799
1786313986952054724,794
1786313986957959497,786
1786313986963189281,777
1786313986968008749,766
1786313986973915954,753
1786313986979395938,741
1786313986986086347,726
1786313986988962619,711
1786313986995527622,696
1786313986999936897,680
1786313987004964284,663
1786313987009911775,646
1786313987015955382,629
1786313987022907647,611
1786313987025910820,593
1786313987030958912,577
1786313987036944118,560
1786313987041943287,545
1786313987046913187,531
1786313987051911334,518
1786313987057897923,507
1786313987063078966,497
1786313987068601273,489
1786313987072920075,483
1786313987078954969,478
1786313987084142631,474
1786313987089027750,472
1786313987094092391,471
1786313987100140644,471
1786313987105252788,472
1786313987110001831,475
1786313987114912408,478
1786313987121180768,481
1786313987125931856,485
1786313987130909756,491
1786313987136884442,497
1786313987141891854,501
1786313987147014576,507
1786313987151923358,512
1786313987158066493,518
1786313987163261183,523
1786313987168013206,527
1786313987172998643,532
1786313987179212543,535
1786313987184007090,537
1786313987189006689,539
1786313987193928435,541
1786313987200036200,542
1786313987205006257,543
1786313987209887106,543
1786313987215082478,542
1786313987221347136,540
1786313987225989270,538
1786313987231021466,535
1786313987235986164,532
1786313987241853112,529
1786313987246903455,525
1786313987251858619,521
1786313987256976009,517
1786313987263028608,512
1786313987267980828,508
1786313987272978393,504
1786313987277881140,500
1786313987283975268,495
1786313987288982571,491
1786313987293885662,486
1786313987298978968,482
1786313987304980749,479
1786313987309934207,475
1786313987315016783,472
1786313987321039925,467
1786313987325929013,464
1786313987331099192,461
1786313987336166823,458
1786313987341982987,456
1786313987346970990,453
1786313987352152197,450
1786313987357184096,448
1786313987363006506,447
1786313987368187081,445
1786313987373172889,445
1786313987378004529,444
1786313987384155316,442
1786313987389193670,442
1786313987393908334,441
1786313987399016296,439
1786313987405008766,438
1786313987409946203,437
1786313987415049932,436
1786313987420023762,434
1786313987425962683,433
1786313987431004448,433
1786313987435973489,433
1786313987441008825,432
1786313987446964051,432
1786313987451974498,431
1786313987457075548,431
1786313987461952744,431
1786313987468010912,432
1786313987472995935,432
1786313987477898022,432
1786313987483052544,433
1786313987489025353,433
1786313987493937028,434
1786313987499125971,434
1786313987504963955,435
1786313987509946638,436
1786313987514932607,437
1786313987519950347,437
1786313987526149945,438
1786313987531207688,439
1786313987535882866,441
1786313987541307825,442
1786313987547003496,443
1786313987551918934,445
1786313987557621104,446
1786313987562521859,446
1786313987568034212,447
1786313987572976944,447
1786313987577902574,447
1786313987583056967,448
1786313987588935867,448
1786313987593925783,448
1786313987599875733,447
1786313987604179961,446
1786313987610003040,446
1786313987614927309,446
1786313987620007127,446
1786313987624944435,445
1786313987630969466,446
1786313987635945386,446
1786313987641221684,445
1786313987646010168,446
1786313987651995183,447
1786313987657020592,446
1786313987661964158,446
1786313987666979083,446
1786313987673110333,446
1786313987678075244,445
1786313987683023142,445
1786313987687926440,444
1786313987695067246,444
1786313987698980759,444
1786313987704998576,444
1786313987710669623,444
1786313987714947365,443
1786313987720179258,442
1786313987724943729,441
1786313987731540343,441
1786313987736296646,439
1786313987741038002,439
1786313987746178240,437
1786313987751967513,436
1786313987756981712,434
1786313987761972911,432
1786313987766922243,430
1786313987773008999,429
1786313987778072632,427
1786313987783057957,425
1786313987788168284,424
1786313987794002942,424
1786313987798971783,423
1786313987804230399,422
1786313987808880002,421
1786313987814975062,421
1786313987820242458,421
1786313987824902100,422
1786313987829940692,424
1786313987836340198,427
1786313987840855537,431
1786313987845873580,438
1786313987851007021,447
1786313987857021051,457
1786313987861963964,470
1786313987866978413,485
1786313987872013820,502
1786313987877859557,521
1786313987882978100,542
1786313987888031424,563
1786313987894065379,586
1786313987898989630,609
1786313987904018983,632
1786313987909018915,654
1786313987915153566,677
1786313987919851441,697
1786313987924974178,717
1786313987929904292,736
1786313987936009723,752
1786313987940850246,765
1786313987945999354,777
1786313987951005003,787
1786313987957043123,795
1786313987962004760,800
1786313987966977362,803
1786313987972002862,803
1786313987977861822,801
1786313987982981079,796
1786313987987967789,789
1786313987992867866,781
1786313987998855864,769
1786313988004017206,758
1786313988008908117,746
1786313988014001105,732
1786313988019894021,717
1786313988024896771,702
1786313988030006214,687
1786313988034832529,670
1786313988040882355,653
1786313988045869503,635
1786313988050932018,617
1786313988055939417,600
1786313988061905216,583
1786313988066898748,566
1786313988072022910,551
1786313988077904303,537
1786313988082899385,523
1786313988087910504,511
1786313988092999704,499
1786313988098901782,489
1786313988103918052,480
1786313988108941232,474
1786313988113891906,469
1786313988119916546,464
1786313988124888206,462
1786313988130016139,462
1786313988135004097,462
1786313988140922283,464
1786313988145916334,466
1786313988150902284,469
1786313988155937862,473
1786313988161910964,477
1786313988166908737,482
1786313988172021624,487
1786313988176907827,492
1786313988183002672,497
1786313988188170330,501
1786313988192959775,506
1786313988198091800,510
1786313988204156076,514
1786313988208984490,518
1786313988214158908,521
1786313988219547078,525
1786313988225217381,526
1786313988230018438,528
1786313988235858302,528
1786313988240003020,528
1786313988246003065,527
1786313988251006531,527
1786313988256167424,526
1786313988262009862,524
1786313988267002809,522
1786313988272170083,520
1786313988276922483,517
1786313988283005005,514
1786313988288159127,511
1786313988292948760,508
1786313988298163848,504
1786313988304767167,500
1786313988308904762,496
1786313988314001674,492
1786313988319149804,488
1786313988324965201,484
1786313988329972952,480
1786313988334998348,476
1786313988340031580,473
1786313988345971324,469
1786313988351007539,466
1786313988356067907,463
1786313988360971978,460
1786313988367000306,457
1786313988372148726,454
1786313988376934834,452
1786313988381973373,449
1786313988388140034,447
1786313988393001666,445
1786313988398164797,443
1786313988402959511,441
1786313988408995336,439
1786313988414001258,438
1786313988418997653,436
1786313988423886530,436
1786313988430010520,435
1786313988435004625,435
1786313988439930976,434
1786313988446008015,432
1786313988451004759,432
1786313988456171964,431
1786313988461007361,430
1786313988467009224,430
1786313988472180592,430
1786313988476946027,429
1786313988482192310,429
1786313988488153533,429
1786313988493019606,430
1786313988498094833,431
1786313988503176557,431
1786313988508907593,432
1786313988514075061,432
1786313988519012271,432
1786313988523920630,433
1786313988530015978,433
1786313988535158947,433
1786313988540044314,433
1786313988545050051,432
1786313988551127365,433
1786313988556086705,433
1786313988560977737,434
1786313988566123189,434
1786313988572048595,435
1786313988576936020,435
1786313988582156910,435
1786313988586956909,436
1786313988593003570,437
1786313988598008593,437
1786313988603002172,437
1786313988608992937,438
1786313988614076706,439
1786313988619187437,440
1786313988623906980,439
1786313988630133250,440
1786313988635198195,439
1786313988640179972,439
1786313988644960974,439
1786313988651005691,439
1786313988656188727,439
1786313988660965387,439
1786313988666163720,439
1786313988672096743,439
1786313988676921697,439
1786313988682131513,438
1786313988687013101,439
1786313988692940468,439
1786313988698005139,438
1786313988703001067,438
1786313988707961448,438
1786313988713874648,438
1786313988718996367,438
1786313988724130388,438
1786313988729111911,438
1786313988735168273,438
1786313988740005713,438
1786313988744887511,437
1786313988750164757,437
1786313988756053472,436
1786313988761007018,435
1786313988766177975,435
1786313988770936968,434
1786313988776959037,434
1786313988782164773,432
1786313988787154374,431
1786313988792980208,431
1786313988798012823,429
1786313988803125475,427
1786313988807916677,425
1786313988814186700,423
1786313988819185953,422
1786313988823940827,420
1786313988829029373,419
1786313988835049432,418
1786313988840200302,416
1786313988845152795,416
1786313988850100375,415
1786313988856175541,415
1786313988861333040,415
1786313988866733253,416
1786313988871169625,418
1786313988877139077,421
1786313988882009803,424
1786313988887095616,430
1786313988892246821,437
1786313988897930028,445
1786313988903153309,455
1786313988908205393,467
1786313988913111236,480
1786313988919108776,496
1786313988924345575,513
1786313988928954173,531
1786313988933988769,551
1786313988939998872,571
1786313988944971217,592
1786313988950011938,613
1786313988955130589,635
1786313988960918985,656
1786313988965941430,676
1786313988971131403,696
1786313988976989783,714
1786313988982067431,729
1786313988987074634,744
1786313988992144499,757
1786313988997966308,768
1786313989003747198,776
1786313989008221051,782
1786313989012951327,786
1786313989019236585,788
1786313989024095720,786
1786313989028927154,783
1786313989034083783,778
1786313989040368531,770
1786313989044949727,759
1786313989050034159,749
1786313989055186565,737
1786313989060926175,723
1786313989065940512,708
1786313989071031685,692
1786313989075894559,675
1786313989082084404,659
1786313989086974298,642
1786313989091919554,624
1786313989096984898,607
1786313989102888698,590
1786313989107949217,573
1786313989113126002,557
1786313989118235494,541
1786313989123935920,526
1786313989128974398,512
1786313989134039142,500
1786313989139122271,489
1786313989144896330,479
1786313989149893937,471
1786313989154992483,465
1786313989160902230,460
1786313989165893525,456
1786313989171129866,454
1786313989175900781,453
1786313989181893052,454
1786313989187055795,456
1786313989191941459,459
1786313989197032452,463
1786313989202901121,468
1786313989207924145,473
1786313989212988083,479
1786313989218030797,485
1786313989224106151,491
1786313989229044346,497
1786313989234024189,502
1786313989239036128,508
1786313989245051801,513
1786313989250027435,517
1786313989255051807,522
1786313989260054583,526
1786313989266024166,529
1786313989271034530,532
1786313989275943417,535
1786313989281043576,536
1786313989287262329,537
1786313989291934439,537
1786313989297111592,536
1786313989302119335,536
1786313989308032312,534
1786313989312974620,532
1786313989318169859,529
1786313989324081865,527
1786313989329127565,524
1786313989334195978,520
1786313989339122494,517
1786313989344962120,512
1786313989350145104,508
1786313989355117987,504
1786313989360019250,500
1786313989366164958,496
1786313989370924656,492
1786313989376011401,488
1786313989381006991,485
1786313989387008782,481
1786313989392007503,477
1786313989397038147,473
1786313989402168997,470
1786313989407951395,467
1786313989413131713,463
1786313989418093155,460
1786313989422929891,456
1786313989428889307,453
1786313989434178740,450
1786313989439009385,448
1786313989443971596,445
1786313989450171051,443
1786313989455009022,441
1786313989459923619,438
1786313989465183531,437
1786313989470888217,435
1786313989475999000,434
1786313989481003518,432
1786313989485997639,432
1786313989491998444,430
1786313989497002714,429
1786313989502004385,427
1786313989508028879,426
1786313989513003228,426
1786313989518060517,425
1786313989522888784,425
1786313989529014261,425
1786313989534031558,424
1786313989538935717,425
1786313989543958817,425
1786313989550194752,425
1786313989554921422,426
1786313989560018506,425
1786313989565172257,425
1786313989570937396,426
1786313989576041938,426
1786313989581013909,427
1786313989586171524,428
1786313989592011211,429
1786313989597011373,430
1786313989602166861,431
1786313989607171833,433
1786313989613100711,434
1786313989618033717,436
1786313989622857523,437
1786313989628000622,438
1786313989634022649,440
1786313989638876169,441
1786313989644039805,441
1786313989649188363,442
1786313989654885291,443
1786313989659930513,443
1786313989664999947,443
1786313989670194455,444
1786313989675942609,444
1786313989681185131,443
1786313989686178868,442
1786313989691962993,442
1786313989697003646,442
1786313989701998524,441
1786313989707059296,441
1786313989713011088,441
1786313989718158151,441
1786313989723002401,440
1786313989727940276,440
1786313989734035842,440
1786313989739035958,439
1786313989744020366,437
1786313989749166600,437
1786313989755009916,437
1786313989760041942,436
1786313989765164293,435
1786313989770165271,435
1786313989776015148,433
1786313989781013367,433
1786313989786169463,432
1786313989791005073,432
1786313989797090258,431
1786313989802162440,430
1786313989806938587,429
1786313989812116891,429
1786313989818133026,428
1786313989823230370,428
1786313989828008323,428
1786313989833201474,430
1786313989838954423,432
1786313989843944210,435
1786313989849168336,440
1786313989854127538,447
1786313989859996585,455
1786313989865008156,466
1786313989870166285,478
1786313989875921551,492
1786313989881171104,507
1786313989886167175,524
1786313989890995366,542
1786313989897165489,562
1786313989902166447,583
1786313989906915640,604
1786313989912054661,625
1786313989918108982,647
1786313989923143051,668
1786313989928163644,689
1786313989933197563,709
1786313989939033632,726
1786313989944015380,742
1786313989949161141,757
1786313989954100862,769
1786313989960042322,780
1786313989965173839,789
1786313989970154224,795
1786313989975010658,800
1786313989981091878,801
1786313989986106523,801
1786313989991002477,798
1786313989996082964,793
1786313990002090654,786
1786313990006960682,778
1786313990011997113,768
1786313990017109694,757
1786313990022859099,744
1786313990027889516,731
1786313990033054530,716
1786313990037919292,701
1786313990043912915,685
1786313990048972340,669
1786313990053966974,653
1786313990059941522,636
1786313990065167717,618
1786313990070155815,602
1786313990074937942,585
1786313990081152510,568
1786313990086173304,552
1786313990090987852,537
1786313990096000081,523
1786313990101964406,511
1786313990106917285,501
1786313990112005145,492
1786313990117010422,484
1786313990123085904,477
1786313990127947248,472
1786313990133147802,469
1786313990138144059,466
1786313990143903131,466
1786313990148895408,466
1786313990154177304,467
1786313990159037762,469
1786313990164999957,472
1786313990169998555,475
1786313990174936731,480
1786313990179912685,483
1786313990186163990,488
1786313990191024683,493
1786313990196026222,498
1786313990200994595,503
1786313990207080310,508
1786313990212035321,513
1786313990217078261,516
1786313990222022019,520
1786313990227941631,524
1786313990233024902,527
1786313990237997147,529
1786313990243936735,530
1786313990249005068,531
1786313990254005404,531
1786313990259035895,530
1786313990265040787,529
1786313990270159949,527
1786313990275095982,526
1786313990279901118,524
1786313990286169880,522
1786313990290940137,520
1786313990296074015,517
1786313990301162254,514
1786313990306990467,511
1786313990312150915,507
1786313990317092762,504
1786313990322671901,500
1786313990327880235,496
1786313990333186992,492
1786313990338134907,488
1786313990343119427,484
1786313990348913543,480
1786313990354170884,477
1786313990359115461,473
1786313990363916037,470
1786313990370183320,468
1786313990374898612,464
1786313990379875537,461
1786313990384995547,458
1786313990390909005,455
1786313990395988232,452
1786313990401149056,450
1786313990406832448,448
1786313990411906575,447
1786313990416928104,445
1786313990421866904,443
1786313990427983755,442
1786313990433005200,441
1786313990437997743,439
1786313990443106735,437
1786313990448931284,436
1786313990454187569,434
1786313990459031640,433
1786313990463874589,433
1786313990470109623,432
1786313990475022452,432
1786313990480043476,432
1786313990485012719,431
1786313990491053035,431
1786313990495938939,431
1786313990501131277,431
1786313990505926501,432
1786313990512102809,432
1786313990516957018,433
1786313990521883139,433
1786313990526886749,434
1786313990532873534,434
1786313990537887861,434
1786313990542885484,434
1786313990547973691,435
1786313990553905634,435
1786313990559044722,435
1786313990564007983,435
1786313990568999118,435
1786313990575037419,435
1786313990579977416,435
1786313990585000509,435
1786313990589866836,436
1786313990596006556,436
1786313990600999715,436
1786313990605856935,437
1786313990612017198,438
1786313990616995409,439
1786313990621889183,441
1786313990626945302,442
1786313990633012722,443
1786313990637976939,444
1786313990643015399,444
1786313990648011229,445
1786313990653998989,446
1786313990659026016,446
1786313990663998393,446
1786313990668993632,446
1786313990674911177,447
1786313990679902398,446
1786313990685003238,446
1786313990689857954,446
1786313990696000283,446
1786313990701175583,445
1786313990705948701,445
1786313990710970730,445
1786313990717170455,444
1786313990721942845,443
1786313990726933950,442
1786313990731898394,441
1786313990738061811,440
1786313990742931990,439
1786313990748172889,438
1786313990753172393,438
1786313990758956251,437
1786313990764013209,437
1786313990769169951,436
1786313990773892725,435
1786313990780177482,434
1786313990785174845,433
1786313990789963379,433
1786313990796183950,431
1786313990801173806,430
1786313990805927619,429
1786313990811173546,429
1786313990817176436,428
1786313990821863847,428
1786313990827139065,429
1786313990832182876,432
1786313990838106221,435
1786313990843010844,440
1786313990847995731,447
1786313990853077091,457
1786313990858997614,469
1786313990863996037,482
1786313990868985299,497
1786313990874000811,515
1786313990880011416,534
1786313990885171675,555
1786313990889907059,577
1786313990895191557,601
1786313990901155126,624
1786313990905909928,647
1786313990911035425,670
1786313990916187727,692
1786313990922004139,713
1786313990926951892,732
1786313990931974215,751
1786313990937036712,767
1786313990943044798,781
1786313990948001137,793
1786313990953182932,803
1786313990958900775,810
1786313990963904430,815
1786313990969117770,818
1786313990973960314,817
1786313990980112351,814
1786313990985174364,809
1786313990989891318,803
1786313990995134212,794
1786313991001324709,783
1786313991005894798,771
1786313991010989338,757
1786313991016173371,743
1786313991022033686,728
1786313991026970817,712
1786313991031997395,697
1786313991036999054,679
1786313991043164356,662
1786313991048173247,645
1786313991053042487,627
1786313991058088798,609
1786313991064165412,591
1786313991069154467,575
1786313991074163448,559
1786313991079165202,543
1786313991085160363,530
1786313991090024220,518
1786313991095157738,507
1786313991100159323,497
1786313991105946788,489
1786313991111038994,482
1786313991116020030,477
1786313991120937405,473
1786313991127051931,471
1786313991132098173,470
1786313991137154583,471
1786313991142961059,472
1786313991148165531,474
1786313991153119170,478
1786313991158081358,481
1786313991164051737,485
1786313991169152710,490
1786313991174076229,495
1786313991179101678,501
1786313991185162782,506
1786313991189954056,511
1786313991195187349,516
1786313991200174575,521
1786313991205892698,525
1786313991211003312,529
1786313991216004744,532
1786313991220927215,534
1786313991227165019,537
1786313991232139731,540
1786313991237176195,541
1786313991241969886,542
1786313991247990043,542
1786313991253172144,541
1786313991258042019,540
1786313991263152048,538
1786313991269148147,536
1786313991273966830,533
1786313991279165563,530
1786313991284166571,526
1786313991289901934,521
1786313991295017465,517
1786313991300183888,512
1786313991304992953,508
1786313991311120751,503
1786313991316173678,498
1786313991321007430,493
1786313991325955623,489
1786313991332117481,484
1786313991337004091,479
1786313991341933780,474
1786313991348191375,470
1786313991353177925,467
1786313991358051368,463
1786313991363017711,460
1786313991369178775,458
1786313991374042656,455
1786313991379181361,452
1786313991384173348,450
1786313991389887956,448
1786313991395120514,446
1786313991400127024,444
1786313991404922891,442
1786313991411133482,440
1786313991416187312,439
1786313991420902378,437
1786313991426185834,436
1786313991432181627,436
1786313991437124806,435
1786313991441982795,434
1786313991447008651,433
1786313991453036271,433
1786313991458009528,433
1786313991463015033,432
1786313991468033368,432
1786313991474007084,431
1786313991479035167,431
1786313991484036046,430
1786313991488940584,430
1786313991495162764,430
1786313991500169630,430
1786313991504925750,429
1786313991509996041,429
1786313991516006929,429
1786313991520905972,429
1786313991525972312,429
1786313991532017760,429
1786313991537059818,429
1786313991542101385,429
1786313991547114786,430
1786313991552919117,431
1786313991557979974,431
1786313991562955828,432
1786313991568099450,432
1786313991574000410,433
1786313991579006109,434
1786313991584162408,435
1786313991588992777,436
1786313991595004777,436
1786313991600006242,436
1786313991605032452,437
1786313991610017667,438
1786313991616044634,439
1786313991620963406,440
1786313991626165206,440
1786313991631183479,442
1786313991637085386,443
1786313991642005906,443
1786313991647156144,443
1786313991652155382,444
1786313991658012663,444
1786313991663162773,444
1786313991668153692,444
1786313991673019658,444
1786313991679164925,443
1786313991684152187,443
1786313991688949776,443
1786313991694167006,442
1786313991700161606,442
1786313991705029095,441
1786313991710006440,442
1786313991716086185,442
1786313991720992944,442
1786313991726000820,441
1786313991731102234,441
1786313991737037017,440
1786313991741890885,439
1786313991747028978,439
1786313991752096689,438
1786313991758098801,437
1786313991763152661,435
1786313991768157688,434
1786313991773175063,433
1786313991779033555,432
1786313991784160012,431
1786313991788896857,431
1786313991794040066,430
1786313991800166254,429
1786313991805106677,428
1786313991810012836,427
1786313991815191208,427
1786313991820882376,425
1786313991826008073,424
1786313991831185864,423
1786313991836187834,422
1786313991842128845,421
1786313991847170011,422
1786313991852167465,424
1786313991857177313,428
1786313991863177671,433
1786313991868177697,441
1786313991873069978,450
1786313991878095578,462
1786313991884170634,476
1786313991888888032,492
1786313991893917258,511
1786313991899932745,530
1786313991904936338,552
1786313991909868798,574
1786313991915008724,598
1786313991920887662,622
1786313991926039573,646
1786313991930997958,669
1786313991935997903,691
1786313991941908172,711
1786313991946996512,729
1786313991951986865,747
1786313991956894491,762
1786313991963106615,774
1786313991968002089,785
1786313991972859370,793
1786313991978027333,799
1786313991983994444,803
1786313991988922877,804
1786313991994017819,802
1786313991998994601,798
1786313992004874427,793
1786313992009937186,785
1786313992015004266,775
1786313992019963087,764
1786313992026061727,751
1786313992031019905,737
1786313992036019390,722
1786313992040997460,706
1786313992047031155,689
1786313992051873814,673
1786313992057057336,655
1786313992061986017,638
1786313992068024102,620
1786313992072998663,603
1786313992078158057,586
1786313992084043274,569
1786313992089112469,553
1786313992094173225,537
1786313992099168078,522
1786313992104903893,509
1786313992110146180,497
1786313992115165440,486
1786313992119984385,477
1786313992126064420,468
1786313992131038080,462
1786313992136149241,458
1786313992141020816,455
1786313992147088990,453
1786313992152034780,453
1786313992157026206,453
1786313992162091728,455
1786313992168095955,457
1786313992173010142,460
1786313992178000616,465
1786313992183099945,469
1786313992188943016,474
1786313992194047788,479
1786313992199160723,485
1786313992203934452,489
1786313992210051906,495
1786313992215161273,500
1786313992220128106,506
1786313992224955868,510
1786313992231191020,515
1786313992236143445,519
1786313992241060543,523
1786313992246957887,526
1786313992252164973,528
1786313992256934207,529
1786313992262059761,530
1786313992268145051,530
1786313992272971882,529
1786313992278100774,528
1786313992283096545,526
1786313992288898659,523
1786313992294233894,520
1786313992299165752,516
1786313992303919758,512
1786313992310008139,509
1786313992315157146,505
1786313992320013310,501
1786313992324972292,498
1786313992331183866,494
1786313992335980893,490
1786313992341143117,486
1786313992346163946,482
1786313992352098006,478
1786313992356939644,473
1786313992362088610,468
1786313992367109874,464
1786313992372873411,461
1786313992378004109,457
1786313992383126762,453
1786313992387888392,451
1786313992394032276,449
1786313992399175141,446
1786313992403927498,444
1786313992408936093,441
1786313992415173085,440
1786313992420003853,438
1786313992425005051,437
1786313992431117234,435
1786313992436157417,434
1786313992441159948,432
1786313992446156015,431
1786313992452160277,429
1786313992457116396,428
1786313992462158599,426
1786313992467164047,425
1786313992473151225,424
1786313992478155741,423
1786313992483132938,423
1786313992487891917,422
1786313992494179814,423
1786313992499171786,423
1786313992503919943,423
1786313992509001451,424
1786313992515001148,425
1786313992519893240,426
1786313992524998146,427
1786313992530098892,428
1786313992536328463,429
1786313992540928842,430
1786313992545991589,432
1786313992551040947,433
1786313992556892610,433
1786313992562045214,434
1786313992566915955,436
1786313992572006750,436
1786313992578164262,436
1786313992583131783,436
1786313992588030832,437
1786313992593050296,436
1786313992599158182,437
1786313992603879413,437
1786313992609000804,437
1786313992614116767,437
1786313992619879602,437
1786313992625159048,437
1786313992630171562,437
1786313992636112886,438
1786313992641005765,438
1786313992646033329,438
1786313992650923818,439
1786313992657161881,440
1786313992662149352,440
1786313992667075417,440
1786313992671975565,441
1786313992678035749,441
1786313992683158161,441
1786313992687929971,441
1786313992693035588,440
1786313992699169891,440
1786313992703952208,439
1786313992709148818,439
1786313992714196428,439
1786313992719972995,439
1786313992725145509,438
1786313992730041444,438
1786313992735003672,437
1786313992741147953,435
1786313992746156031,434
1786313992751153727,433
1786313992756007921,432
1786313992762003195,431
1786313992767083738,430
1786313992771917598,429
1786313992776920436,428
1786313992783014968,427
1786313992787941156,426
1786313992793020822,426
1786313992798173349,425
1786313992803923515,424
1786313992809053085,423
1786313992814190848,421
1786313992819923750,420
1786313992824983022,419
1786313992830014298,420
1786313992834991382,421
1786313992841142808,421
1786313992846183753,423
1786313992851178576,426
1786313992856002439,430
1786313992862158864,435
1786313992867151442,443
1786313992871893812,452
1786313992877148125,462
1786313992883132235,474
1786313992887952378,487
1786313992893159158,503
1786313992898153801,520
1786313992903938982,539
1786313992909148442,559
1786313992914156075,579
1786313992919118408,600
1786313992925143208,622
1786313992930186533,643
1786313992935165580,663
1786313992940178545,681
1786313992946171422,698
1786313992951160201,714
1786313992956173352,728
1786313992961179516,740
1786313992967170348,751
1786313992971919726,758
1786313992977112655,764
1786313992982024673,767
1786313992988232775,768
1786313992993135947,767
1786313992998152696,763
1786313993003889073,757
1786313993009064972,749
1786313993013997892,740
1786313993019133338,730
1786313993024925593,717
1786313993029969811,704
1786313993035168354,690
1786313993039983894,675
1786313993046080399,659
1786313993050892947,642
1786313993056174692,625
1786313993061121194,607
1786313993066944992,589
1786313993072000243,573
1786313993076968788,556
1786313993082188623,540
1786313993088118404,525
1786313993093106602,511
1786313993098145256,497
1786313993102928330,485
1786313993108958305,475
1786313993114170112,466
1786313993119009667,460
1786313993123956412,453
1786313993130169845,449
1786313993135152044,447
1786313993140142186,446
1786313993145150336,446
1786313993151147662,448
1786313993155942317,452
1786313993161118786,456
1786313993166158844,460
1786313993171874886,466
1786313993177100522,472
1786313993182063307,479
1786313993187905482,485
1786313993192928883,492
1786313993198126405,499
1786313993202982169,506
1786313993208901660,512
1786313993214143959,518
1786313993218956767,522
1786313993224072204,526
1786313993230168739,529
1786313993235139958,533
1786313993239962264,534
1786313993245146609,535
1786313993251186499,536
1786313993255988713,536
1786313993261141766,535
1786313993266140614,534
1786313993271965818,533
1786313993276961811,531
1786313993281984385,529
1786313993286940164,526
1786313993293156692,523
1786313993298103665,520
1786313993303003393,516
1786313993308155130,512
1786313993314169536,507
1786313993318949450,502
1786313993323957462,498
1786313993329155900,493
1786313993335019398,490
1786313993339945713,485
1786313993345147423,481
1786313993350009300,478
1786313993355870752,475
1786313993361164380,472
1786313993366132893,470
1786313993372077578,468
1786313993377032555,465
1786313993382001218,463
1786313993386914083,462
1786313993392961699,460
1786313993397992516,457
1786313993402981355,455
1786313993407926451,454
1786313993413991042,451
1786313993418924252,450
1786313993423951438,448
1786313993429146867,446
1786313993435148798,444
1786313993439964168,442
1786313993445044819,439
1786313993450142660,437
1786313993455966145,435
1786313993461121238,434
1786313993466151519,433
1786313993470926807,432
1786313993476991646,431
1786313993482141433,430
1786313993486897208,429
1786313993491990723,429
1786313993498140850,428
1786313993502991762,428
1786313993507981738,428
1786313993512986176,428
1786313993518868530,428
1786313993523983818,429
1786313993528954948,430
1786313993534821142,431
1786313993539993179,432
1786313993544959174,433
1786313993550145810,434
1786313993555948728,436
1786313993560932827,437
1786313993566133279,438
1786313993570938655,439
1786313993576962387,440
1786313993582145340,440
1786313993586957338,442
1786313993591894052,443
1786313993598022951,444
1786313993602866861,445
1786313993607933475,446
1786313993613180210,448
1786313993618874251,449
1786313993623952500,449
1786313993629165113,450
1786313993634163805,451
1786313993639965769,451
1786313993645147105,451
1786313993650166355,452
1786313993655002031,451
1786313993661165801,450
1786313993666151629,450
1786313993670994738,449
1786313993676011131,448
1786313993682164496,447
1786313993686989316,445
1786313993692156724,444
1786313993697119975,443
1786313993703078498,441
1786313993708002461,440
1786313993712995083,439
1786313993718817506,437
1786313993723957843,436
1786313993729171560,435
1786313993734029939,434
1786313993740171989,434
1786313993745150029,435
1786313993750145689,437
1786313993755089921,439
1786313993761152247,443
1786313993766155695,449
1786313993770929938,457
1786313993776007681,466
1786313993782036109,476
1786313993786956179,488
1786313993791879978,502
1786313993796915609,518
1786313993802999051,534
1786313993808042742,553
1786313993813173258,573
1786313993818153779,593
1786313993824047175,614
1786313993829161099,635
1786313993834155456,655
1786313993839069207,674
1786313993845075730,693
1786313993850160711,710
1786313993854906327,725
1786313993859987651,739
1786313993866079873,751
1786313993870875273,761
1786313993875953496,768
1786313993881083252,772
1786313993886940695,775
1786313993891944752,776
1786313993897028639,775
1786313993902850897,772
1786313993908009482,766
1786313993912996909,760
1786313993917985939,751
1786313993923900667,741
1786313993929001868,730
1786313993933989811,718
1786313993939011642,704
1786313993944983294,690
1786313993949988687,676
1786313993954909850,660
1786313993960006719,644
1786313993965990785,628
1786313993970836751,612
1786313993975902380,595
1786313993980992615,578
1786313993986875822,562
1786313993991947568,547
1786313993997108210,532
1786313994001887801,519
1786313994008067042,507
1786313994013002038,496
1786313994018749975,487
1786313994022898152,480
1786313994028990820,474
1786313994033988501,470
1786313994039042150,467
1786313994043992571,464
1786313994050177474,463
1786313994054886253,464
1786313994059902403,466
1786313994064991534,467
1786313994070969753,470
1786313994076282501,473
1786313994081142158,477
1786313994087297729,481
1786313994092184708,486
1786313994097154173,491
1786313994101892528,496
1786313994108073304,501
1786313994113177861,507
1786313994118231068,511
1786313994123119256,515
1786313994129171389,520
1786313994134185723,523
1786313994139114093,525
1786313994144185959,527
1786313994150174355,530
1786313994154987644,531
1786313994160169544,532
1786313994165424177,533
1786313994170996651,533
1786313994176172359,533
1786313994181167554,532
1786313994185964320,529
1786313994192068001,528
1786313994197134174,524
1786313994201912607,521
1786313994207160541,518
1786313994213138167,514
1786313994218218512,510
1786313994222979319,507
1786313994227874689,502
1786313994233974277,499
1786313994238976289,494
1786313994244116682,489
1786313994249175613,484
1786313994255284261,480
1786313994260089923,477
1786313994265204182,473
1786313994271138157,469
1786313994276006378,465
1786313994281161511,462
1786313994285901940,459
1786313994292028859,456
1786313994297163910,453
1786313994301919370,450
1786313994307061971,448
1786313994313177490,446
1786313994318072738,444
1786313994323080487,442
1786313994328146595,441
1786313994334057311,439
1786313994339003634,438
1786313994344158470,437
1786313994349162650,437
1786313994355143062,436
1786313994360153447,435
1786313994365157015,435
1786313994369888441,435
1786313994376157935,435
1786313994381157555,434
1786313994385925368,434
1786313994390993565,435
1786313994397160856,434
1786313994402026588,434
1786313994407159153,434
1786313994412131063,435
1786313994417968138,435
1786313994423000438,435
1786313994428059396,435
1786313994433166699,436
1786313994439037252,436
1786313994444012436,436
1786313994449101797,437
1786313994454972822,438
1786313994460167852,439
1786313994465173952,440
1786313994469921187,442
1786313994476017108,442
1786313994481174211,443
1786313994485896452,443
1786313994491027022,444
1786313994497053681,445
1786313994501868715,446
1786313994507126926,446
1786313994512175253,447
1786313994517854669,447
1786313994523162160,448
1786313994528088691,449
1786313994533167002,449
1786313994539159622,449
1786313994544154205,449
1786313994549105017,449
1786313994553985228,449
1786313994559883945,449
1786313994564913934,448
1786313994569867369,448
1786313994574988710,447
1786313994580987358,446
1786313994585892996,445
1786313994591084823,444
1786313994596169468,443
1786313994601936730,442
1786313994606975623,442
1786313994612001439,441
1786313994616991946,441
1786313994622994356,439
1786313994628156805,439
1786313994633144372,438
1786313994638889746,437
1786313994644009143,437
1786313994649003786,437
1786313994653870789,438
1786313994659989356,439
1786313994664988694,443
1786313994669902378,447
1786313994675021746,454
1786313994681030494,461
1786313994685893859,472
1786313994690926261,484
1786313994696179188,498
1786313994701882810,514
1786313994707006583,533
1786313994712682392,553
1786313994717422721,574
1786313994723026938,595
1786313994728093923,619
1786313994732994884,642
1786313994737944033,665
1786313994743945929,687
1786313994749116548,708
1786313994753876593,728
1786313994759119135,747
1786313994765201693,763
1786313994769865021,779
1786313994775131517,793
1786313994780576935,803
1786313994785909832,812
1786313994791015650,817
1786313994796036077,820
1786313994801889324,820
1786313994807030060,817
1786313994812040619,812
1786313994817282513,806
1786313994822931812,797
1786313994828002225,786
1786313994833030027,775
1786313994837849802,762
1786313994843872526,749
1786313994849114145,735
1786313994853888903,720
1786313994859400892,705
1786313994864929917,689
1786313994869875265,672
1786313994875068038,655
1786313994880157189,637
1786313994885920920,620
1786313994891069189,603
1786313994896841892,587
1786313994900930245,571
1786313994906920729,556
1786313994911945021,541
1786313994916949966,528
1786313994921923806,517
1786313994928601072,507
1786313994932866300,499
1786313994937905470,492
1786313994943045677,486
1786313994949022541,482
1786313994953869849,479
1786313994959154687,478
1786313994964151319,478
1786313994969875294,478
1786313994975011405,480
1786313994980106925,481
1786313994985840831,484
1786313994991151310,489
1786313994996152664,493
1786313995001110071,497
1786313995006868586,502
1786313995011994546,506
1786313995016946331,511
1786313995022071404,515
1786313995027887742,520
1786313995032833249,525
1786313995037928836,529
1786313995042927646,533
1786313995048860021,536
1786313995053883627,539
1786313995058864172,541
1786313995063874543,542
1786313995069848763,543
1786313995074920813,543
1786313995079897244,542
1786313995084855378,541
1786313995090994820,540
1786313995095961605,538
1786313995100855811,536
1786313995105898926,534
1786313995111889282,531
1786313995116884569,527
1786313995121897400,523
1786313995126979732,520
1786313995132982861,515
1786313995137906718,510
1786313995142887560,506
1786313995147886066,501
1786313995153849378,497
1786313995158897411,492
1786313995163888531,488
1786313995169902843,483
1786313995175003867,479
1786313995179989820,475
1786313995184991902,471
1786313995191074263,468
1786313995196038646,465
1786313995200924214,462
1786313995206042039,460
1786313995212169721,458
1786313995217062372,455
1786313995222064860,452
1786313995227151185,451
1786313995233163405,449
1786313995237958957,448
1786313995243148101,446
1786313995248091686,445
1786313995253877264,444
1786313995258885538,442
1786313995263997396,441
1786313995268918638,440
1786313995274933708,439
1786313995280157895,438
1786313995284877630,436
1786313995290064415,436
1786313995296155693,435
1786313995300986309,434
1786313995305998801,434
1786313995311050913,434
1786313995316923980,434
1786313995322138442,434
1786313995327153392,434
1786313995332147319,433
1786313995338158121,434
1786313995343028467,433
1786313995348031810,433
1786313995353908023,434
1786313995358982620,434
1786313995364131163,434
1786313995368836709,435
1786313995374925616,435
1786313995379939449,436
1786313995384885948,436
1786313995390156931,436
1786313995396154979,437
1786313995401036068,438
1786313995406081200,439
1786313995411108227,441
1786313995416925272,442
1786313995421883900,443
1786313995426944955,445
1786313995432134391,445
1786313995438064377,446
1786313995443157287,447
1786313995448158008,449
1786313995452911403,450
1786313995459041202,450
1786313995464003976,450
1786313995468863230,451
1786313995473949530,450
1786313995479946370,450
1786313995484884364,450
1786313995489875191,450
1786313995495027209,448
1786313995500940172,447
1786313995506006956,445
1786313995511181589,445
1786313995516860654,443
1786313995521996232,441
1786313995527122290,440
1786313995532153352,439
1786313995537965151,438
1786313995543155961,437
1786313995548160843,436
1786313995552910407,434
1786313995559202782,433
1786313995564008221,431
1786313995569283179,431
1786313995574145621,430
1786313995580146150,430
1786313995584889487,430
1786313995590135651,429
1786313995595124306,428
1786313995600986173,429
1786313995606131811,430
1786313995611183470,431
1786313995616159516,433
1786313995622111096,437
1786313995627126843,442
1786313995632158046,449
1786313995636981368,458
1786313995643157131,469
1786313995648156370,483
1786313995652879166,499
1786313995658014649,516
1786313995664011594,536
1786313995668866394,557
1786313995673919495,579
1786313995678989750,603
1786313995684887103,627
1786313995689924139,651
1786313995694989382,674
1786313995700844016,696
1786313995705939685,718
1786313995711181854,738
1786313995716159814,756
1786313995722014240,773
1786313995726992571,787
1786313995732105612,801
1786313995736888980,811
1786313995743531557,819
1786313995748147647,825
1786313995753596156,827
1786313995760167117,828
1786313995764101278,825
1786313995768907103,820
1786313995774062079,814
1786313995779161378,805
1786313995784929588,795
1786313995790415417,783
1786313995795053943,769
1786313995800235648,754
1786313995805915365,739
1786313995811143967,723
1786313995815959385,706
1786313995820902295,689
1786313995827922595,671
1786313995832565988,654
1786313995837262095,636
1786313995842024395,618
1786313995848155863,601
1786313995853195748,585
1786313995858207039,568
1786313995863124654,553
1786313995868878474,538
1786313995874258453,526
1786313995878882722,514
1786313995884888802,504
1786313995889921613,496
1786313995894920471,489
1786313995900720241,483
1786313995905964952,479
1786313995910899484,477
1786313995916323769,475
1786313995921007313,474
1786313995926991588,475
1786313995932266822,477
1786313995937808815,480
1786313995944860931,484
1786313995947922111,489
1786313995955172868,495
1786313995958406672,500
1786313995963295643,505
1786313995968959557,511
1786313995974530511,516
1786313995979695514,521
1786313995987017370,527
1786313995991644570,531
1786313995994979997,535
1786313996000064257,539
1786313996005238116,542
1786313996010916784,544
1786313996015898056,546
1786313996021168418,547
1786313996026040198,547
1786313996031955256,547
1786313996037289434,545
1786313996041955849,543
1786313996047957566,542
1786313996053233550,538
1786313996057921584,535
1786313996063041073,531
1786313996068883099,528
1786313996073979024,523
1786313996078883669,519
1786313996083964630,514
1786313996089898956,510
1786313996094966229,505
1786313996099998333,500
1786313996104928239,495
1786313996110885532,491
1786313996116023022,486
1786313996121004992,481
1786313996125917756,477
1786313996132126009,473
1786313996137154349,468
1786313996141852924,464
1786313996146876707,460
1786313996152904054,456
1786313996158090310,452
1786313996163133300,450
1786313996167975316,447
1786313996173975079,444
1786313996179031618,442
1786313996184202086,440
1786313996189078131,438
1786313996195141280,436
1786313996199946139,434
1786313996204970916,433
1786313996210018192,432
1786313996216010156,431
1786313996221235445,430
1786313996226010552,428
1786313996232081674,427
1786313996237061464,426
1786313996241885576,424
1786313996246870756,424
1786313996252835266,424
1786313996257894195,423
1786313996262993389,424
1786313996267871569,425
1786313996273896299,425
1786313996278874189,425
1786313996283844723,426
1786313996289001868,427
1786313996294993080,427
1786313996299878483,426
1786313996305077786,427
1786313996310062707,428
1786313996315885424,428
1786313996321044568,428
1786313996325942435,429
1786313996330901810,430
1786313996336841088,430
1786313996342027908,431
1786313996346989369,431
1786313996351859293,431
1786313996357923139,431
1786313996362990846,431
1786313996367846704,431
1786313996373116957,430
1786313996378984500,429
1786313996383917486,429
1786313996388856447,429
1786313996394030663,429
1786313996400018237,429
1786313996405020216,428
1786313996410048381,428
1786313996415151605,428
1786313996420896721,428
1786313996425983886,427
1786313996431156114,427
1786313996436914487,428
1786313996442130963,426
1786313996447159519,425
1786313996451909824,426
1786313996457911040,426
1786313996463054360,426
1786313996467880623,426
1786313996473127159,427
1786313996479135059,427
1786313996483871912,428
1786313996488876147,429
1786313996493982981,429
1786313996499967850,430
1786313996504832831,430
1786313996510843393,430
1786313996515088351,430
1786313996520890374,430
1786313996526080616,429
1786313996531086555,429
1786313996535987198,429
1786313996542752435,429
1786313996547301399,428
1786313996551904244,428
1786313996557043715,427
1786313996563464092,426
1786313996568360839,425
1786313996573610299,424
1786313996578005974,422
1786313996583958976,421
1786313996588914359,420
1786313996593915693,420
1786313996598935714,419
1786313996605772331,419
1786313996610563532,420
1786313996615155526,421
1786313996620900659,423
1786313996625867049,427
1786313996630943148,431
1786313996635985445,438
1786313996641887514,447
1786313996647133986,457
1786313996652279737,470
1786313996658733264,484
1786313996662962921,501
1786313996668254057,519
1786313996673191933,539
1786313996677951903,560
1786313996684275060,582
1786313996689195896,606
1786313996693874954,630
1786313996698928513,653
1786313996704867053,676
1786313996709913961,697
1786313996714900536,718
1786313996719884189,737
1786313996725906474,755
1786313996730901310,770
1786313996735921700,783
1786313996740913829,793
1786313996746915203,801
1786313996751895043,807
1786313996757078380,810
1786313996761952255,811
1786313996767878771,809
1786313996773003526,805
1786313996777904581,799
1786313996782882189,791
1786313996788991817,781
1786313996793994719,770
1786313996798839184,756
1786313996805064052,742
1786313996809880627,727
1786313996814845087,710
1786313996819838806,694
1786313996825997497,676
1786313996830955846,658
1786313996835832747,639
1786313996840983420,620
1786313996846959623,601
1786313996851849881,583
1786313996856977219,565
1786313996861958607,549
1786313996867962747,534
1786313996873142880,520
1786313996878277907,507
1786313996882994469,496
1786313996888969045,486
1786313996893928079,478
1786313996898847811,471
1786313996903957056,466
1786313996910033056,462
1786313996914915769,460
1786313996919999019,460
1786313996925142211,460
1786313996931148558,462
1786313996935987956,465
1786313996941034541,468
1786313996946111333,474
1786313996951973486,479
1786313996957114960,484
1786313996962151013,490
1786313996968106728,496
1786313996972869272,502
1786313996978147864,508
1786313996982970951,513
1786313996988880238,518
1786313996993955389,522
1786313996998859620,526
1786313997004005404,529
1786313997010049243,532
1786313997014974526,534
1786313997019985171,535
1786313997024900451,536
1786313997031125568,536
1786313997035980593,536
1786313997041040727,535
1786313997046014327,534
1786313997051901233,531
1786313997057073451,528
1786313997062017478,525
1786313997066854845,522
1786313997072833205,518
1786313997077864927,514
1786313997083102249,509
1786313997087984916,505
1786313997093989489,501
1786313997098828934,495
1786313997103969675,491
1786313997109091786,488
1786313997115164170,483
1786313997120105852,479
1786313997125069909,475
1786313997130014176,473
1786313997136058646,468
1786313997141082215,464
1786313997145953898,461
1786313997151906933,459
1786313997156903223,455
1786313997161879520,451
1786313997166926811,448
1786313997172878134,445
1786313997177890767,442
1786313997182966168,439
1786313997187925249,438
1786313997193889494,436
1786313997198933414,435
1786313997204055083,433
1786313997209233562,433
1786313997214939814,431
1786313997220206267,431
1786313997225414346,431
1786313997230163432,431
1786313997235937221,432
1786313997241210382,430
1786313997246208898,430
1786313997251235473,430
1786313997257025482,429
1786313997264057302,428
1786313997266951695,428
1786313997273804604,428
1786313997279214674,427
1786313997284084287,427
1786313997287969910,428
1786313997293067107,429
1786313997298952309,429
1786313997303868920,431
1786313997308988820,431
1786313997313955839,432
1786313997319922473,434
1786313997324975913,435
1786313997329867793,437
1786313997335887312,437
1786313997340974384,438
1786313997345903031,439
1786313997350931792,440
1786313997356872823,440
1786313997361912436,440
1786313997366921701,441
1786313997371917665,442
1786313997378567873,442
1786313997382978486,443
1786313997387896351,444
1786313997393053711,445
1786313997398940715,445
1786313997403875616,445
1786313997409161595,446
1786313997413923373,447
1786313997420186147,448
1786313997425046913,449
1786313997430002862,450
1786313997435223820,450
1786313997441318779,450
1786313997446012091,449
1786313997451143131,448
1786313997455966762,448
1786313997461958342,447
1786313997466923052,447
1786313997472066946,447
1786313997476925344,445
1786313997482888098,444
1786313997487860679,443
1786313997493037879,441
1786313997497953790,440
1786313997503923897,439
1786313997509011165,438
1786313997513993184,437
1786313997519887553,436
1786313997525000885,435
1786313997529912836,434
1786313997534993805,434
1786313997541319668,432
1786313997546018850,432
1786313997550925869,432
1786313997555866002,431
1786313997562020406,430
1786313997566842571,430
1786313997571953472,431
1786313997576950863,431
1786313997582836994,433
1786313997587929358,435
1786313997593034278,439
1786313997597951011,443
1786313997603894358,450
1786313997609024303,457
1786313997614005209,466
1786313997618925186,477
1786313997625035723,491
1786313997630008114,505
1786313997634929391,523
1786313997640021060,540
1786313997646013350,559
1786313997650896683,579
1786313997655851409,599
1786313997660983156,620
1786313997666897420,640
1786313997671877919,659
1786313997676990526,677
1786313997681875401,695
1786313997687885002,710
1786313997692995506,724
1786313997697999650,736
1786313997704095530,746
1786313997708987490,755
1786313997714027133,760
1786313997719080922,762
1786313997725024309,763
1786313997730098525,762
1786313997735105246,759
1786313997739877152,755
1786313997746052598,748
1786313997751141789,741
1786313997755892077,731
1786313997761007059,720
1786313997767012434,708
1786313997771869001,695
1786313997777030581,680
1786313997782148178,665
1786313997788076249,649
1786313997793042010,634
1786313997798193233,616
1786313997802925329,599
1786313997809101846,582
1786313997814042225,566
1786313997821945153,550
1786313997824057751,535
1786313997831217682,520
1786313997835747389,507
1786313997841834116,495
1786313997846445385,484
1786313997852308378,474
1786313997855894213,467
1786313997860876071,461
1786313997865900629,455
1786313997871910166,454
1786313997877154692,451
1786313997881941982,451
1786313997887882442,452
1786313997893166559,453
1786313997898253740,456
1786313997902943757,460
1786313997909186905,465
1786313997913982406,470
1786313997919314695,475
1786313997923923033,481
1786313997929986521,486
1786313997934917009,492
1786313997939854141,497
1786313997944949017,502
1786313997951203537,507
1786313997955970269,511
1786313997960954610,515
1786313997965912198,518
1786313997971915014,521
1786313997977033941,523
1786313997982056716,524
1786313997987196374,526
1786313997993328000,525
1786313997998111129,525
1786313998002922456,524
1786313998007958593,524
1786313998014380015,521
1786313998018992891,520
1786313998023857717,517
1786313998028899491,514
1786313998034983021,512
1786313998039872331,508
1786313998044908856,505
1786313998050870379,501
1786313998055849097,498
1786313998060982025,494
1786313998065884340,490
1786313998071961699,487
1786313998076973704,483
1786313998081914637,479
1786313998086876807,476
1786313998093120063,472
1786313998097885091,468
1786313998103028994,465
1786313998107848828,462
1786313998114005863,459
1786313998118829760,456
1786313998123862594,454
1786313998129033924,451
1786313998134926890,450
1786313998140008512,448
1786313998145050315,446
1786313998149922689,445
1786313998155970053,444
1786313998161063704,442
1786313998165859041,441
1786313998170984963,440
1786313998176996522,439
1786313998181882213,438
1786313998186880438,437
1786313998191890807,436
1786313998197831136,434
1786313998202980517,433
1786313998208023604,431
1786313998213146699,430
1786313998218833118,428
1786313998223880546,427
1786313998229100801,426
1786313998233993096,425
1786313998240089748,425
1786313998245151165,426
1786313998250012199,426
1786313998255981462,427
1786313998261140479,427
1786313998265979277,428
1786313998270986961,429
1786313998277152610,429
1786313998281997432,430
1786313998286975622,431
1786313998292151679,432
1786313998297978663,433
1786313998302982587,435
1786313998307883056,436
1786313998313023056,438
1786313998319004892,439
1786313998323999595,440
1786313998329147441,441
1786313998333995560,442
1786313998340137566,443
1786313998345044652,445
1786313998349985067,446
1786313998354993626,447
1786313998361102559,448
1786313998365976113,449
1786313998371143620,450
1786313998375984573,450
1786313998381948225,449
1786313998386983746,449
1786313998391900497,448
1786313998397006207,448
1786313998402987654,447
1786313998407923193,446
1786313998413032942,445
1786313998417907633,445
1786313998423891780,444
1786313998428993313,443
1786313998433946577,442
1786313998440043752,440
1786313998445011639,439
1786313998449962557,438
1786313998455144456,436
1786313998461052090,434
1786313998465967256,433
1786313998471142214,433
1786313998475918475,432
1786313998481892724,432
1786313998487019361,432
1786313998492101473,432
1786313998497028804,433
1786313998502998678,436
1786313998507972333,439
1786313998512978281,444
1786313998517855051,451
1786313998524131335,459
1786313998529159434,470
1786313998533894782,483
1786313998538976110,498
1786313998545124998,515
1786313998549932108,534
1786313998555158185,555
1786313998560161302,577
1786313998565968757,600
1786313998571147173,623
1786313998576051107,647
1786313998580889074,669
1786313998586945946,691
1786313998591882326,712
1786313998596954783,732
1786313998602147142,749
1786313998608153945,765
1786313998612888679,779
1786313998617981327,790
1786313998623949716,799
1786313998629008488,806
1786313998633950594,810
1786313998638977390,812
1786313998644930602,812
1786313998649977646,809
1786313998654980390,805
1786313998660036432,798
1786313998666008650,790
1786313998671151004,780
1786313998675894507,768
1786313998681093217,756
1786313998686988414,743
1786313998691872690,728
1786313998697058589,713
1786313998702174026,697
1786313998708154434,680
1786313998713153693,663
1786313998717993908,646
1786313998723165260,628
1786313998728858980,611
1786313998733977197,593
1786313998739173207,576
1786313998744175146,559
1786313998749995184,543
1786313998755099850,528
1786313998759951818,515
1786313998764931332,504
1786313998770987879,493
1786313998775906301,484
1786313998780976597,477
1786313998786951530,472
1786313998791875991,468
1786313998796910321,464
1786313998802137450,463
1786313998808167759,464
1786313998812991401,465
1786313998817956210,468
1786313998823138090,471
1786313998829000189,475
1786313998833946701,479
1786313998839118994,484
1786313998844056084,490
1786313998849940869,495
1786313998855142466,500
1786313998860021027,505
1786313998864839217,510
1786313998870928721,516
1786313998875852923,520
1786313998880938333,525
1786313998886101747,529
1786313998891900002,531
1786313998896940820,533
1786313998901996146,535
1786313998906999545,536
1786313998913111164,536
1786313998917988399,535
1786313998923020023,534
1786313998928143941,533
1786313998933989168,530
1786313998939020278,528
1786313998944070069,527
1786313998949007001,524
1786313998955014737,521
1786313998959868378,518
1786313998964933498,515
1786313998971095855,511
1786313998975935449,507
1786313998980980095,503
1786313998985988554,499
1786313998992120886,494
1786313998996851800,490
1786313999002024965,485
1786313999006842643,481
1786313999012887088,477
1786313999017964130,473
1786313999023127055,469
1786313999027980382,466
1786313999033892142,463
1786313999039140459,459
1786313999044011722,455
1786313999048907006,452
1786313999054983651,449
1786313999060023011,446
1786313999064879728,443
1786313999069983975,440
1786313999075882436,438
1786313999080868402,436
1786313999085985141,434
1786313999091153146,432
1786313999096848668,431
1786313999101979108,430
1786313999107153680,429
1786313999112045125,428
1786313999117951254,428
1786313999123143681,427
1786313999128131357,428
1786313999132985812,428
1786313999138978862,427
1786313999144023727,428
1786313999148974067,429
1786313999154984895,429
1786313999160129610,429
1786313999165009048,429
1786313999170018112,429
1786313999175911267,429
1786313999181065348,429
1786313999186014249,429
1786313999191137492,429
1786313999196962321,430
1786313999201986080,430
1786313999206979966,432
1786313999212127322,433
1786313999217937772,434
1786313999223051806,436
1786313999227882059,437
1786313999232969407,439
1786313999238977593,440
1786313999243870686,441
1786313999248976010,442
1786313999254141112,443
1786313999259943951,443
1786313999264983248,444
1786313999270013623,444
1786313999275020964,445
1786313999280954101,445
1786313999286014682,446
1786313999291147007,446
1786313999295960173,447
1786313999302014944,447
1786313999307017889,447
1786313999312132427,447
1786313999316910549,446
1786313999323018719,446
1786313999328027984,445
1786313999333008630,445
1786313999339029483,444
1786313999343943633,442
1786313999348960837,441
1786313999354120862,439
1786313999359909278,437
1786313999364964077,435
1786313999369977353,433
1786313999374984920,431
1786313999380877715,429
1786313999386019122,428
1786313999391148422,427
1786313999395888980,427
1786313999402005771,427
1786313999407077527,427
1786313999412026420,428
1786313999416848928,429
1786313999423092856,432
1786313999428086427,437
1786313999432854202,444
1786313999437984797,451
1786313999444037792,461
1786313999448928629,473
1786313999454130156,486
1786313999459128833,501
1786313999464930521,519
1786313999470115591,537
1786313999475132019,557
1786313999479860146,579
1786313999486037970,601
1786313999491188067,624
1786313999495941598,647
1786313999500913739,670
1786313999507112706,692
1786313999512000908,713
1786313999516890076,732
1786313999522977355,750
1786313999527874595,765
1786313999532893415,779
1786313999537976752,790
1786313999543976703,798
1786313999548960899,804
1786313999553907739,807
1786313999558975056,808
1786313999565096038,807
1786313999569881580,804
1786313999575151677,798
1786313999579859359,791
1786313999585985887,782
1786313999591009763,772
1786313999595894993,761
1786313999601123987,748
1786313999607075061,734
1786313999611864496,720
1786313999616889978,704
1786313999621947648,688
1786313999627868187,671
1786313999632916833,653
1786313999637947541,635
1786313999642975138,617
1786313999648995793,600
1786313999654055659,582
1786313999659153431,565
1786313999664008507,548
1786313999670047159,534
1786313999675012794,521
1786313999679894353,508
1786313999684940749,498
1786313999690883437,489
1786313999696111476,480
1786313999701098456,474
1786313999706922295,470
1786313999711908011,466
1786313999716971585,464
1786313999722096314,464
1786313999727902465,465
1786313999732864811,466
1786313999737972657,468
1786313999742865599,471
1786313999748863430,474
1786313999754150282,479
1786313999758936925,483
1786313999763934191,487
1786313999770066996,493
1786313999774924776,498
1786313999780262032,503
1786313999784923117,508
1786313999790856437,513
1786313999796978577,517
1786313999801406880,521
1786313999806327044,524
1786313999812803977,527
1786313999816866937,528
1786313999822097831,529
1786313999826902081,529
1786313999832944095,529
1786313999838528507,529
1786313999842891070,528
1786313999847886047,527
1786313999854084466,526
1786313999858979712,525
1786313999864555985,523
1786313999869076448,521
1786313999875261498,518
1786313999880176535,515
1786313999884948608,511
1786313999890899265,508
1786313999896929343,504
1786313999900963144,500
1786313999906351197,497
1786313999912194096,493
1786313999917113736,489
1786313999921996800,486
1786313999926861232,482
1786313999932890212,478
1786313999937972837,474
1786313999942976680,469
1786313999948295783,465
1786313999953985608,460
1786313999959016716,456
1786313999963926781,452
1786313999968968873,448
1786313999975174893,445
1786313999979919453,442
1786313999984948374,439
1786313999989976624,438
1786313999995895092,435
1786314000000903548,433
1786314000005986786,432
1786314000010942679,431
1786314000016898521,430
1786314000021897398,429
1786314000027083388,429
1786314000032220520,428
1786314000037899816,428
1786314000042969998,429
1786314000048440054,429
1786314000052888616,429
1786314000059025344,430
1786314000064032407,430
1786314000069131546,431
1786314000075158861,432
1786314000079976791,432
1786314000084912997,433
1786314000090102312,434
1786314000095899812,434
1786314000100870257,435
1786314000106089566,436
1786314000110823321,436
1786314000116859997,436
1786314000121936362,436
1786314000126867161,436
1786314000132113008,435
1786314000138689110,434
1786314000142918288,434
1786314000147878262,434
1786314000152907095,433
1786314000158882937,433
1786314000165695020,434
1786314000168841557,435
1786314000173829379,435
1786314000179893928,436
1786314000184876681,437
1786314000189855172,438
1786314000194840155,439
1786314000200900259,439
1786314000205864641,440
1786314000211051089,441
1786314000215861768,441
1786314000221859922,441
1786314000226845215,442
1786314000231969699,442
1786314000236882307,442
1786314000242911200,442
1786314000248024883,442
1786314000252968272,442
1786314000258957193,441
1786314000263987346,441
1786314000269014175,440
1786314000273999497,439
1786314000279966301,438
1786314000284874414,437
1786314000289867579,437
1786314000294994003,436
1786314000300986924,435
1786314000305960172,434
1786314000310849321,432
1786314000315940252,431
1786314000321918358,430
1786314000326958607,429
1786314000331903702,428
1786314000336888508,427
1786314000343135564,426
1786314000347973262,426
1786314000353023036,425
1786314000358065373,425
1786314000363978370,425
1786314000369010987,426
1786314000374141507,427
1786314000378949941,429
1786314000384993804,432
1786314000390145835,438
1786314000394932503,445
1786314000400135397,453
1786314000406082121,463
1786314000410921971,475
1786314000415888815,489
1786314000421135891,506
1786314000427134263,524
1786314000431931405,543
1786314000437131079,564
1786314000443149669,585
1786314000447934786,608
1786314000452994427,630
1786314000458117627,652
1786314000463980066,673
1786314000469142977,693
1786314000474131311,713
1786314000478879576,731
1786314000484986417,747
1786314000490143507,760
1786314000495079059,772
1786314000499989808,781
1786314000506140078,788
1786314000510914137,792
1786314000516014153,794
1786314000521156853,794
1786314000527138800,791
1786314000532010970,787
1786314000537012419,780
1786314000542014362,771
1786314000547940516,761
1786314000552988629,748
1786314000557951147,735
1786314000563103898,720
1786314000568984909,704
1786314000574157309,688
1786314000578966973,670
1786314000584124629,653
1786314000590105167,636
1786314000594895706,616
1786314000599931140,596
1786314000605092509,578
1786314000611119644,560
1786314000615850458,543
1786314000620943971,526
1786314000627137773,510
1786314000631869228,496
1786314000637130924,483
1786314000642124414,473
1786314000647894350,463
1786314000652958975,456
1786314000658141767,450
1786314000663096566,446
1786314000669069142,444
1786314000674160960,443
1786314000678919325,443
1786314000684035571,445
1786314000690141257,448
1786314000694837898,452
1786314000699982539,456
1786314000705143218,461
1786314000711146032,466
1786314000715985163,472
1786314000721140174,477
1786314000726144520,483
1786314000732039876,489
1786314000737161392,495
1786314000742059627,500
1786314000746984466,506
1786314000753161586,512
1786314000758089399,516
1786314000762881959,520
1786314000767973168,523
1786314000774161003,526
1786314000779039422,528
1786314000784015107,529
1786314000789948195,529
1786314000794893345,529
1786314000799987358,527
1786314000804943104,527
1786314000810975598,525
1786314000816102209,523
1786314000821055567,520
1786314000826131768,517
1786314000832036982,513
1786314000837136717,510
1786314000842139048,506
1786314000846923785,502
1786314000853008721,498
1786314000858140044,493
1786314000862905609,489
1786314000868014104,484
1786314000874173354,479
1786314000879107968,475
1786314000883992913,471
1786314000889137116,467
1786314000894931099,464
1786314000899976540,460
1786314000905143785,457
1786314000910134564,454
1786314000915978679,451
1786314000920937025,447
1786314000926010906,445
1786314000930979127,443
1786314000936987181,441
1786314000942013305,440
1786314000947035369,439
1786314000951983937,438
1786314000958016119,436
1786314000962874859,435
1786314000967998621,434
1786314000973883849,433
1786314000979012085,432
1786314000985327635,432
1786314000989050384,431
1786314000995570316,430
1786314001000078817,429
1786314001004984355,428
1786314001009863004,427
1786314001015836515,427
1786314001020828386,427
1786314001025810287,427
1786314001030878771,428
1786314001036822438,427
1786314001041843349,426
1786314001046837630,426
1786314001051838242,426
1786314001057868004,425
1786314001062921137,425
1786314001068413955,426
1786314001072838895,425
1786314001078914847,426
1786314001083907670,427
1786314001088867276,428
1786314001093820087,429
1786314001100465727,430
1786314001104824476,431
1786314001109872645,433
1786314001114972204,434
1786314001120970555,436
1786314001125990207,437
1786314001130927861,439
1786314001135929921,440
1786314001142040875,441
1786314001146924543,442
1786314001151881952,443
1786314001157864816,443
1786314001162877508,442
1786314001167866149,442
1786314001172858295,441
1786314001178825964,441
1786314001183999572,440
1786314001188850839,440
1786314001194127137,439
1786314001199894066,439
1786314001204880790,439
1786314001209978083,439
1786314001214910227,439
1786314001221125905,440
1786314001226114314,440
1786314001231002120,440
1786314001235905981,440
1786314001242114752,440
1786314001247020165,440
1786314001251866742,439
1786314001257162750,438
1786314001262932302,437
1786314001268058136,435
1786314001273142075,434
1786314001277890817,433
1786314001284002316,432
1786314001289030461,432
1786314001294124147,432
1786314001299260155,431
1786314001304897742,431
1786314001309930558,430
1786314001316860387,430
1786314001319990684,430
1786314001326078850,430
1786314001330855417,431
1786314001336050730,432
1786314001342143537,434
1786314001346860849,438
1786314001351925625,444
1786314001356984842,452
1786314001363200506,462
1786314001367851727,473
1786314001372965136,487
1786314001378037259,503
1786314001383931942,521
1786314001388992816,539
1786314001393965929,559
1786314001399045757,579
1786314001405015218,601
1786314001410079403,623
1786314001415215289,644
1786314001419913545,665
1786314001425938921,684
1786314001431304233,702
1786314001435963666,718
1786314001440954914,732
1786314001447123248,745
1786314001451940096,754
1786314001457016302,762
1786314001463025765,767
1786314001467842933,771
1786314001472934685,771
1786314001477802154,770
1786314001482958532,767
1786314001489015434,762
1786314001493837898,756
1786314001499156976,748
1786314001504084352,736
1786314001509856770,725
1786314001515187976,711
1786314001519860417,697
1786314001525854643,682
1786314001531365652,666
1786314001536110693,649
1786314001540856782,632
1786314001547161709,614
1786314001551982281,596
1786314001557124449,578
1786314001562900289,560
1786314001567922079,543
1786314001572986048,527
1786314001577840902,512
1786314001582937400,499
1786314001588985912,488
1786314001593839884,478
1786314001599118805,470
1786314001603925769,463
1786314001609878406,459
1786314001615229193,456
1786314001619874701,454
1786314001625058499,454
1786314001630860073,455
1786314001635915497,457
1786314001640938222,460
1786314001645882438,464
1786314001651915330,469
1786314001656976937,474
1786314001661969707,479
1786314001666976742,486
1786314001673066216,491
1786314001677928645,497
1786314001682993333,502
1786314001687974224,509
1786314001693996078,514
1786314001698899301,518
1786314001703961958,523
1786314001709950560,527
1786314001715072061,529
1786314001720066554,531
1786314001725068764,534
1786314001730861824,536
1786314001735887179,537
1786314001741123970,537
1786314001745888857,537
1786314001752015623,536
1786314001757127632,534
1786314001761913120,532
1786314001767007691,530
1786314001772970688,528
1786314001777852040,524
1786314001783019231,521
1786314001787972769,517
1786314001794023662,513
1786314001798924479,508
1786314001804001899,504
1786314001809004320,500
1786314001815021813,496
1786314001819992687,492
1786314001824986322,488
1786314001829934317,483
1786314001836001555,479
1786314001840996639,476
1786314001845834401,472
1786314001851011900,469
1786314001856997018,466
1786314001861836188,463
1786314001866901627,460
1786314001871993206,457
1786314001877824062,454
1786314001883142588,452
1786314001888005031,451
1786314001893851877,448
1786314001898930443,446
1786314001903920562,444
1786314001908991905,443
1786314001914925844,441
1786314001919997696,440
1786314001925090951,439
1786314001929983621,439
1786314001935979001,439
1786314001941147750,438
1786314001945932275,438
1786314001950980176,437
1786314001957136332,435
1786314001961915752,434
1786314001967134554,434
1786314001972137276,433
1786314001977906512,432
1786314001982946380,432
1786314001987975261,433
1786314001992996674,435
1786314001998914249,435
1786314002003908101,436
1786314002009106722,436
1786314002014008360,437
1786314002019980559,437
1786314002024974119,438
1786314002029985621,438
1786314002034976260,439
1786314002040978708,439
1786314002045891770,440
1786314002050871222,440
1786314002055969222,441
1786314002061827229,441
1786314002067094454,441
1786314002072008376,441
1786314002077896789,441
1786314002082906858,441
1786314002087870616,441
1786314002092866093,441
1786314002098911610,441
1786314002103825776,442
1786314002108840043,442
1786314002113924953,442
1786314002119845064,442
1786314002124868764,442
1786314002129889160,442
1786314002134972093,442
1786314002140971664,442
1786314002146002230,442
1786314002150979874,442
1786314002155974698,442
1786314002161902173,441
1786314002166983696,440
1786314002171963716,440
1786314002176971824,439
1786314002182971086,438
1786314002188120135,438
1786314002193092411,437
1786314002197882988,438
1786314002203966828,438
1786314002208965277,441
1786314002213923456,443
1786314002219095497,448
1786314002225140448,455
1786314002229869756,464
1786314002235102487,474
1786314002241082714,486
1786314002246034202,501
1786314002251120682,517
1786314002256150045,534
1786314002261909119,553
1786314002266969211,574
1786314002272100955,594
1786314002276956302,615
1786314002283078656,637
1786314002288118579,658
1786314002293099741,679
1786314002297903951,698
1786314002303884673,716
1786314002308971458,733
1786314002313877020,748
1786314002319029934,761
1786314002325127481,772
1786314002330088988,781
1786314002335121298,788
1786314002340124616,792
1786314002345909215,795
1786314002351116079,794
1786314002356152108,791
1786314002360971162,786
1786314002367020772,779
1786314002372073143,771
1786314002376876431,761
1786314002381875851,749
1786314002388021598,737
1786314002393076851,722
1786314002398051823,707
1786314002403157658,691
1786314002409135655,675
1786314002414029265,657
1786314002419023016,640
1786314002424842720,622
1786314002430000111,604
1786314002435159173,585
1786314002440242566,568
1786314002445892880,552
1786314002451155943,536
1786314002456157713,521
1786314002460996847,508
1786314002466975195,495
1786314002472080594,485
1786314002476857060,476
1786314002482007130,469
1786314002487991346,463
1786314002493254878,459
1786314002498003665,456
1786314002503001891,456
1786314002509134700,457
1786314002513966220,459
1786314002518927853,461
1786314002524137924,465
1786314002529952614,469
1786314002535117625,474
1786314002540138920,479
1786314002544952317,485
1786314002550933259,491
1786314002556147367,497
1786314002561114475,503
1786314002565885927,509
1786314002572171682,515
1786314002576864871,520
1786314002581857285,525
1786314002586936002,529
1786314002593060968,533
1786314002597880301,535
1786314002602984504,537
1786314002608795811,538
1786314002613830591,539
1786314002619140427,538
1786314002624134654,538
1786314002629906778,536
1786314002634973946,534
1786314002639969010,532
1786314002644826270,529
1786314002651013411,526
1786314002656085267,522
1786314002660888174,519
1786314002666002243,514
1786314002671935968,510
1786314002676901298,505
1786314002681999697,500
1786314002686881021,496
1786314002693067088,492
1786314002697942138,487
1786314002702934856,483
1786314002708141204,480
1786314002713985411,475
1786314002719009518,471
1786314002724154458,468
1786314002728915995,465
1786314002734880668,461
1786314002740124632,458
1786314002744867746,455
1786314002749864153,453
1786314002756129997,450
1786314002760927088,448
1786314002766051086,445
1786314002770884273,443
1786314002776942213,441
1786314002782002157,439
1786314002786856099,437
1786314002792932115,435
1786314002797890413,435
1786314002803006309,434
1786314002808120228,433
1786314002813991593,433
1786314002819016040,432
1786314002824096426,432
1786314002828877880,433
1786314002834906561,432
1786314002840122354,432
1786314002844901212,432
1786314002849912859,433
1786314002856121180,432
1786314002860881542,432
1786314002865885020,432
1786314002870916756,431
1786314002876966299,432
1786314002882006349,433
1786314002887000140,435
1786314002892155373,435
1786314002897883428,436
1786314002902934016,437
1786314002908117925,439
1786314002912894683,439
1786314002918910310,439
1786314002923966839,440
1786314002928936403,441
1786314002933907712,442
1786314002939937670,443
1786314002944965775,444
1786314002949849449,444
1786314002954966629,445
1786314002960895582,446
1786314002965868883,446
1786314002970913612,447
1786314002975904587,447
1786314002981919006,447
1786314002986999406,447
1786314002992107446,447
1786314002997860108,446
1786314003003040497,446
1786314003007961973,445
1786314003012922072,445
1786314003019046280,443
1786314003024006253,443
1786314003028941397,442
1786314003033936394,441
1786314003039874352,440
1786314003044856646,440
1786314003049912176,439
1786314003054992852,438
1786314003060830035,438
1786314003065979674,438
1786314003070995551,438
1786314003075815867,439
1786314003082006855,441
1786314003086971178,444
1786314003091961672,448
1786314003096906200,454
1786314003102974064,463
1786314003107945728,474
1786314003112858675,487
1786314003117900029,502
1786314003123862958,519
1786314003128884348,539
1786314003133971607,559
1786314003138984182,582
1786314003144900826,605
1786314003149864742,629
1786314003154965106,653
1786314003159888026,677
1786314003165868805,700
1786314003170988814,722
1786314003175827269,743
1786314003182013619,763
1786314003186979310,780
1786314003192143098,795
1786314003197015128,808
1786314003202980915,818
1786314003208015414,826
1786314003213007980,831
1786314003217910071,833
1786314003224092267,834
1786314003228846411,831
1786314003234013506,826
1786314003239137798,819
1786314003245099202,810
1786314003250126179,799
1786314003255164193,787
1786314003259895643,772
1786314003266026723,759
1786314003271136512,743
1786314003276691263,727
1786314003280882593,710
1786314003287080476,693
1786314003291950779,675
1786314003296907092,656
1786314003301873980,638
1786314003307969426,620
1786314003312963857,600
1786314003317907304,582
1786314003322965951,565
1786314003328967718,549
1786314003333946956,533
1786314003338971953,519
1786314003344919643,507
1786314003349869559,496
1786314003354958401,487
1786314003359845053,479
1786314003365874679,473
1786314003371159488,469
1786314003375862762,466
1786314003380897943,464
1786314003386974150,464
1786314003391920741,465
1786314003396898837,468
1786314003402122066,472
1786314003407879168,477
1786314003412889930,482
1786314003417918039,488
1786314003422999445,495
1786314003428896805,501
1786314003433895647,506
1786314003438962111,513
1786314003443908325,518
1786314003450259392,524
1786314003455109572,529
1786314003459903004,534
1786314003465035156,538
1786314003471074911,542
1786314003475872695,544
1786314003480932637,547
1786314003485984162,549
1786314003491918790,551
1786314003497059178,551
1786314003502123527,551
1786314003507010978,551
1786314003512927170,549
1786314003518128562,548
1786314003523060921,545
1786314003528790184,542
1786314003533932945,538
1786314003539102195,533
1786314003543947223,529
1786314003550003966,524
1786314003554985884,518
1786314003560155732,513
1786314003564932166,507
1786314003571133774,501
1786314003575827460,495
1786314003580977319,489
1786314003586129034,484
1786314003592062551,479
1786314003596950638,474
1786314003601968328,469
1786314003606974496,465
1786314003612984229,461
1786314003618010316,457
1786314003623007362,453
1786314003627972952,451
1786314003634015582,448
1786314003639135209,445
1786314003643876399,444
1786314003649106854,442
1786314003655036915,441
1786314003659957709,439
1786314003664936067,438
1786314003670086295,436
1786314003675973620,434
1786314003681004013,433
1786314003686152927,432
1786314003691154892,430
1786314003697006968,429
1786314003701942741,429
1786314003707117824,429
1786314003712785560,429
1786314003717954214,428
1786314003723006703,429
1786314003728038475,429
1786314003733972059,428
1786314003739133162,428
1786314003743857363,429
1786314003749151840,429
1786314003755051020,428
1786314003759946414,427
1786314003765133221,428
1786314003770156039,428
1786314003775914760,429
1786314003781080457,429
1786314003786153526,431
1786314003791144471,432
1786314003797056666,432
1786314003802138931,434
1786314003807148162,436
1786314003811974362,438
1786314003817979310,439
1786314003822967517,441
1786314003827929057,442
1786314003832969312,443
1786314003838971892,444
1786314003843892603,444
1786314003849071513,445
1786314003854161331,445
1786314003859874944,446
1786314003865151586,446
1786314003870153921,445
1786314003875220695,446
1786314003881007036,446
1786314003886153760,446
1786314003891147210,447
1786314003896912341,446
1786314003902143880,447
1786314003907114257,446
1786314003912154064,446
1786314003918148519,445
1786314003923149186,445
1786314003927930862,444
1786314003932969026,443
1786314003938967309,442
1786314003944039080,441
1786314003949133068,440
1786314003954148689,438
1786314003959896504,437
1786314003965161592,436
1786314003970149288,435
1786314003975142047,434
1786314003981150559,434
1786314003986152685,434
1786314003991051051,435
1786314003995962575,436
1786314004002003268,439
1786314004006818633,444
1786314004011949994,450
1786314004016995795,458
1786314004023133833,468
1786314004028212440,481
1786314004033136064,495
1786314004038055439,512
1786314004043902351,530
1786314004049050535,551
1786314004054052099,573
1786314004058907564,597
1786314004065046273,622
1786314004069931023,647
1786314004075131471,672
1786314004080032688,696
1786314004086022828,718
1786314004091120930,740
1786314004096012004,761
1786314004102144051,779
1786314004107115430,796
1786314004111958244,810
1786314004116961891,822
1786314004123099898,831
1786314004128080864,838
1786314004132964870,841
1786314004138123709,843
1786314004143879196,842
1786314004148964365,838
1786314004154153410,832
1786314004158898512,824
1786314004165118889,813
1786314004170113221,802
1786314004174992082,788
1786314004179930886,773
1786314004185937123,757
1786314004191123142,740
1786314004195831761,722
1786314004201111622,703
1786314004207146921,684
1786314004211955661,664
1786314004216888327,644
1786314004222110237,626
1786314004227932308,606
1786314004233116905,587
1786314004238140160,568
1786314004242911893,551
1786314004249122963,536
1786314004254156902,521
1786314004258972136,507
1786314004264830341,496
1786314004270052539,486
1786314004274841346,478
1786314004279924711,472
1786314004286117988,467
1786314004291120429,465
1786314004295960771,463
1786314004301119242,463
1786314004307121159,464
1786314004311944608,466
1786314004316952189,469
1786314004321942214,473
1786314004328045894,478
1786314004333113014,483
1786314004338118633,488
1786314004342882998,494
1786314004349114210,499
1786314004354153010,504
1786314004358898625,509
1786314004364046245,514
1786314004370123796,518
1786314004374875520,522
1786314004379956041,526
1786314004384963701,529
1786314004391109161,531
1786314004395866892,533
1786314004401131573,534
1786314004406041025,535
1786314004412126760,534
1786314004417133200,533
1786314004422171464,531
1786314004427004101,529
1786314004433132633,525
1786314004438129320,521
1786314004442898581,517
1786314004449063266,513
1786314004454161693,508
1786314004458905064,503
1786314004464034054,499
1786314004469971628,495
1786314004474824392,491
1786314004479870851,486
1786314004485135021,482
1786314004491131170,478
1786314004495852307,473
1786314004501066476,469
1786314004506117820,464
1786314004512079323,460
1786314004517165908,456
1786314004522130487,452
1786314004526854235,449
1786314004533079332,445
1786314004538121725,441
1786314004542880495,438
1786314004548111502,435
1786314004554140682,432
1786314004558893044,429
1786314004564107627,427
1786314004569132179,425
1786314004574875408,423
1786314004579963627,421
1786314004585123056,420
1786314004590121899,420
1786314004595907670,418
1786314004600933385,418
1786314004606115953,417
1786314004611055144,416
1786314004617126070,415
1786314004622099118,416
1786314004626888169,415
1786314004632872405,415
1786314004638132323,415
1786314004642868795,415
1786314004648109054,416
1786314004654145661,416
1786314004658948456,417
1786314004663937314,417
1786314004669117628,418
1786314004674924599,418
1786314004679897506,419
1786314004685071635,419
1786314004689881869,420
1786314004695886399,420
1786314004701026034,421
1786314004706145710,422
1786314004711025588,423
1786314004717064906,423
1786314004722141098,423
1786314004726882154,423
1786314004732081381,423
1786314004737930363,424
1786314004742893917,425
1786314004748108025,426
1786314004753106121,426
1786314004758959383,427
1786314004764112102,428
1786314004769146848,429
1786314004774110365,429
1786314004780150580,430
1786314004785148014,431
1786314004790140211,431
1786314004795900701,431
1786314004801150834,432
1786314004806141683,433
1786314004811111734,434
1786314004817143290,434
1786314004822046021,435
1786314004827032956,435
1786314004832147405,435
1786314004838132488,434
1786314004842904364,434
1786314004847931768,434
1786314004852890455,434
1786314004858882653,433
1786314004864047727,432
1786314004869086016,431
1786314004874278439,429
1786314004879916240,427
1786314004885168976,425
1786314004889885203,423
1786314004894895376,421
1786314004900872610,419
1786314004905860744,418
1786314004910856964,416
1786314004915972496,415
1786314004921973616,414
1786314004926831476,413
1786314004931867181,413
1786314004936972771,413
1786314004942845273,414
1786314004947986756,416
1786314004952967888,420
1786314004957856743,425
1786314004963872638,433
1786314004968974536,441
1786314004973964077,452
1786314004979877839,465
1786314004984965629,481
1786314004989963740,498
1786314004994866997,517
1786314005000854106,539
1786314005005900579,561
1786314005010923265,585
1786314005015913029,609
1786314005021976872,634
1786314005026863001,658
1786314005032039211,683
1786314005036965427,706
1786314005042860900,728
1786314005047995544,748
1786314005052963581,766
1786314005057858408,782
1786314005063994129,795
1786314005068964170,806
1786314005073926980,813
1786314005079094918,818
1786314005085066720,821
1786314005090077195,821
1786314005094897049,819
1786314005099988646,814
1786314005105960810,808
1786314005110897375,799
1786314005115983012,788
1786314005120970082,775
1786314005126879784,760
1786314005131890625,744
1786314005136965590,727
1786314005141825344,710
1786314005148021467,692
1786314005152986241,673
1786314005157866232,654
1786314005164018167,635
1786314005168991261,615
1786314005173950120,595
1786314005178965595,576
1786314005185124908,558
1786314005190120222,541
1786314005195074552,525
1786314005200138094,511
1786314005206070450,499
1786314005211004889,487
1786314005216128791,478
1786314005220992552,470
1786314005226900442,464
1786314005232132072,459
1786314005237144711,455
1786314005241872716,454
1786314005248126883,454
1786314005253154732,455
1786314005257976599,457
1786314005263120003,460
1786314005269155803,464
1786314005273924480,469
1786314005278972333,473
1786314005284145380,479
1786314005290105456,484
1786314005294859522,489
1786314005299975858,495
1786314005305086117,501
1786314005310915123,507
1786314005315945470,512
1786314005321126494,517
1786314005326932038,522
1786314005332134159,526
1786314005337128331,529
1786314005341914667,532
1786314005348122486,534
1786314005353157436,535
1786314005357982863,535
1786314005362975091,535
1786314005369129711,534
1786314005373950945,532
1786314005378923240,530
1786314005384131666,528
1786314005390117707,525
1786314005394927591,521
1786314005399929085,517
1786314005405128468,513
1786314005410975146,508
1786314005416137652,503
1786314005421124101,498
1786314005425899222,494
1786314005432117714,489
1786314005437123909,483
1786314005441904342,479
1786314005446999643,475
1786314005453159855,471
1786314005457975582,467
1786314005463002176,463
1786314005468126419,461
1786314005473928532,458
1786314005479016583,455
1786314005484127720,452
1786314005489132842,450
1786314005494865973,447
1786314005499991304,444
1786314005505051604,442
1786314005510794791,440
1786314005515985399,438
1786314005521135230,435
1786314005525909936,434
1786314005531998592,433
1786314005537254222,431
1786314005541852361,430
1786314005547141142,430
1786314005553146757,429
1786314005557877661,429
1786314005563121546,429
1786314005568131769,429
1786314005573872351,429
1786314005579123353,429
1786314005584129994,428
1786314005589137135,428
1786314005595123126,427
1786314005600136316,427
1786314005605137174,427
1786314005609863965,427
1786314005616131187,427
1786314005621129188,428
1786314005625963449,430
1786314005631079124,432
1786314005637102500,433
1786314005641957497,435
1786314005646828125,437
1786314005651859658,438
1786314005657886520,440
1786314005662985123,443
1786314005667963885,444
1786314005672967158,446
1786314005678876887,448
1786314005683861196,450
1786314005688857523,452
1786314005694996967,453
1786314005699964282,454
1786314005705016072,454
1786314005709849421,455
1786314005715994285,455
1786314005720963900,455
1786314005725822641,455
1786314005731040508,454
1786314005736947871,453
1786314005741822901,452
1786314005746963077,451
1786314005751937980,450
1786314005757931332,449
1786314005762984004,448
1786314005767965086,447
1786314005772960836,445
1786314005778831856,443
1786314005783816320,442
1786314005788820521,441
1786314005793839411,439
1786314005799940169,437
1786314005805142166,435
1786314005809865461,433
1786314005815105623,431
1786314005821138676,428
1786314005825890111,427
1786314005831112522,425
1786314005836154689,424
1786314005841903509,423
1786314005847115437,423
1786314005852155951,423
1786314005856850698,424
1786314005863156400,424
1786314005867998491,427
1786314005873153367,429
1786314005879121567,434
1786314005884152243,440
1786314005889135310,448
1786314005894020716,456
1786314005899995731,468
1786314005904989512,481
1786314005909896416,497
1786314005914881913,514
1786314005920960945,532
1786314005925856390,553
1786314005930993675,574
1786314005936140029,597
1786314005941891423,619
1786314005946955929,642
1786314005952119098,664
1786314005956891737,686
1786314005962957889,706
1786314005967927696,725
1786314005972959918,742
1786314005977960853,757
1786314005984120724,771
1786314005989123791,782
1786314005994051405,790
1786314005999106136,796
1786314006004895022,800
1786314006009879991,802
1786314006015130396,800
1786314006020039521,797
1786314006025868562,792
1786314006030961582,784
1786314006035921126,774
1786314006040973450,764
1786314006047134356,751
1786314006052140716,737
1786314006056945437,722
1786314006063128862,706
1786314006068136756,690
1786314006073111163,672
1786314006078120639,654
1786314006084140633,635
1786314006089123418,616
1786314006093917895,597
1786314006098961020,578
1786314006105131009,559
1786314006109827828,542
1786314006115033791,525
1786314006120046951,510
1786314006125888982,496
1786314006130970593,484
1786314006135968319,473
1786314006140953920,464
1786314006146906424,458
1786314006151982934,452
1786314006156960419,449
1786314006162079790,447
1786314006168143158,447
1786314006172989970,447
1786314006177969942,449
1786314006183130249,453
1786314006189126383,458
1786314006193961980,462
1786314006199125281,467
1786314006204131747,474
1786314006209947782,480
1786314006215009487,487
1786314006220051369,493
1786314006225776165,499
1786314006230958164,505
1786314006235905172,511
1786314006240881350,516
1786314006246867082,521
1786314006251936622,525
1786314006256933285,528
1786314006261961213,530
1786314006267929901,532
1786314006272956445,533
1786314006277959121,534
1786314006283112161,534
1786314006289121264,532
1786314006293953221,531
1786314006299106736,528
1786314006304125199,526
1786314006310033310,523
1786314006315042000,520
1786314006320031561,517
1786314006324853767,514
1786314006331157440,510
1786314006336145107,505
1786314006340849635,501
1786314006345997261,495
1786314006352152412,491
1786314006356970055,486
1786314006362010229,482
1786314006367142876,477
1786314006372902565,472
1786314006377999123,468
1786314006382971586,464
1786314006388001034,460
1786314006394119744,456
1786314006399128103,452
1786314006404126435,449
1786314006409895024,446
1786314006414968723,442
1786314006419986942,440
1786314006424950629,437
1786314006430970516,435
1786314006435999365,432
1786314006440947352,429
1786314006445959172,428
1786314006452143960,426
1786314006456977958,423
1786314006462079041,423
1786314006467132641,421
1786314006472867491,421
1786314006478085394,421
1786314006483135551,421
1786314006488144882,422
1786314006494143321,421
1786314006499137478,421
1786314006504133484,421
1786314006508870784,420
1786314006515037205,420
1786314006520080109,420
1786314006525655086,420
1786314006530047926,420
1786314006536127692,420
1786314006540925713,421
1786314006546017354,422
1786314006551125784,423
1786314006557013994,424
1786314006561954801,425
1786314006567128854,426
1786314006572129597,428
1786314006578128136,429
1786314006583123946,430
1786314006588127555,432
1786314006593100158,432
1786314006599126155,434
1786314006604134078,435
1786314006608859876,436
1786314006614970595,437
1786314006619901241,438
1786314006624975173,439
1786314006630005782,440
1786314006636064510,440
1786314006640956877,440
1786314006646065833,440
1786314006650998398,440
1786314006657031855,440
1786314006661992320,440
1786314006667000235,440
1786314006672128863,439
1786314006677990889,438
1786314006683128159,437
1786314006688128009,437
1786314006693056324,436
1786314006699128738,435
1786314006704128904,434
1786314006708854796,433
1786314006713951967,432
1786314006720145812,430
1786314006724884526,429
1786314006730069642,428
1786314006734970047,426
1786314006740934192,425
1786314006745969965,425
1786314006751128546,424
1786314006755885042,423
1786314006762000328,423
1786314006767111586,423
1786314006772045082,424
1786314006776896510,425
1786314006782928911,427
1786314006787960211,430
1786314006792935739,435
1786314006798928628,442
1786314006803967445,451
1786314006808961536,461
1786314006813960266,475
1786314006819956427,490
1786314006824891648,508
1786314006829923432,529
1786314006834981335,553
1786314006840960169,577
1786314006845957430,603
1786314006850957959,629
1786314006855851171,656
1786314006862109593,683
1786314006867047285,709
1786314006872151777,734
1786314006876996519,759
1786314006882962884,781
1786314006887955482,801
1786314006893003127,820
1786314006897955337,836
1786314006903958943,849
1786314006908871042,858
1786314006913963554,865
1786314006918952750,870
1786314006925063754,871
1786314006930023220,870
1786314006935062987,865
1786314006939860429,860
1786314006945897906,851
1786314006950858615,842
1786314006955854538,830
1786314006960906905,817
1786314006966858620,802
1786314006971814554,786
1786314006977002766,769
1786314006982961964,751
1786314006987946589,733
1786314006992878230,714
1786314006997956738,694
1786314007003978055,674
1786314007008854962,654
1786314007013936044,633
1786314007018932987,613
1786314007024857186,594
1786314007029917480,575
1786314007035141356,558
1786314007041245735,542
1786314007046050615,527
1786314007051115926,515
1786314007055847558,504
1786314007060929527,494
1786314007066927593,487
1786314007072096659,481
1786314007077068400,476
1786314007082122811,474
1786314007088115727,473
1786314007093109990,473
1786314007098104202,474
1786314007103111444,477
1786314007108845381,481
1786314007113963718,485
1786314007118964424,490
1786314007123866513,496
1786314007130003786,501
1786314007135128314,507
1786314007139945430,512
1786314007145854146,517
1786314007151074854,523
1786314007155889658,527
1786314007161003054,531
1786314007166916913,535
1786314007171980351,539
1786314007176891800,542
1786314007182001149,544
1786314007187984282,545
1786314007192948919,546
1786314007197989365,545
1786314007202983086,545
1786314007208881264,544
1786314007213982312,541
1786314007218976228,539
1786314007224212147,536
1786314007229985968,533
1786314007234983122,529
1786314007239817126,525
1786314007244979645,520
1786314007250958859,516
1786314007255842101,510
1786314007260973539,505
1786314007265959241,499
1786314007271978015,494
1786314007276885858,488
1786314007281899162,483
1786314007286898227,477
1786314007292923568,471
1786314007297900422,467
1786314007302986963,463
1786314007307884084,459
1786314007313982480,454
1786314007319115657,451
1786314007323874403,448
1786314007329930039,444
1786314007335010186,441
1786314007339925896,439
1786314007345046287,436
1786314007351009174,434
1786314007355849728,431
1786314007360980433,429
1786314007366063966,427
1786314007371962471,425
1786314007376971130,423
1786314007382122068,422
1786314007387121031,420
1786314007392980048,419
1786314007398119110,418
1786314007403146358,417
1786314007407865622,418
1786314007413872214,417
1786314007419115154,418
1786314007424009291,418
1786314007429107502,418
1786314007435111584,418
1786314007439866314,419
1786314007445127121,420
1786314007450180369,421
1786314007455881960,421
1786314007461060365,422
1786314007466128292,423
1786314007471127030,424
1786314007476921428,425
1786314007482122918,427
1786314007487126852,428
1786314007492095686,430
1786314007498121543,431
1786314007503127954,432
1786314007507851328,433
1786314007513105503,433
1786314007519133174,434
1786314007524174901,435
1786314007529129767,435
1786314007535119987,436
1786314007539903078,437
1786314007545100623,437
1786314007550086756,436
1786314007555876545,436
1786314007561005937,435
1786314007566138409,435
1786314007571117842,436
1786314007577037654,435
1786314007582139284,435
1786314007587130729,436
1786314007592022315,436
1786314007598134882,436
1786314007603112461,437
1786314007607953528,438
1786314007613103411,438
1786314007619133377,438
1786314007623846141,439
1786314007629123145,438
1786314007634153400,437
1786314007639896908,436
1786314007645185361,435
1786314007649975240,435
1786314007654921619,434
1786314007661057645,434
1786314007666016280,434
1786314007671114642,434
1786314007676129928,433
1786314007682082035,432
1786314007687121777,432
1786314007692120559,431
1786314007697100418,429
1786314007703124301,429
1786314007708002430,428
1786314007713124758,426
1786314007719120831,425
1786314007723896842,423
1786314007729075467,422
1786314007733936357,421
1786314007739918489,420
1786314007744851651,419
1786314007749902818,418
1786314007754851459,417
1786314007760899537,417
1786314007765956472,418
1786314007770958483,418
1786314007775914342,420
1786314007781960892,424
1786314007786963414,429
1786314007792003492,436
1786314007797070086,447
1786314007803128900,459
1786314007807949589,475
1786314007812951156,492
1786314007817957176,512
1786314007823893153,535
1786314007828957366,559
1786314007833980388,586
1786314007838941561,613
1786314007844959918,642
1786314007849948496,671
1786314007854844804,699
1786314007859949630,726
1786314007865960939,754
1786314007870959774,779
1786314007875957659,803
1786314007882049510,824
1786314007887128594,844
1786314007891956265,860
1786314007897147783,873
1786314007903130642,884
1786314007907947327,891
1786314007913134366,895
1786314007918140405,896
1786314007923964348,894
1786314007929100862,890
1786314007934151028,883
1786314007938898534,873
1786314007944972719,862
1786314007950116181,848
1786314007954924820,833
1786314007960043925,816
1786314007966121206,798
1786314007971029826,779
1786314007976057580,759
1786314007981029545,738
1786314007987124743,718
1786314007992050296,696
1786314007997125460,674
1786314008002086836,654
1786314008007933563,633
1786314008013117575,612
1786314008018065380,593
1786314008022871244,575
1786314008028924695,557
1786314008033940530,542
1786314008038962271,527
1786314008043973935,514
1786314008049955549,503
1786314008054892782,493
1786314008059963129,484
1786314008065920726,479
1786314008071162836,475
1786314008075963563,472
1786314008080925017,471
1786314008086953405,471
1786314008091955451,473
1786314008096956969,474
1786314008101852768,478
1786314008107955786,483
1786314008112956948,488
1786314008117927165,493
1786314008122877099,499
1786314008128968660,505
1786314008133975272,511
1786314008138943402,517
1786314008143964074,523
1786314008150262600,528
1786314008154922002,532
1786314008160002846,536
1786314008164978145,540
1786314008170862797,543
1786314008175944788,545
1786314008180925882,546
1786314008186136028,548
1786314008192025425,548
1786314008197105124,547
1786314008202133595,545
1786314008207105771,543
1786314008213132415,540
1786314008218093526,536
1786314008222927513,532
1786314008228158652,528
1786314008234144287,524
1786314008238875790,519
1786314008244082194,514
1786314008250032021,508
1786314008254939228,503
1786314008260080649,498
1786314008265139635,493
1786314008270988133,487
1786314008275964951,482
1786314008281129114,477
1786314008286135238,472
1786314008291957988,467
1786314008297123675,463
1786314008302121566,459
1786314008306907086,455
1786314008313118887,451
1786314008318120040,448
1786314008322914109,444
1786314008327966313,441
1786314008334133485,438
1786314008338897713,434
1786314008344038742,432
1786314008349120872,430
1786314008354969106,427
1786314008359995831,425
1786314008364972718,424
1786314008369978171,422
1786314008375947445,421
1786314008380966183,419
1786314008386127930,418
1786314008390959014,417
1786314008396996838,415
1786314008402057230,414
1786314008406952338,413
1786314008412012347,412
1786314008418134000,411
1786314008422958820,411
1786314008427964286,411
1786314008434032214,410
1786314008438871035,410
1786314008444078025,410
1786314008449133900,411
1786314008454972263,411
1786314008459946044,411
1786314008465135958,412
1786314008470032971,412
1786314008475920164,413
1786314008481134578,414
1786314008486067363,414
1786314008490956213,415
1786314008497070634,415
1786314008502107499,415
1786314008507041487,416
1786314008512132232,416
1786314008518136514,416
1786314008523004826,417
1786314008528118208,418
1786314008533116474,419
1786314008538896714,419
1786314008543991086,420
1786314008549122501,421
1786314008554026657,422
1786314008559868822,422
1786314008565110232,422
1786314008569922589,422
1786314008575020004,423
1786314008580992097,424
1786314008586136090,423
1786314008590908885,424
1786314008595950547,424
1786314008602101859,423
1786314008606893001,423
1786314008612043395,422
1786314008617135312,422
1786314008622969551,421
1786314008627956400,421
1786314008633154259,419
1786314008638982167,418
1786314008643920155,418
1786314008649109755,418
1786314008653910901,417
1786314008659962795,417
1786314008664917670,417
1786314008669967634,417
1786314008675123245,417
1786314008681112558,417
1786314008686110158,418
1786314008691013656,419
1786314008696112299,419
1786314008702078679,419
1786314008706830119,420
1786314008712016546,420
1786314008717118522,420
1786314008723545023,419
1786314008728032972,419
1786314008733005991,418
1786314008737966629,418
1786314008743953286,417
1786314008749129093,416
1786314008753874598,416
1786314008758924018,415
1786314008765117559,413
1786314008770132093,412
1786314008775086674,411
1786314008780079728,409
1786314008785997747,408
1786314008790985569,407
1786314008795966937,406
1786314008801123774,404
1786314008806874172,403
1786314008811993902,402
1786314008817102067,401
1786314008822848053,400
1786314008827951543,400
1786314008833164043,400
1786314008837909603,402
1786314008843957822,404
1786314008849126354,407
1786314008853849680,411
1786314008858891915,418
1786314008864955914,426
1786314008869947590,437
1786314008874868558,450
1786314008879880051,467
1786314008885850020,485
1786314008890875055,505
1786314008895856296,528
1786314008900876630,552
1786314008906889489,577
1786314008911809963,603
1786314008916954965,630
1786314008921848462,657
1786314008927868131,684
1786314008932951250,711
1786314008937843321,737
1786314008942873316,761
1786314008948956455,785
1786314008953795197,805
1786314008958866071,823
1786314008963952342,839
1786314008969953467,852
1786314008974972507,862
1786314008979948351,870
1786314008984950221,874
1786314008990842310,875
1786314008995963169,873
1786314009000994456,869
1786314009006802737,862
1786314009011960521,852
1786314009016934256,840
1786314009021848612,827
1786314009027921007,811
1786314009033150212,795
1786314009037976161,776
1786314009042919193,757
1786314009049176797,737
1786314009053846160,715
1786314009058917074,694
1786314009064139522,672
1786314009070010169,649
1786314009074946791,627
1786314009080124140,605
1786314009085134990,584
1786314009090921493,564
1786314009096144610,546
1786314009101041568,529
1786314009105864635,513
1786314009111948588,500
1786314009116977923,487
1786314009121912335,477
1786314009126951620,469
1786314009132944915,463
1786314009137981572,458
1786314009143067505,456
1786314009148136199,454
1786314009153880788,454
1786314009158953791,456
1786314009163960094,459
1786314009168957062,463
1786314009174849745,467
1786314009179968704,473
1786314009184967081,478
1786314009191633709,484
1786314009195906707,490
1786314009200900475,496
1786314009206173646,502
1786314009212073678,507
1786314009217126144,512
1786314009221872892,518
1786314009226955356,523
1786314009233116535,527
1786314009237920997,530
1786314009242953479,534
1786314009247951289,536
1786314009253898862,537
1786314009258945506,536
1786314009263950299,536
1786314009268949263,534
1786314009274925669,532
1786314009279951538,530
1786314009285022006,528
1786314009290035868,525
1786314009296131120,521
1786314009301109421,516
1786314009305883907,512
1786314009310959680,507
1786314009316950443,501
1786314009321901850,497
1786314009326955242,492
1786314009331948449,487
1786314009337876051,481
1786314009342959608,477
1786314009347953815,473
1786314009354014958,469
1786314009358957481,466
1786314009363953221,463
1786314009368953269,460
1786314009374983638,456
1786314009379953278,453
1786314009384972357,450
1786314009389835915,448
1786314009396008655,446
1786314009401040529,443
1786314009405885434,441
1786314009411004547,439
1786314009417093440,437
1786314009421940099,435
1786314009427019640,433
1786314009432090228,431
1786314009437877005,430
1786314009442956047,429
1786314009447958734,427
1786314009452973388,426
1786314009458958023,425
1786314009463959083,424
1786314009468957493,423
1786314009474148746,421
1786314009480136580,420
1786314009485126337,419
1786314009490139829,418
1786314009495025174,416
1786314009501063485,417
1786314009505847622,416
1786314009510922945,416
1786314009515947318,416
1786314009521897805,416
1786314009526950919,416
1786314009532121303,417
1786314009536947934,417
1786314009542924056,418
1786314009548100810,419
1786314009553030497,420
1786314009558978838,421
1786314009564107463,422
1786314009569075560,423
1786314009573853814,424
1786314009579921320,426
1786314009584921401,428
1786314009590049132,430
1786314009595070001,430
1786314009600983825,431
1786314009605858392,431
1786314009611025456,432
1786314009616141806,432
1786314009621911218,432
1786314009627016144,432
1786314009632132742,433
1786314009636890685,434
1786314009643109352,435
1786314009648127880,435
1786314009652922032,435
1786314009657977766,436
1786314009663952074,436
1786314009669120321,436
1786314009674082945,434
1786314009679051689,434
1786314009685155220,434
1786314009690072144,434
1786314009695139580,435
1786314009700060497,435
1786314009705830921,436
1786314009711121461,436
1786314009716243819,436
1786314009720887914,437
1786314009727043906,437
1786314009732045580,438
1786314009736966326,438
1786314009742981861,438
1786314009748135129,437
1786314009752925044,437
1786314009757987194,436
1786314009764018047,436
1786314009769019404,435
1786314009773989598,434
1786314009778984057,432
1786314009784990179,431
1786314009789950556,430
1786314009794974387,429
1786314009800019591,427
1786314009805848339,427
1786314009810991169,425
1786314009816134279,423
1786314009820848807,422
1786314009826844452,420
1786314009831828437,419
1786314009836829237,416
1786314009841831467,415
1786314009847801382,414
1786314009852820870,412
1786314009857958062,411
1786314009863007529,411
1786314009869009039,411
1786314009873934098,410
1786314009878959898,411
1786314009883991564,414
1786314009889961705,418
1786314009895120301,423
1786314009900073373,431
1786314009904952237,440
1786314009911117302,451
1786314009916117864,464
1786314009920953132,481
1786314009926967660,499
1786314009932140921,518
1786314009936923274,540
1786314009941962040,563
1786314009947955415,588
1786314009952841231,612
1786314009957954962,637
1786314009962966996,661
1786314009968978561,685
1786314009973988913,708
1786314009978958596,728
1786314009983990001,748
1786314009989842093,766
1786314009994979870,782
1786314009999987463,796
1786314010004869986,807
1786314010011028245,815
1786314010016004481,821
1786314010020888597,825
1786314010025929670,825
1786314010031983355,824
1786314010037067040,820
1786314010042130576,813
1786314010047142985,804
1786314010052933605,794
1786314010058017954,781
1786314010062988699,767
1786314010068204611,753
1786314010073988115,736
1786314010079116019,719
1786314010083886286,701
1786314010088965121,682
1786314010095115110,662
1786314010100110993,641
1786314010104953628,620
1786314010111017706,600
1786314010115989079,579
1786314010120952493,560
1786314010125954440,542
1786314010131953642,525
1786314010136988899,509
1786314010141991502,494
1786314010146992810,482
1786314010152893737,472
1786314010158066013,463
1786314010163062496,456
1786314010167998553,452
1786314010173960735,448
1786314010179112534,447
1786314010183866634,448
1786314010188986429,449
1786314010195138252,452
1786314010200145960,456
1786314010204947855,460
1786314010209966776,465
1786314010216114020,470
1786314010220837514,476
1786314010225866708,482
1786314010230959551,489
1786314010236901069,495
1786314010241863621,501
1786314010246954135,507
1786314010251870677,512
1786314010257958181,516
1786314010262980002,520
1786314010267884102,523
1786314010272884238,525
1786314010278950961,526
1786314010283955356,527
1786314010288952740,528
1786314010294953572,527
1786314010299974347,526
1786314010304957969,525
1786314010309950713,523
1786314010315945301,520
1786314010320908842,518
1786314010325948136,514
1786314010330982631,511
1786314010336918902,507
1786314010341947141,502
1786314010346956168,498
1786314010352182334,494
1786314010357923477,490
1786314010363125923,486
1786314010367859129,481
1786314010372951079,477
1786314010378953143,472
1786314010383952788,468
1786314010388946282,464
1786314010393954663,461
1786314010399953635,457
1786314010404950865,455
1786314010409955635,452
1786314010415057237,449
1786314010420892052,446
1786314010426003707,443
1786314010431124421,441
1786314010435839398,439
1786314010441979592,438
1786314010446953658,436
1786314010451837105,435
1786314010457821885,433
1786314010463132546,431
1786314010467878373,429
1786314010472880976,427
1786314010478948557,425
1786314010483948332,424
1786314010488887589,423
1786314010493946085,422
1786314010500164667,421
1786314010504958225,421
1786314010509917122,420
1786314010515218428,420
1786314010520950508,419
1786314010525953746,419
1786314010531145382,419
1786314010535923927,418
1786314010541987259,419
1786314010546952264,419
1786314010552053519,419
1786314010556955147,420
1786314010562954363,420
1786314010567836479,421
1786314010572954225,422
1786314010578044387,422
1786314010584034853,423
1786314010588956156,423
1786314010593961768,424
1786314010598953812,424
1786314010604957395,425
1786314010609955241,426
1786314010614963424,426
1786314010619935175,427
1786314010625990758,428
1786314010631122953,428
1786314010635858191,428
1786314010641128482,429
1786314010647160794,430
1786314010651857411,430
1786314010657027272,431
1786314010662920051,431
1786314010667855219,431
1786314010672885093,431
1786314010677851044,432
1786314010683948907,432
1786314010688895018,432
1786314010693952516,433
1786314010698955424,433
1786314010704869335,434
1786314010709953271,434
1786314010714947754,434
1786314010719848562,434
1786314010725947311,435
1786314010731027571,435
1786314010735874646,434
1786314010740945753,434
1786314010746955688,433
1786314010751875400,433
1786314010756893339,432
1786314010761915315,432
1786314010768080100,431
1786314010772900313,430
1786314010777969676,428
1786314010782975730,428
1786314010788913323,426
1786314010793973037,425
1786314010798977132,423
1786314010803941339,422
1786314010810012506,420
1786314010814975631,419
1786314010819912343,419
1786314010824990441,418
1786314010831144038,417
1786314010835876960,417
1786314010840998298,417
1786314010846920866,418
1786314010851818864,419
1786314010856895969,421
1786314010861948161,424
1786314010867947739,429
1786314010872895314,435
1786314010877954846,444
1786314010882953352,455
1786314010888988199,468
1786314010894135420,484
1786314010899115068,501
1786314010903929015,522
1786314010910082200,544
1786314010915129575,569
1786314010919914464,594
1786314010925126979,620
1786314010931141606,646
1786314010935985321,671
1786314010940861901,697
1786314010946122182,721
1786314010951810695,745
1786314010956958445,768
1786314010961998339,789
1786314010967032960,808
1786314010972953653,823
1786314010978116210,837
1786314010983125471,848
1786314010988093198,856
1786314010994128401,860
1786314010999118549,862
1786314011004008917,862
1786314011009079415,859
1786314011015128445,853
1786314011019880850,845
1786314011024848854,834
1786314011030843020,822
1786314011035939523,808
1786314011041054724,793
1786314011045945713,777
1786314011051861914,760
1786314011056925769,741
1786314011061889330,722
1786314011066885474,702
1786314011073055522,681
1786314011077975383,661
1786314011082963261,640
1786314011087933787,620
1786314011093971763,600
1786314011098975486,581
1786314011103955753,563
1786314011108887187,545
1786314011114892222,529
1786314011119891665,516
1786314011124909198,503
1786314011129917225,492
1786314011135967626,482
1786314011140884067,475
1786314011145891719,469
1786314011150959423,464
1786314011156859694,460
1786314011161819896,459
1786314011166920964,458
1786314011171872414,460
1786314011177852005,462
1786314011183149092,465
1786314011187948619,470
1786314011194053590,475
1786314011199129485,480
1786314011203971194,486
1786314011209127717,491
1786314011214968867,497
1786314011219847712,502
1786314011225154958,509
1786314011229950662,514
1786314011236052861,519
1786314011240963019,524
1786314011245971609,528
1786314011251002834,530
1786314011256945785,532
1786314011262031064,535
1786314011267091279,536
1786314011271999848,537
1786314011278133013,537
1786314011283126634,537
1786314011287883761,536
1786314011292979272,533
1786314011298947304,530
1786314011303922262,527
1786314011308952228,523
1786314011313942019,518
1786314011319954551,514
1786314011324953158,510
1786314011329856733,505
1786314011334902553,500
1786314011340979092,495
1786314011346160458,490
1786314011350921871,484
1786314011355985311,479
1786314011361960018,474
1786314011367088044,469
1786314011371958910,464
1786314011377957801,460
1786314011382988212,456
1786314011387962357,452
1786314011392950316,447
1786314011399114151,444
1786314011404067644,440
1786314011409115330,438
1786314011414167405,436
1786314011420004432,435
1786314011424956424,433
1786314011429895341,431
1786314011434854837,430
1786314011440935131,429
1786314011445974056,428
1786314011451006564,426
1786314011456039648,425
1786314011462085160,424
1786314011467116463,423
1786314011472034815,421
1786314011476979638,420
1786314011483114737,419
1786314011488032553,419
1786314011493115796,417
1786314011498113320,417
1786314011503916117,417
1786314011508991273,416
1786314011514138632,416
1786314011518932589,416
1786314011524955033,416
1786314011530146358,416
1786314011534928706,417
1786314011540009008,417
1786314011545984715,417
1786314011550995067,417
1786314011555987453,417
1786314011561142233,417
1786314011567116902,418
1786314011571979893,418
1786314011577111154,419
1786314011583118158,420
1786314011587955096,421
1786314011592955742,422
1786314011598113940,423
1786314011603974766,425
1786314011609118047,426
1786314011614121570,426
1786314011618914948,427
1786314011625064667,428
1786314011630135356,429
1786314011634874945,430
1786314011639889967,432
1786314011645960771,433
1786314011650954107,434
1786314011655900174,434
1786314011661113159,436
1786314011666959392,436
1786314011671882668,436
1786314011676861609,436
1786314011682120129,436
1786314011688033607,437
1786314011692948927,437
1786314011697895045,436
1786314011702869180,436
1786314011708984336,436
1786314011713976554,436
1786314011718795730,435
1786314011723966808,435
1786314011730068264,435
1786314011734845458,434
1786314011739972614,434
1786314011745881857,433
1786314011750821418,433
1786314011755968232,432
1786314011760948858,431
1786314011766942797,430
1786314011771975177,428
1786314011776952430,426
1786314011781942908,425
1786314011787969141,423
1786314011792948815,422
1786314011797946615,420
1786314011802796123,419
1786314011808844531,417
1786314011813938624,416
1786314011818799408,415
1786314011823878273,414
1786314011829843454,413
1786314011834855582,413
1786314011840019325,414
1786314011844960390,416
1786314011850871079,420
1786314011855926439,424
1786314011861048536,431
1786314011866113251,439
1786314011871943808,449
1786314011877002433,462
1786314011882116897,478
1786314011886958797,495
1786314011893012606,515
1786314011898114360,537
1786314011902869847,560
1786314011907914227,585
1786314011913918892,610
1786314011918851393,635
1786314011923908818,662
1786314011929939035,688
1786314011934877640,712
1786314011939938594,736
1786314011945002229,758
1786314011950873250,777
1786314011955909674,795
1786314011961092049,811
1786314011966127166,825
1786314011971908649,835
1786314011977091727,843
1786314011982101861,848
1786314011986892523,850
1786314011993095660,848
1786314011998102852,846
1786314012002875891,840
1786314012007912719,832
1786314012014104699,821
1786314012018852815,809
1786314012023870780,796
1786314012028943173,781
1786314012034847404,765
1786314012039880812,748
1786314012044926242,731
1786314012049928197,712
1786314012055881538,694
1786314012060976797,674
1786314012065949223,655
1786314012070919009,635
1786314012076982067,615
1786314012081944591,596
1786314012086878634,577
1786314012091952080,558
1786314012097950323,542
1786314012102870314,527
1786314012107960262,513
1786314012113875714,500
1786314012118838999,489
1786314012123969977,480
1786314012128969767,473
1786314012134927446,467
1786314012140001208,463
1786314012144999008,461
1786314012149976376,460
1786314012155997322,460
1786314012160920896,461
1786314012165950630,464
1786314012170833682,467
1786314012176821038,471
1786314012182175482,476
1786314012187033480,481
1786314012192119414,487
1786314012198118745,493
1786314012203020373,499
1786314012208115422,506
1786314012213129796,511
1786314012219125062,517
1786314012224082350,523
1786314012229086830,527
1786314012233871887,531
1786314012240090597,534
1786314012245083797,537
1786314012250331822,538
1786314012255120577,540
1786314012261063107,540
1786314012266027170,541
1786314012270834206,539
1786314012276142542,538
1786314012282106777,536
1786314012286966684,533
1786314012291933663,530
1786314012297097512,527
1786314012302870489,523
1786314012307973363,518
1786314012313095640,514
1786314012318957600,509
1786314012324155943,504
1786314012329126330,501
1786314012333825916,496
1786314012339973453,491
1786314012345097527,486
1786314012350127566,480
1786314012354883718,475
1786314012360943184,471
1786314012366147385,466
1786314012371127354,462
1786314012376127044,458
1786314012382104139,453
1786314012387135436,450
1786314012392136630,446
1786314012397117125,443
1786314012403011303,440
1786314012408132308,436
1786314012413138548,433
1786314012417873055,430
1786314012424178403,429
1786314012429152674,426
1786314012433913238,425
1786314012439135159,423
1786314012445128842,422
1786314012450152336,421
1786314012455102307,419
1786314012460056847,419
1786314012465969378,418
1786314012470847002,417
1786314012476121555,416
1786314012481138288,416
1786314012486965182,416
1786314012491934221,415
1786314012497101773,414
1786314012503004531,414
1786314012508010670,414
1786314012513133550,414
1786314012518643229,414
1786314012524106405,415
1786314012529139762,415
1786314012533942952,415
1786314012539060971,416
1786314012545065990,417
1786314012550067628,417
1786314012555032263,418
1786314012560114999,419
1786314012566061739,419
1786314012570915543,420
1786314012575917674,420
1786314012580942008,420
1786314012586917786,421
1786314012591917802,421
1786314012596944244,421
1786314012601892469,422
1786314012608139872,422
1786314012613123986,422
1786314012617866022,423
1786314012623092263,423
1786314012629125041,423
1786314012633947836,424
1786314012639173113,424
1786314012644131417,426
1786314012650070029,425
1786314012654980657,426
1786314012659962400,426
1786314012665005661,426
1786314012670873263,427
1786314012675939659,427
1786314012680954063,426
1786314012686831620,426
1786314012691994481,425
1786314012697110584,425
1786314012701936266,425
1786314012708027536,425
1786314012713118320,424
1786314012717891618,423
1786314012723133291,423
1786314012729024492,423
1786314012733824350,423
1786314012739101721,422
1786314012744133435,422
1786314012749968172,421
1786314012754932163,420
1786314012759901517,420
1786314012765102823,419
1786314012771079602,418
1786314012776095288,417
1786314012781106660,416
1786314012785857489,415
1786314012792093102,413
1786314012797097993,412
1786314012801873247,411
1786314012807026309,410
1786314012813094814,409
1786314012817847344,408
1786314012823091272,407
1786314012828094795,406
1786314012833892402,405
1786314012839057337,404
1786314012844093411,403
1786314012849084791,403
1786314012854905768,402
1786314012859906649,403
1786314012864906165,404
1786314012870943721,406
1786314012875966539,410
1786314012880978563,416
1786314012885828247,424
1786314012891879212,434
1786314012896972191,446
1786314012901991080,462
1786314012906992234,479
1786314012913098355,498
1786314012917853889,519
1786314012922916826,541
1786314012927939689,565
1786314012933980308,589
1786314012939056663,615
1786314012944093309,640
1786314012949094842,665
1786314012954942299,688
1786314012959945041,711
1786314012964945403,733
1786314012969946256,753
1786314012975943994,771
1786314012980940302,787
1786314012985881040,801
1786314012991102287,811
1786314012997095830,819
1786314013001848957,825
1786314013007004761,828
1786314013012114875,827
1786314013017955917,825
1786314013022870380,820
1786314013027936817,813
1786314013033000133,803
1786314013038986249,792
1786314013043973936,778
1786314013048937067,763
1786314013053965808,747
1786314013059945750,731
1786314013064942107,713
1786314013069999750,694
1786314013076049653,675
1786314013080993594,656
1786314013085839865,636
1786314013090874473,616
1786314013096843491,597
1786314013101818201,578
1786314013107007931,559
1786314013111953546,541
1786314013117846384,525
1786314013122967897,510
1786314013127942033,495
1786314013132853919,482
1786314013138859760,471
1786314013143945364,462
1786314013148945855,455
1786314013153869341,450
1786314013159943367,446
1786314013164943328,445
1786314013169970821,443
1786314013174936934,444
1786314013180906670,446
1786314013185955589,449
1786314013190947642,452
1786314013195848308,457
1786314013201796920,463
1786314013206853260,469
1786314013211841170,475
1786314013216939297,481
1786314013222993409,488
1786314013227944261,494
1786314013232780183,501
1786314013237817093,507
1786314013243840409,513
1786314013248939714,519
1786314013253868011,523
1786314013259814172,526
1786314013264833953,529
1786314013269819414,532
1786314013275065383,533
1786314013280956329,534
1786314013285828499,534
1786314013290958690,533
1786314013295969135,532
1786314013301798912,530
1786314013306879348,528
1786314013311844551,526
1786314013316796318,522
1786314013322833938,518
1786314013327845648,514
1786314013332780490,510
1786314013337880041,505
1786314013343839397,501
1786314013348842480,496
1786314013353912643,492
1786314013358911169,488
1786314013364913780,483
1786314013369893748,479
1786314013375028366,476
1786314013380094464,471
1786314013385863289,467
1786314013391115620,463
1786314013396120086,459
1786314013400926251,455
1786314013406945384,451
1786314013412118556,447
1786314013416882942,445
1786314013421914208,442
1786314013428136516,440
1786314013432900470,437
1786314013437966275,435
1786314013443910898,433
1786314013448972471,431
1786314013454135528,429
1786314013459126708,429
1786314013465127808,427
1786314013469818791,426
1786314013475056679,426
1786314013480113140,425
1786314013485818205,425
1786314013490976478,424
1786314013495961458,424
1786314013500825757,424
1786314013506840915,424
1786314013512122072,423
1786314013517086098,423
1786314013521826502,424
1786314013527899211,424
1786314013532839864,424
1786314013537821713,425
1786314013542862085,425
1786314013548971877,426
1786314013553977355,425
1786314013558983801,426
1786314013564012182,427
1786314013569971586,427
1786314013574979969,427
1786314013579982593,427
1786314013584919729,428
1786314013590983151,428
1786314013596112916,429
1786314013600920091,429
1786314013606060586,430
1786314013612122416,431
1786314013616939078,431
1786314013622050161,431
1786314013628054383,432
1786314013632968229,432
1786314013637947889,433
1786314013642946541,434
1786314013649110210,435
1786314013654099285,435
1786314013659166561,436
1786314013664124359,437
1786314013669940187,437
1786314013675102401,437
1786314013680117181,437
1786314013684876501,438
1786314013691132710,438
1786314013696038187,437
1786314013700887377,437
1786314013705819721,437
1786314013712147166,436
1786314013716879587,436
1786314013721874265,435
1786314013726895642,434
1786314013732880188,433
1786314013737945066,433
1786314013742941825,433
1786314013747937963,432
1786314013753948679,432
1786314013758947827,431
1786314013763896675,430
1786314013769088334,429
1786314013775120841,428
1786314013780121288,427
1786314013784893052,426
1786314013789945348,424
1786314013796116390,424
1786314013800895127,423
1786314013805877032,422
1786314013811094080,421
1786314013816852715,421
1786314013821950608,420
1786314013826937669,420
1786314013833078239,419
1786314013837947080,420
1786314013843096121,420
1786314013848118398,423
1786314013853947302,424
1786314013858942686,429
1786314013863940461,434
1786314013868890380,442
1786314013874950459,451
1786314013879969387,462
1786314013884843177,475
1786314013890028298,490
1786314013895983562,506
1786314013900830464,525
1786314013905886780,545
1786314013910989901,566
1786314013916902980,588
1786314013921926471,610
1786314013927110239,632
1786314013932000732,654
1786314013937981941,675
1786314013943109716,695
1786314013948111130,714
1786314013952980799,731
1786314013959106251,746
1786314013964111438,759
1786314013968982842,770
1786314013974059074,778
1786314013980120011,784
1786314013984874170,787
1786314013990121446,787
1786314013995911644,786
1786314014000848001,781
1786314014005856689,776
1786314014011138288,768
1786314014016837797,757
1786314014021909290,747
1786314014026876475,734
1786314014031942633,719
1786314014038015000,703
1786314014042969671,686
1786314014047965126,669
1786314014052990906,650
1786314014058963866,630
1786314014063990678,611
1786314014068873353,591
1786314014073965140,572
1786314014079969117,553
1786314014085116923,535
1786314014089966512,519
1786314014094986819,503
1786314014100827606,488
1786314014105835218,474
1786314014110924233,463
1786314014115814408,454
1786314014121858837,447
1786314014126923424,441
1786314014131899808,437
1786314014136811037,435
1786314014142918702,435
1786314014147915314,435
1786314014152815872,438
1786314014157916558,441
1786314014163915262,445
1786314014168812073,451
1786314014173921828,458
1786314014179947229,465
1786314014184828349,471
1786314014189990119,478
1786314014194867706,485
1786314014200887985,492
1786314014206022968,499
1786314014211111979,505
1786314014215912659,510
1786314014221810185,516
1786314014227094958,520
1786314014231859091,524
1786314014236952070,526
1786314014243123427,528
1786314014248128600,530
1786314014253063730,531
1786314014258121910,532
1786314014264121857,531
1786314014268977003,530
1786314014274115779,528
1786314014279123768,526
1786314014284948195,524
1786314014290145161,521
1786314014295120123,517
1786314014299867281,514
1786314014306166062,510
1786314014310979782,507
1786314014315892620,502
1786314014320880145,498
1786314014327089038,495
1786314014331817897,491
1786314014336984803,487
1786314014342124621,483
1786314014348117562,479
1786314014353126213,474
1786314014358139800,471
1786314014364030084,467
1786314014368888170,464
1786314014374017525,460
1786314014379121250,457
1786314014384917747,454
1786314014390099243,451
1786314014395115355,447
1786314014399919585,445
1786314014406097647,443
1786314014411131872,440
1786314014415925029,438
1786314014420894119,436
1786314014427094273,435
1786314014431854996,433
1786314014436944685,431
1786314014441971327,430
1786314014447938048,429
1786314014452908458,428
1786314014457939965,426
1786314014463009573,426
1786314014468819273,425
1786314014474070501,424
1786314014479076320,423
1786314014483930893,423
1786314014489943038,422
1786314014494979524,422
1786314014499919533,422
1786314014505077447,422
1786314014511123851,422
1786314014516037961,422
1786314014520901359,422
1786314014525865876,423
1786314014531861077,424
1786314014536896730,425
1786314014541902837,425
1786314014546944154,427
1786314014552952293,429
1786314014557969336,430
1786314014562930001,431
1786314014568885154,432
1786314014573882871,432
1786314014581291412,434
1786314014583824976,435
1786314014589938789,435
1786314014594945125,436
1786314014599900454,437
1786314014604968336,439
1786314014610853195,439
1786314014615882288,439
1786314014621003443,440
1786314014625858541,442
1786314014631829620,442
1786314014636875687,442
1786314014641916976,444
1786314014647043108,443
1786314014652827322,442
1786314014657953920,442
1786314014663248482,441
1786314014667924814,440
1786314014674181983,438
1786314014678850685,437
1786314014683920182,437
1786314014688859403,436
1786314014694926585,435
1786314014699887562,434
1786314014705122272,433
1786314014709906774,432
1786314014715896942,431
1786314014721065398,431
1786314014725865012,430
1786314014731088703,429
1786314014736889915,430
1786314014741851190,429
1786314014746902943,431
1786314014753041017,433
1786314014757843219,437
1786314014763314675,442
1786314014767885467,448
1786314014773941355,457
1786314014779141359,469
1786314014783860002,481
1786314014788910475,497
1786314014794883108,513
1786314014799873117,532
1786314014805195029,552
1786314014809878740,574
1786314014815885628,597
1786314014820875818,621
1786314014825834129,644
1786314014831171082,669
1786314014836829931,692
1786314014841849699,714
1786314014847048209,736
1786314014851855820,755
1786314014857974252,773
1786314014862845653,789
1786314014867854545,802
1786314014873006058,813
1786314014878863666,821
1786314014883830162,826
1786314014889031448,829
1786314014894144206,829
1786314014899899256,826
1786314014905075861,821
1786314014910122078,814
1786314014914855527,804
1786314014920825515,793
1786314014925985782,781
1786314014931309432,767
1786314014936902076,752
1786314014941869356,737
1786314014947093332,720
1786314014951840479,702
1786314014957889849,684
1786314014963080448,665
1786314014967799509,645
1786314014972788588,625
1786314014979075755,606
1786314014983795802,587
1786314014988915030,570
1786314014993906701,553
1786314014999820544,537
1786314015004815326,522
1786314015009910108,508
1786314015014850763,496
1786314015020794672,485
1786314015025815101,476
1786314015030829971,469
1786314015035811346,463
1786314015041835163,459
1786314015046964354,457
1786314015051934090,456
1786314015056935794,456
1786314015063023625,459
1786314015067971464,462
1786314015072954486,466
1786314015077785933,471
1786314015083903996,477
1786314015088837922,483
1786314015093832275,489
1786314015099863004,496
1786314015104833722,503
1786314015109932442,509
1786314015114879991,515
1786314015120842281,521
1786314015125931398,526
1786314015130962481,531
1786314015135959884,534
1786314015141924205,537
1786314015146973057,539
1786314015151927869,541
1786314015156914208,542
1786314015163048971,542
1786314015168001958,543
1786314015172982363,542
1786314015178110775,541
1786314015183911160,539
1786314015189106057,537
1786314015193968728,534
1786314015198960185,530
1786314015204984264,526
1786314015209874452,523
1786314015214905537,518
1786314015219987142,513
1786314015225964207,508
1786314015230808148,504
1786314015235864989,499
1786314015240931833,495
1786314015246920289,490
1786314015251838958,486
1786314015256969047,482
1786314015261802968,478
1786314015267878862,475
1786314015272862711,471
1786314015277832994,468
1786314015283824409,465
1786314015288832533,461
1786314015293832951,457
1786314015298859423,455
1786314015304863624,452
1786314015309912492,449
1786314015314847266,447
1786314015319837575,445
1786314015325968905,443
1786314015330877317,440
1786314015336039324,439
1786314015340946310,436
1786314015347016845,435
1786314015351870633,432
1786314015357110998,430
1786314015361936570,429
1786314015367874348,428
1786314015372937087,426
1786314015377937836,426
1786314015382929205,425
1786314015388908428,424
1786314015393911177,424
1786314015398918178,424
1786314015403932446,424
1786314015410094360,424
1786314015414880973,424
1786314015419934913,424
1786314015425119981,425
1786314015430892883,426
1786314015435907353,427
1786314015441058046,429
1786314015446025897,430
1786314015451951293,431
1786314015456986580,432
1786314015461873748,434
1786314015467940917,435
1786314015472980775,437
1786314015477969768,438
1786314015482938738,439
1786314015489032121,440
1786314015494100239,441
1786314015498903916,442
1786314015503940932,444
1786314015510000201,445
1786314015515019060,445
1786314015519950749,446
1786314015525138923,447
1786314015530876647,447
1786314015535977689,447
1786314015541086029,447
1786314015545925533,447
1786314015552035450,447
1786314015556999994,447
1786314015561945268,447
1786314015566921016,447
1786314015573104213,446
1786314015578101893,446
1786314015582891877,445
1786314015587974060,445
1786314015594102442,444
1786314015598924047,442
1786314015604099161,441
1786314015609135735,440
1786314015615120362,439
1786314015620105088,437
1786314015625119957,436
1786314015629981097,434
1786314015635957901,433
1786314015641099989,432
1786314015645903042,431
1786314015651854723,430
1786314015656975717,430
1786314015661977697,431
1786314015667052028,432
1786314015673100347,436
1786314015678129239,441
1786314015682915126,448
1786314015688096965,457
1786314015694053427,469
1786314015698844462,484
1786314015703818724,502
1786314015708786435,522
1786314015714862138,543
1786314015719884383,567
1786314015724960738,592
1786314015729990302,619
1786314015736011483,645
1786314015740962551,673
1786314015745809119,701
1786314015750856884,727
1786314015756972312,752
1786314015761960946,776
1786314015767011373,798
1786314015771969015,818
1786314015777942256,836
1786314015782881616,850
1786314015787838683,862
1786314015792831475,871
1786314015798906778,877
1786314015803838021,880
1786314015808935340,880
1786314015813868920,877
1786314015819839910,872
1786314015824936771,864
1786314015829884411,854
1786314015835945213,842
1786314015840937948,829
1786314015845776934,813
1786314015850838676,796
1786314015856943985,777
1786314015861994765,759
1786314015866891971,739
1786314015871936431,718
1786314015878025115,697
1786314015882825780,676
1786314015889796328,655
1786314015893121023,633
1786314015898966364,612
1786314015904060126,592
1786314015909040446,573
1786314015913827219,555
1786314015919895995,539
1786314015924912203,524
1786314015931576067,510
1786314015935278403,498
1786314015941061210,488
1786314015947064554,481
1786314015950953432,474
1786314015956113201,470
1786314015962101877,467
1786314015966995863,466
1786314015971940736,466
1786314015977088102,468
1786314015983033143,470
1786314015987960054,474
1786314015993090245,478
1786314015997991971,484
1786314016003843096,490
1786314016008782080,496
1786314016013817636,502
1786314016020072270,509
1786314016024837558,516
1786314016029933816,523
1786314016034881167,528
1786314016040932436,533
1786314016045948873,538
1786314016051053471,543
1786314016055941443,547
1786314016062101961,550
1786314016066848276,552
1786314016071782417,553
1786314016076933038,554
1786314016083026921,554
1786314016087920491,553
1786314016092996873,552
1786314016097886326,549
1786314016103981060,547
1786314016109038057,543
1786314016113830274,539
1786314016119750261,535
1786314016124828621,530
1786314016129794572,525
1786314016134797915,520
1786314016139932282,515
1786314016145932776,510
1786314016150818361,505
1786314016155786409,500
1786314016160785967,495
1786314016167087464,489
1786314016171810030,483
1786314016176819089,477
1786314016181861706,471
1786314016187861263,466
1786314016193640603,460
1786314016199999953,456
1786314016203837446,452
1786314016209646658,448
1786314016213766620,444
1786314016219032418,442
1786314016224826194,440
1786314016229803919,438
1786314016234841306,436
1786314016239799674,435
1786314016245859126,434
1786314016250834427,433
1786314016255835463,433
1786314016260833262,431
1786314016266856801,430
1786314016272037420,428
1786314016277064963,427
1786314016281863141,426
1786314016287955960,426
1786314016293030527,425
1786314016297842617,424
1786314016302934051,423
1786314016308908704,423
1786314016313910328,423
1786314016318816917,423
1786314016323940204,423
1786314016329795331,424
1786314016334865042,425
1786314016340051165,426
1786314016345140399,426
1786314016350868682,427
1786314016355964617,428
1786314016360939790,429
1786314016365863585,429
1786314016371971180,430
1786314016376945065,430
1786314016382018966,431
1786314016387975288,432
1786314016392937942,433
1786314016397885455,434
1786314016402809114,435
1786314016408855727,435
1786314016413977231,437
1786314016418883199,438
1786314016423961756,440
1786314016429780713,440
1786314016434882221,441
1786314016439876477,442
1786314016444876858,442
1786314016450897586,442
1786314016455878298,441
1786314016460874972,441
1786314016465922172,441
1786314016471880751,440
1786314016476905313,440
1786314016481906500,440
1786314016486955444,440
1786314016492990251,439
1786314016497814972,438
1786314016503055081,438
1786314016507978661,437
1786314016514692182,435
1786314016519117098,434
1786314016524128174,433
1786314016529111796,431
1786314016535031834,430
1786314016540110276,430
1786314016545000824,429
1786314016549971742,429
1786314016556121796,428
1786314016561112405,428
1786314016565919009,427
1786314016572028930,426
1786314016577080008,426
1786314016582071043,426
1786314016587102030,427
1786314016593104273,428
1786314016597848707,428
1786314016603062011,430
1786314016608128735,433
1786314016614005853,437
1786314016618956641,443
1786314016624119748,451
1786314016629076188,460
1786314016635103453,473
1786314016640102752,487
1786314016645101545,504
1786314016650084260,523
1786314016656130800,544
1786314016661102385,568
1786314016665853319,593
1786314016671064453,619
1786314016677097737,645
1786314016682010351,672
1786314016687084152,698
1786314016692134118,722
1786314016697856337,746
1786314016702871702,768
1786314016708089508,790
1786314016712829526,808
1786314016718877531,825
1786314016724098683,839
1786314016729010920,850
1786314016734900360,859
1786314016740093900,865
1786314016745089841,868
1786314016749986052,868
1786314016756083128,865
1786314016761090170,859
1786314016766017102,851
1786314016771117599,841
1786314016777088895,829
1786314016781991416,814
1786314016787113378,799
1786314016792094449,782
1786314016797876707,765
1786314016802929649,747
1786314016808081217,727
1786314016812822671,707
1786314016818883267,687
1786314016824040572,665
1786314016829040964,643
1786314016834111772,621
1786314016840118299,601
1786314016845121603,580
1786314016849804220,561
1786314016855033620,542
1786314016861121039,526
1786314016865942412,510
1786314016871061799,497
1786314016876112867,485
1786314016881879243,475
1786314016887051929,467
1786314016892128842,461
1786314016896993363,456
1786314016903106834,454
1786314016908113535,453
1786314016912912660,454
1786314016918986806,455
1786314016923990239,458
1786314016928939765,461
1786314016933860499,465
1786314016939950150,471
1786314016945112319,476
1786314016949969983,482
1786314016954970576,488
1786314016960977594,494
1786314016965914302,500
1786314016971103408,506
1786314016976104626,511
1786314016981971981,516
1786314016986945618,520
1786314016991946138,523
1786314016996969871,526
1786314017002982556,528
1786314017007890274,530
1786314017012865161,531
1786314017017866867,531
1786314017023961261,531
1786314017029083746,530
1786314017033843376,529
1786314017038830392,527
1786314017044782291,525
1786314017049857781,521
1786314017054829979,517
1786314017059828917,513
1786314017065853074,508
1786314017070936877,503
1786314017075933826,498
1786314017080864229,493
1786314017086837541,488
1786314017091833929,482
1786314017096810068,477
1786314017102832981,472
1786314017107924200,467
1786314017112844131,462
1786314017117934580,458
1786314017123926102,455
1786314017128923390,450
1786314017133932563,446
1786314017138967600,442
1786314017144906225,438
1786314017150001225,435
1786314017154959775,432
1786314017159961164,429
1786314017166007463,427
1786314017170955022,425
1786314017176127385,423
1786314017180995552,421
1786314017186972167,420
1786314017192097089,418
1786314017196813712,418
1786314017201850167,417
1786314017207851851,415
1786314017212928660,413
1786314017218039706,412
1786314017223010193,411
1786314017228846869,410
1786314017233863358,408
1786314017239132864,407
1786314017244058648,407
1786314017250034791,406
1786314017255102072,407
1786314017260106147,408
1786314017264912418,408
1786314017271104982,408
1786314017276107774,409
1786314017280968428,411
1786314017287067298,411
1786314017292108819,412
1786314017296853979,413
1786314017302039450,415
1786314017308104974,416
1786314017313019918,417
1786314017317809252,418
1786314017322942920,419
1786314017328841870,420
1786314017334039181,420
1786314017339035939,421
1786314017344072374,422
1786314017350042948,422
1786314017355097409,423
1786314017360098472,424
1786314017365024291,425
1786314017371096751,426
1786314017376092968,427
1786314017380963651,428
1786314017386100431,429
1786314017392102698,429
1786314017396932950,429
1786314017402021241,430
1786314017407132589,430
1786314017413174875,431
1786314017418105434,432
1786314017423100413,432
1786314017428763755,433
1786314017434056148,433
1786314017439104064,434
1786314017444013416,435
1786314017449059267,435
1786314017455100786,434
1786314017460099027,433
1786314017465098005,433
1786314017471080236,432
1786314017476123421,432
1786314017481052689,431
1786314017486062431,431
1786314017492099088,431
1786314017496903717,431
1786314017502098468,430
1786314017507128352,430
1786314017513091585,429
1786314017518107993,428
1786314017523150737,427
1786314017528107057,426
1786314017534089539,424
1786314017539122140,423
1786314017544105973,422
1786314017548817682,421
1786314017554993727,419
1786314017559990735,418
1786314017565007985,417
1786314017569993778,416
1786314017576097164,414
1786314017580930311,414
1786314017586121686,412
1786314017591126784,412
1786314017596971701,413
1786314017602096802,416
1786314017607125218,419
1786314017611833197,423
1786314017618031651,429
1786314017623101046,438
1786314017628054963,449
1786314017633726282,462
1786314017639092269,478
1786314017644098349,497
1786314017648944984,516
1786314017655098963,539
1786314017660106320,563
1786314017664942777,589
1786314017669943080,615
1786314017676095994,641
1786314017680919079,669
1786314017685972298,695
1786314017690998435,720
1786314017696897645,744
1786314017702081019,767
1786314017706959854,787
1786314017711819911,805
1786314017718020072,821
1786314017723102829,834
1786314017727926055,844
1786314017732880784,850
1786314017739086058,854
1786314017744090373,856
1786314017748885050,853
1786314017754042339,848
1786314017760075287,841
1786314017764851925,831
1786314017770019048,820
1786314017775084665,806
1786314017780802402,791
1786314017785945617,774
1786314017791088361,756
1786314017795872459,736
1786314017802041110,716
1786314017807106507,694
1786314017811850310,673
1786314017817774617,651
1786314017822890943,629
1786314017827895882,607
1786314017832931388,585
1786314017838930818,565
1786314017844086227,545
1786314017848931021,526
1786314017854089661,509
1786314017860087894,494
1786314017864899925,481
1786314017869933753,470
1786314017875088863,462
1786314017880901549,454
1786314017885930775,450
1786314017891088876,446
1786314017895899366,444
1786314017901929224,445
1786314017907099058,446
1786314017911901404,448
1786314017917103213,453
1786314017923214347,457
1786314017928004112,462
1786314017933092848,469
1786314017938141816,476
1786314017944113744,483
1786314017949094620,490
1786314017954125101,497
1786314017959106559,504
1786314017965058134,511
1786314017970021225,517
1786314017975704223,523
1786314017979859887,529
1786314017985843612,533
1786314017990832491,537
1786314017995856421,540
1786314018001855232,541
1786314018006805392,542
1786314018012452370,541
1786314018017313149,541
1786314018023652167,539
1786314018028142059,536
1786314018032846654,533
1786314018037810962,530
1786314018043810823,526
1786314018048856058,522
1786314018053808932,518
1786314018058808323,514
1786314018064823423,510
1786314018069808812,505
1786314018074777886,500
1786314018079833867,496
1786314018085799982,492
1786314018090770400,487
1786314018095826300,482
1786314018100801013,478
1786314018106802444,473
1786314018111780276,469
1786314018116819423,464
1786314018121767546,461
1786314018127784253,457
1786314018132785866,454
1786314018137768572,451
1786314018142766963,448
1786314018148814625,446
1786314018153769349,443
1786314018158777241,441
1786314018163827686,438
1786314018169819423,436
1786314018174821530,434
1786314018179841785,432
1786314018185844052,431
1786314018190788169,428
1786314018195820682,427
1786314018200872237,427
1786314018206993682,425
1786314018211841607,424
1786314018216877130,424
1786314018221841976,424
1786314018227870263,424
1786314018232884670,424
1786314018237828853,424
1786314018242840311,424
1786314018248901464,424
1786314018253903410,423
1786314018258901449,423
1786314018263974509,423
1786314018269965236,424
1786314018274957954,424
1786314018279792264,424
1786314018284957865,425
1786314018290983631,425
1786314018295825960,425
1786314018300836720,426
1786314018305828146,426
1786314018311814437,427
1786314018316871245,427
1786314018321931105,428
1786314018326921363,429
1786314018332967427,429
1786314018337939147,431
1786314018342926353,432
1786314018348864413,433
1786314018353936459,434
1786314018358928471,435
1786314018363952076,437
1786314018369951256,438
1786314018374989580,440
1786314018380076431,440
1786314018384862360,442
1786314018391082007,442
1786314018395852277,442
1786314018400964777,442
1786314018406037265,442
1786314018411859857,443
1786314018416867136,443
1786314018421999185,444
1786314018427083120,444
1786314018432899849,444
1786314018438150879,444
1786314018443126563,444
1786314018447901621,444
1786314018454009421,442
1786314018459085402,442
1786314018463876204,440
1786314018469022918,439
1786314018475000760,437
1786314018479960537,436
1786314018485150040,434
1786314018490132861,432
1786314018495836794,429
1786314018501014871,428
1786314018505982848,426
1786314018510963025,425
1786314018516877541,423
1786314018521893469,422
1786314018527054356,420
1786314018531843700,419
1786314018538047258,419
1786314018543128411,420
1786314018547848757,421
1786314018554014365,422
1786314018559092025,426
1786314018563901283,430
1786314018568862722,437
1786314018574965943,446
1786314018579874424,457
1786314018585057219,470
1786314018590080047,485
1786314018595844832,503
1786314018601094408,523
1786314018606117903,544
1786314018610946988,567
1786314018616938597,591
1786314018622106365,616
1786314018627096006,642
1786314018631826829,667
1786314018637892170,691
1786314018642893499,715
1786314018647811150,738
1786314018652772660,758
1786314018658917404,777
1786314018664104618,794
1786314018669119613,807
1786314018674048750,819
1786314018680060565,827
1786314018685078116,832
1786314018690083965,835
1786314018694841277,836
1786314018700901734,833
1786314018706050521,829
1786314018710860065,821
1786314018716838049,811
1786314018722040616,800
1786314018726834585,787
1786314018732036868,772
1786314018738063207,755
1786314018743106196,738
1786314018748040245,720
1786314018753106242,700
1786314018759105162,681
1786314018764003203,660
1786314018769077600,640
1786314018773832642,619
1786314018779848882,599
1786314018784979311,579
1786314018789996957,559
1786314018794884157,541
1786314018800883947,524
1786314018805941067,507
1786314018810786277,493
1786314018816032213,481
1786314018823753381,471
1786314018826870146,463
1786314018831884744,456
1786314018836904056,451
1786314018842848752,448
1786314018847849905,446
1786314018852900584,445
1786314018857902919,446
1786314018864166383,448
1786314018869671404,452
1786314018873889185,456
1786314018880674057,462
1786314018884964459,468
1786314018889810765,473
1786314018895257554,480
1786314018900834218,487
1786314018906167019,494
1786314018910854386,500
1786314018916563227,507
1786314018921814358,514
1786314018926785968,520
1786314018931871244,525
1786314018937158932,529
1786314018942860788,533
1786314018947851152,535
1786314018953185333,537
1786314018957886029,537
1786314018964172030,538
1786314018968907055,537
1786314018973866123,535
1786314018979133984,533
1786314018985045530,530
1786314018989863828,528
1786314018994864202,524
1786314018999976266,521
1786314019006455731,518
1786314019010890362,514
1786314019015895371,510
1786314019021021153,506
1786314019026784869,502
1786314019031856108,497
1786314019037107953,493
1786314019041924537,489
1786314019047848865,484
1786314019053021377,479
1786314019058011285,474
1786314019063340999,470
1786314019068978909,466
1786314019074137807,462
1786314019078898342,458
1786314019085141558,453
1786314019090074170,450
1786314019097160558,446
1786314019100031448,443
1786314019106111379,439
1786314019110874877,435
1786314019115874369,432
1786314019121111351,430
1786314019127831344,427
1786314019131942955,425
1786314019136977250,424
1786314019142095989,422
1786314019147962834,421
1786314019152951048,418
1786314019158100984,417
1786314019162997259,416
1786314019168967804,414
1786314019174012343,413
1786314019178874663,412
1786314019183973018,412
1786314019190026935,412
1786314019194926819,412
1786314019199942942,413
1786314019204929737,413
1786314019211017385,414
1786314019215824824,414
1786314019220860470,415
1786314019225848215,415
1786314019231878563,415
1786314019236928957,416
1786314019241930626,417
1786314019246943892,418
1786314019252939043,419
1786314019257927472,421
1786314019262840027,423
1786314019268854692,424
1786314019273935464,425
1786314019278854135,427
1786314019283933114,428
1786314019289954617,429
1786314019294854624,429
1786314019299924272,430
1786314019304931083,431
1786314019310813711,432
1786314019315841253,433
1786314019320934865,434
1786314019325947475,435
1786314019331843801,436
1786314019336947463,436
1786314019341934338,436
1786314019346846078,437
1786314019352927014,437
1786314019358060362,438
1786314019362824652,438
1786314019367971809,438
1786314019374090706,438
1786314019378898898,438
1786314019383955936,437
1786314019389107461,436
1786314019394838373,435
1786314019399966273,434
1786314019405124097,433
1786314019410077632,431
1786314019415863203,430
1786314019420929432,429
1786314019425934620,428
1786314019431059181,427
1786314019437117669,425
1786314019442088026,423
1786314019447057376,422
1786314019453019391,421
1786314019458108732,420
1786314019463119603,419
1786314019468112146,417
1786314019473973779,417
1786314019478808125,417
1786314019483969112,417
1786314019489130883,417
1786314019494835178,418
1786314019500108249,421
1786314019505093084,426
1786314019509940240,431
1786314019515931961,438
1786314019521023622,447
1786314019525984778,459
1786314019530823561,473
1786314019537107108,490
1786314019542043612,509
1786314019546815563,532
1786314019551959188,556
1786314019558086079,581
1786314019562951233,609
1786314019567931864,636
1786314019573008255,664
1786314019578908271,693
1786314019583856316,720
1786314019588915775,747
1786314019593853502,771
1786314019599857706,796
1786314019605122756,817
1786314019609939272,835
1786314019614979003,851
1786314019621124298,864
1786314019626136952,875
1786314019631014571,882
1786314019637095079,886
1786314019642094227,888
1786314019647079749,887
1786314019652073591,884
1786314019658096601,878
1786314019662910895,870
1786314019668067159,859
1786314019673096482,846
1786314019679034923,832
1786314019684107531,815
1786314019689090837,798
1786314019693860495,780
1786314019700094314,761
1786314019705125681,740
1786314019709912398,719
1786314019714933412,698
1786314019720967905,677
1786314019725931425,656
1786314019731063131,635
1786314019736093898,614
1786314019742115495,594
1786314019747002415,575
1786314019751976044,557
1786314019757015105,540
1786314019763038401,525
1786314019768077792,511
1786314019773101608,499
1786314019777842111,489
1786314019783997019,482
1786314019789105384,475
1786314019793857388,471
1786314019798863617,468
1786314019804925667,468
1786314019809818289,468
1786314019814934692,470
1786314019821114658,473
1786314019826153531,477
1786314019830857686,481
1786314019835930669,487
1786314019841925522,493
1786314019846933387,499
1786314019851930157,505
1786314019857073197,512
1786314019863081644,518
1786314019868114942,524
1786314019873108943,529
1786314019877849604,535
1786314019883884738,540
1786314019888929881,544
1786314019893864278,547
1786314019899115196,550
1786314019905125067,553
1786314019909903492,554
1786314019914869196,554
1786314019919935279,553
1786314019925839330,552
1786314019931017698,549
1786314019936095478,546
1786314019941093790,542
1786314019947089878,538
1786314019952090575,533
1786314019957040745,529
1786314019962033640,524
1786314019967960729,519
1786314019972997088,513
1786314019977835387,508
1786314019982822258,503
1786314019989072846,498
1786314019993872024,493
1786314019998856218,487
1786314020004880301,482
1786314020009848951,477
1786314020014812679,472
1786314020019821407,468
1786314020025929965,464
1786314020030848412,460
1786314020035819311,455
1786314020040826378,451
1786314020046846681,447
1786314020051917354,443
1786314020056930129,440
1786314020061896276,436
1786314020067824733,433
1786314020072926073,430
1786314020077895748,427
1786314020083054440,425
1786314020088943903,423
1786314020093843576,420
1786314020098803270,418
1786314020104061310,416
1786314020109888774,415
1786314020114860375,414
1786314020119951580,413
1786314020124950146,413
1786314020131036854,412
1786314020135973198,412
1786314020141072242,412
1786314020145940944,412
1786314020151969077,412
1786314020157124856,412
1786314020161902351,413
1786314020166940888,413
1786314020173078248,412
1786314020177832376,413
1786314020182831327,415
1786314020188934680,415
1786314020193879175,416
1786314020198971115,417
1786314020204115754,419
1786314020209869801,420
1786314020214861326,421
1786314020219818999,423
1786314020224857591,424
1786314020230867786,425
1786314020235963183,426
1786314020240777319,427
1786314020245874815,429
1786314020251969015,429
1786314020257108282,431
1786314020262669187,432
1786314020266966496,433
1786314020273095290,434
1786314020277879651,435
1786314020283011152,436
1786314020288084040,436
1786314020293894136,436
1786314020299007115,436
1786314020303961411,437
1786314020309172472,437
1786314020314820736,437
1786314020320142923,438
1786314020325066778,438
1786314020330015505,438
1786314020335954030,438
1786314020341093162,438
1786314020345874504,438
1786314020350845488,437
1786314020357076201,436
1786314020361816133,436
1786314020366978139,435
1786314020373098130,434
1786314020377861438,433
1786314020382803414,433
1786314020388046918,432
1786314020393903769,432
1786314020398864623,431
1786314020404050650,430
1786314020409069784,429
1786314020414843025,428
1786314020420036816,426
1786314020425068274,425
1786314020429933083,423
1786314020435982945,421
1786314020441075815,419
1786314020446070578,418
1786314020450850816,417
1786314020457139050,417
1786314020461818957,416
1786314020466882129,415
1786314020471802957,415
1786314020477921989,414
1786314020482862935,414
1786314020487822633,415
1786314020492814645,415
1786314020498977150,417
1786314020503907371,419
1786314020508956514,424
1786314020513807527,429
1786314020519886015,438
1786314020524766454,448
1786314020529792935,462
1786314020534874143,478
1786314020540849398,496
1786314020545862954,517
1786314020550889184,539
1786314020555859976,565
1786314020561961504,591
1786314020566903968,619
1786314020571890265,648
1786314020577976772,677
1786314020582929910,706
1786314020587926612,733
1786314020592824512,761
1786314020598983848,787
1786314020603934319,811
1786314020608829545,833
1786314020613919650,851
1786314020619979962,868
1786314020624946155,880
1786314020629861224,891
1786314020634953894,898
1786314020640955419,902
1786314020645835454,902
1786314020650867695,900
1786314020655951101,895
1786314020661882995,888
1786314020666958656,878
1786314020671923420,866
1786314020676879014,853
1786314020683090824,837
1786314020688089787,821
1786314020692905609,803
1786314020698093908,784
1786314020703992426,764
1786314020708865449,743
1786314020713997574,722
1786314020719071550,701
1786314020725036472,679
1786314020729857449,657
1786314020734968877,635
1786314020739887886,615
1786314020746011828,595
1786314020751095938,576
1786314020756090496,559
1786314020761947705,543
1786314020767050592,529
1786314020772080857,516
1786314020776854748,504
1786314020782934460,495
1786314020787934748,487
1786314020792856102,480
1786314020797936473,477
1786314020804125226,474
1786314020808827657,473
1786314020814055827,473
1786314020819098936,474
1786314020825235983,477
1786314020830102422,480
1786314020835102614,485
1786314020840109445,489
1786314020846112384,494
1786314020851139196,499
1786314020856134661,505
1786314020860970357,511
1786314020867088101,516
1786314020872214739,521
1786314020876794792,526
1786314020882070312,531
1786314020888093358,534
1786314020892903054,537
1786314020897824140,540
1786314020903080895,542
1786314020908831088,543
1786314020913870734,544
1786314020919044539,544
1786314020924128854,543
1786314020929980124,541
1786314020934971038,538
1786314020940109278,536
1786314020945970941,532
1786314020951107010,528
1786314020956103077,524
1786314020960882263,520
1786314020967109710,515
1786314020972091930,510
1786314020976871564,505
1786314020981925597,501
1786314020988110566,495
1786314020992862500,489
1786314020998042875,483
1786314021002973350,478
1786314021008918143,473
1786314021013880318,468
1786314021018939628,463
1786314021024099435,458
1786314021029949620,454
1786314021035089330,449
1786314021040094136,446
1786314021045061231,443
1786314021051117423,439
1786314021056091303,436
1786314021060836197,434
1786314021066063184,431
1786314021072088816,428
1786314021076882036,426
1786314021082087338,424
1786314021087144099,422
1786314021092861812,420
1786314021098055703,420
1786314021103111723,418
1786314021108816571,417
1786314021113833536,416
1786314021118959039,416
1786314021123796594,415
1786314021129853905,414
1786314021134858904,413
1786314021139894811,413
1786314021144965173,414
1786314021151088906,414
1786314021156086405,414
1786314021160944619,414
1786314021166094014,414
1786314021172078731,414
1786314021176914924,413
1786314021182074748,413
1786314021187106371,413
1786314021192826611,413
1786314021197925884,413
1786314021202922851,413
1786314021207922098,412
1786314021214081154,411
1786314021219012065,411
1786314021223963579,412
1786314021229093208,412
1786314021235006806,412
1786314021239893900,413
1786314021245073496,414
1786314021250095598,415
1786314021256095735,416
1786314021261026687,418
1786314021265968187,419
1786314021271076683,420
1786314021276832092,419
1786314021282085752,419
1786314021287100536,419
1786314021292736004,419
1786314021298074474,418
1786314021303091404,419
1786314021308169016,418
1786314021314000943,418
1786314021319044744,418
1786314021323899204,418
1786314021328970870,417
1786314021335088223,416
1786314021340073675,415
1786314021344984073,415
1786314021350070142,414
1786314021356030273,414
1786314021360847263,414
1786314021365873784,414
1786314021370926415,413
1786314021377105545,413
1786314021382022178,413
1786314021387104083,412
1786314021391855759,411
1786314021397856021,410
1786314021402909364,410
1786314021407986329,409
1786314021413039297,409
1786314021419090538,409
1786314021424099484,409
1786314021429037402,409
1786314021434027940,410
1786314021440097964,410
1786314021445043163,410
1786314021450097303,410
1786314021455032885,410
1786314021460918887,411
1786314021466099502,411
1786314021471351293,412
1786314021476787212,412
1786314021482040319,412
1786314021486973289,412
1786314021491869742,412
1786314021498009270,411
1786314021503122647,411
1786314021507942528,409
1786314021513101830,409
1786314021518968079,409
1786314021523956533,408
1786314021528936036,407
1786314021533876489,406
1786314021540085624,405
1786314021544834543,404
1786314021549884997,403
1786314021555083320,402
1786314021560951113,403
1786314021566084792,401
1786314021571079049,401
1786314021575836201,400
1786314021582071399,400
1786314021587077704,400
1786314021591845789,401
1786314021596892036,402
1786314021602915408,404
1786314021607862376,407
1786314021613104701,411
1786314021618075860,417
1786314021624022669,425
1786314021629073482,435
1786314021634037629,448
1786314021639074606,463
1786314021644893790,480
1786314021650078903,500
1786314021655076393,522
1786314021659873447,546
1786314021666098201,572
1786314021671089301,600
1786314021675838890,628
1786314021682054233,657
1786314021687105066,687
1786314021691850982,715
1786314021697111366,744
1786314021703144866,771
1786314021707928127,796
1786314021712948325,819
1786314021718086828,840
1786314021724054181,858
1786314021728836972,872
1786314021733801553,883
1786314021739056492,892
1786314021744974300,897
1786314021749909651,899
1786314021755084650,898
1786314021759875475,895
1786314021765962150,889
1786314021771121058,879
1786314021775835245,868
1786314021780941076,855
1786314021786927129,839
1786314021791868604,822
1786314021796926577,804
1786314021801957574,785
1786314021807830272,764
1786314021813124608,742
1786314021818103275,721
1786314021823013769,699
1786314021828924071,675
1786314021834099635,652
1786314021839106120,630
1786314021843880461,608
1786314021850112001,587
1786314021855100736,568
1786314021859844748,551
1786314021866020504,534
1786314021871108648,519
1786314021875865520,506
1786314021881112682,494
1786314021887105173,485
1786314021891846591,477
1786314021897053805,472
1786314021902109013,467
1786314021907838679,465
1786314021913056735,463
1786314021918103509,465
1786314021923094744,467
1786314021928827403,470
1786314021933922114,474
1786314021939111130,479
1786314021943863024,485
1786314021949833539,491
1786314021954930092,498
1786314021960008636,505
1786314021964863233,511
1786314021970926428,518
1786314021975861247,525
1786314021981113423,531
1786314021986119673,536
1786314021991899117,540
1786314021997043670,544
1786314022001976742,547
1786314022006901887,549
1786314022012930864,551
1786314022017771380,550
1786314022023024911,550
1786314022028001999,549
1786314022033966825,547
1786314022039020048,544
1786314022044035720,541
1786314022050019641,536
1786314022055091496,532
1786314022059795952,526
1786314022065080031,521
1786314022071085982,515
1786314022075887306,510
1786314022081120859,505
1786314022085955843,500
1786314022091891261,494
1786314022096991328,490
1786314022102106675,485
1786314022107004469,480
1786314022112798010,474
1786314022117776844,469
1786314022122919637,465
1786314022128012251,460
1786314022134005162,456
1786314022138944733,451
1786314022143857234,447
1786314022148780618,443
1786314022154814444,440
1786314022159875246,437
1786314022164773408,434
1786314022169805691,432
1786314022175842675,429
1786314022180829232,427
1786314022185810272,425
1786314022190763870,422
1786314022196816429,421
1786314022201849208,420
1786314022206800849,419
1786314022211835988,418
1786314022217851152,418
1786314022222876905,417
1786314022227936205,416
1786314022233914851,415
1786314022238917068,416
1786314022243924492,415
1786314022248984267,414
1786314022255042307,414
1786314022259957279,415
1786314022265070326,415
1786314022270074350,415
1786314022275839681,416
1786314022281069216,417
1786314022286104769,417
1786314022290824967,417
1786314022297102867,418
1786314022302078141,418
1786314022307089922,419
1786314022311883531,420
1786314022318018106,420
1786314022323077578,421
1786314022328037682,423
1786314022333067431,424
1786314022339076975,424
1786314022343928002,425
1786314022348938492,426
1786314022353980434,426
1786314022359987888,428
1786314022364954352,429
1786314022370098625,430
1786314022375892068,431
1786314022380961266,431
1786314022386114645,431
1786314022390903121,431
1786314022395936845,431
1786314022402139957,431
1786314022406978345,431
1786314022411932376,431
1786314022417896213,431
1786314022423112548,431
1786314022427934420,430
1786314022432937640,429
1786314022438962651,429
1786314022443936509,429
1786314022448962035,430
1786314022454123046,431
1786314022460014548,432
1786314022465085282,433
1786314022469969485,434
1786314022474932863,435
1786314022481136308,436
1786314022486094833,437
1786314022490819468,437
1786314022496062033,438
1786314022502103055,438
1786314022506983725,438
1786314022512093975,438
1786314022517028069,438
1786314022523110737,437
1786314022527884261,437
1786314022532881692,436
1786314022537907513,435
1786314022543995379,434
1786314022548924812,432
1786314022553959513,431
1786314022558888399,430
1786314022565036999,429
1786314022570092097,428
1786314022574857795,427
1786314022579877084,425
1786314022585930711,424
1786314022590879255,422
1786314022595838723,421
1786314022601065144,420
1786314022606949673,418
1786314022611910542,416
1786314022616891742,414
1786314022623066744,414
1786314022627914283,413
1786314022632891729,413
1786314022637919893,414
1786314022644044176,416
1786314022649089436,420
1786314022654098567,425
1786314022658907888,432
1786314022665112176,441
1786314022670104650,451
1786314022674851085,464
1786314022679922540,480
1786314022685952690,498
1786314022690871608,518
1786314022696031635,540
1786314022701082668,564
1786314022706947411,588
1786314022711892627,613
1786314022717095215,639
1786314022722042389,664
1786314022728064398,689
1786314022733111472,711
1786314022738014984,733
1786314022742830662,753
1786314022749052875,772
1786314022753953641,788
1786314022759674205,802
1786314022763841309,814
1786314022769921171,822
1786314022774831747,829
1786314022780113223,832
1786314022785018168,833
1786314022790865211,830
1786314022795819157,826
1786314022800889462,819
1786314022806821389,809
1786314022812886088,798
1786314022816929883,784
1786314022822001172,769
1786314022828045136,752
1786314022833098846,735
1786314022838002354,717
1786314022842894474,697
1786314022848927988,677
1786314022854039114,656
1786314022858925305,636
1786314022864056745,614
1786314022870175224,593
1786314022874829746,572
1786314022879877912,552
1786314022885136248,534
1786314022890780347,516
1786314022895867251,500
1786314022900852783,487
1786314022905919166,474
1786314022911936436,463
1786314022916971567,454
1786314022921982172,447
1786314022927210039,442
1786314022933154904,439
1786314022938065236,438
1786314022943041793,438
1786314022947931630,440
1786314022953890337,443
1786314022959073831,447
1786314022963849420,452
1786314022970104396,457
1786314022974845501,464
1786314022979873267,472
1786314022984846676,480
1786314022990860403,487
1786314022995852657,495
1786314023000890799,502
1786314023005814224,508
1786314023011871454,515
1786314023016855707,520
1786314023021803703,525
1786314023027130242,529
1786314023032953290,532
1786314023037792833,535
1786314023043193980,536
1786314023047904902,537
1786314023053959444,537
1786314023058878401,536
1786314023063774759,535
1786314023069087191,532
1786314023074882070,529
1786314023080015594,526
1786314023085085541,523
1786314023089886381,518
1786314023095883885,513
1786314023100934018,509
1786314023105957969,504
1786314023110922764,499
1786314023116890730,494
1786314023122002376,489
1786314023126848619,484
1786314023132022528,479
1786314023138072336,476
1786314023142832376,472
1786314023147952530,468
1786314023154004162,464
1786314023158835818,461
1786314023163801827,458
1786314023169085361,454
1786314023174832642,451
1786314023179826593,448
1786314023185015177,446
1786314023189798831,443
1786314023195852241,441
1786314023200917329,440
1786314023205823206,438
1786314023211029259,435
1786314023217049799,433
1786314023222017063,431
1786314023226976661,430
1786314023231991154,427
1786314023237997842,426
1786314023242828143,425
1786314023248010342,424
1786314023252848203,423
1786314023259696373,424
1786314023263904070,423
1786314023268862014,422
1786314023273766586,422
1786314023279959040,421
1786314023284871682,421
1786314023289808040,420
1786314023294941221,421
1786314023300945483,421
1786314023305895463,421
1786314023310812072,420
1786314023315762880,420
1786314023321898599,420
1786314023326917397,420
1786314023331903736,420
1786314023337920277,419
1786314023342940660,420
1786314023347924347,420
1786314023352951245,421
1786314023358958329,422
1786314023363942994,422
1786314023368918397,422
1786314023373819168,423
1786314023379860637,423
1786314023384817037,424
1786314023389841469,424
1786314023394851797,424
1786314023400934436,426
1786314023405916004,426
1786314023410827108,427
1786314023415960072,429
1786314023422095581,430
1786314023427012581,430
1786314023432105200,431
1786314023437044199,432
1786314023443058430,433
1786314023448099069,434
1786314023453209189,435
1786314023457820501,436
1786314023464086929,436
1786314023469099900,437
1786314023473889528,438
1786314023478958235,438
1786314023484960447,437
1786314023489915054,436
1786314023495083571,435
1786314023500891085,435
1786314023505859793,433
1786314023510885812,432
1786314023516180464,430
1786314023522025699,429
1786314023526883504,427
1786314023532078287,425
1786314023537026753,423
1786314023542801366,422
1786314023547961971,420
1786314023552982354,419
1786314023557859558,419
1786314023564004889,419
1786314023569112382,417
1786314023573825626,416
1786314023578958257,416
1786314023585068950,415
1786314023589827877,415
1786314023594829444,416
1786314023600064130,418
1786314023605951557,421
1786314023610887208,423
1786314023616073616,429
1786314023621022378,436
1786314023626858401,444
1786314023631886629,454
1786314023636863754,468
1786314023641853109,483
1786314023648067809,500
1786314023653077512,520
1786314023657869849,542
1786314023662887473,566
1786314023669051831,592
1786314023673844140,619
1786314023678889312,645
1786314023684877693,673
1786314023689844816,700
1786314023694888665,726
1786314023700045852,752
1786314023705875818,776
1786314023710887650,799
1786314023716062158,820
1786314023721082801,837
1786314023726793951,852
1786314023731916611,864
1786314023737061450,873
1786314023741854821,880
1786314023748041697,882
1786314023752845837,883
1786314023757884292,881
1786314023762864791,876
1786314023769070994,868
1786314023773809364,859
1786314023778903951,848
1786314023784079275,834
1786314023789883996,819
1786314023794956283,803
1786314023800103068,786
1786314023805102317,767
1786314023810828941,748
1786314023816041339,728
1786314023821085726,707
1786314023825979993,685
1786314023832071026,663
1786314023837089007,642
1786314023841817194,620
1786314023846925434,599
1786314023852925455,580
1786314023857873775,561
1786314023862919234,543
1786314023868850190,527
1786314023873879815,512
1786314023878921468,499
1786314023883949381,488
1786314023889853152,478
1786314023894924011,471
1786314023899920474,466
1786314023904921600,462
1786314023910923565,460
1786314023915915376,459
1786314023920925181,461
1786314023925818671,462
1786314023931918721,465
1786314023936945723,469
1786314023941844527,473
1786314023946986861,479
1786314023952961395,485
1786314023957817982,492
1786314023963082475,499
1786314023968087337,506
1786314023973849078,513
1786314023978997227,519
1786314023984082589,525
1786314023988912553,531
1786314023994893983,535
1786314023999929033,539
1786314024004967052,542
1786314024009862522,543
1786314024015961246,545
1786314024021007272,546
1786314024026009463,546
1786314024031022108,546
1786314024036956484,545
1786314024042674646,544
1786314024046902977,542
1786314024052920925,539
1786314024057884169,536
1786314024062932934,534
1786314024067915875,529
1786314024073806409,524
1786314024078970704,520
1786314024084031039,515
1786314024088838593,510
1786314024094928801,505
1786314024100069857,501
1786314024105122539,496
1786314024109839170,491
1786314024115910377,486
1786314024121097760,482
1786314024125806648,476
1786314024130970603,471
1786314024137111330,467
1786314024141873749,463
1786314024146851422,459
1786314024152112704,455
1786314024157860330,451
1786314024162913818,448
1786314024168122225,445
1786314024172861434,441
1786314024178990654,439
1786314024184084341,436
1786314024188789987,432
1786314024193950718,431
1786314024199972240,429
1786314024205013466,427
1786314024210007558,425
1786314024214818100,423
1786314024220781560,422
1786314024225813749,421
1786314024231308726,419
1786314024237002227,419
1786314024241849160,418
1786314024246893722,417
1786314024252038091,417
1786314024257835960,416
1786314024262942548,416
1786314024268097531,416
1786314024272795549,416
1786314024278968792,416
1786314024284065791,416
1786314024288808240,416
1786314024293850659,417
1786314024300097578,418
1786314024305067029,419
1786314024309919393,420
1786314024314828451,420
1786314024321071887,421
1786314024325896684,421
1786314024330977671,421
1786314024336065028,422
1786314024341846285,423
1786314024346852571,424
1786314024352091432,425
1786314024356903743,426
1786314024362813617,427
1786314024367998631,429
1786314024373043265,430
1786314024377961953,432
1786314024383938872,434
1786314024388874297,435
1786314024393959896,437
1786314024398784950,438
1786314024405063287,439
1786314024409992540,440
1786314024414984131,440
1786314024420995540,441
1786314024425820322,441
1786314024430822728,441
1786314024435992670,440
1786314024441845139,440
1786314024446852164,439
1786314024452064489,438
1786314024456873575,437
1786314024462876276,436
1786314024467920665,434
1786314024472801700,432
1786314024477879104,431
1786314024483819681,429
1786314024488816640,427
1786314024493996445,425
1786314024498940491,424
1786314024505016398,422
1786314024509962825,421
1786314024514921916,420
1786314024519906481,419
1786314024525857435,418
1786314024530843428,417
1786314024535812555,417
1786314024540953203,418
1786314024546943573,419
1786314024551921332,420
1786314024556819296,424
1786314024561815926,430
1786314024567915146,436
1786314024572763908,445
1786314024577824610,456
1786314024582812758,469
1786314024588812612,486
1786314024593946909,505
1786314024598917346,525
1786314024604806035,548
1786314024609946942,573
1786314024614916748,598
1786314024619964834,625
1786314024626109225,652
1786314024631007060,679
1786314024636119109,705
1786314024640883772,730
1786314024647047036,754
1786314024651972950,777
1786314024656855020,798
1786314024661931986,816
1786314024667991160,832
1786314024672809917,846
1786314024677952838,857
1786314024683067017,864
1786314024688865483,869
1786314024693853138,872
1786314024698910566,872
1786314024703939545,869
1786314024709882528,862
1786314024714885026,854
1786314024719843757,844
1786314024724784899,831
1786314024731038992,817
1786314024736025737,802
1786314024740846903,786
1786314024746096601,769
1786314024752073280,751
1786314024756857079,732
1786314024762114356,712
1786314024766998123,692
1786314024772824850,670
1786314024777889659,649
1786314024782887219,628
1786314024788796100,606
1786314024794045799,586
1786314024799066858,567
1786314024804068412,549
1786314024809920233,531
1786314024815109981,516
1786314024820082894,502
1786314024824813615,491
1786314024830925844,480
1786314024836086120,473
1786314024840813527,468
1786314024845975270,464
1786314024852069986,461
1786314024857458872,461
1786314024861860085,462
1786314024867085227,463
1786314024872893066,466
1786314024878023192,470
1786314024883110238,475
1786314024887905256,480
1786314024894001526,485
1786314024899083455,491
1786314024904086292,498
1786314024908989179,504
1786314024915083574,510
1786314024920000056,517
1786314024924812309,524
1786314024930086432,528
1786314024936083692,533
1786314024940848747,538
1786314024945953241,541
1786314024950969662,544
1786314024956899896,546
1786314024962110895,547
1786314024967082365,546
1786314024972940447,547
1786314024978021322,545
1786314024983084342,543
1786314024987955377,540
1786314024994091056,537
1786314024999080006,534
1786314025003942789,530
1786314025008893872,525
1786314025015073429,520
1786314025019899733,516
1786314025024965654,510
1786314025030057133,504
1786314025036086317,500
1786314025040812758,495
1786314025046104816,489
1786314025051104505,484
1786314025056833939,479
1786314025061997311,474
1786314025066933049,468
1786314025071824244,463
1786314025077809502,459
1786314025083086015,454
1786314025087857733,450
1786314025092822338,446
1786314025098891068,443
1786314025104084029,440
1786314025109072533,436
1786314025114074413,434
1786314025119949868,431
1786314025124844373,429
1786314025129823241,426
1786314025134909400,424
1786314025140887585,423
1786314025145837527,421
1786314025150910579,419
1786314025156825053,418
1786314025161887080,417
1786314025167077021,416
1786314025171854899,416
1786314025178002901,416
1786314025183072833,416
1786314025187919166,416
1786314025193080887,415
1786314025199089806,415
1786314025204003346,416
1786314025209067345,416
1786314025214068217,416
1786314025220297975,417
1786314025224810756,417
1786314025229912532,417
1786314025235084122,417
1786314025240794762,417
1786314025245885395,416
1786314025250908028,415
1786314025255878428,415
1786314025262049424,415
1786314025266839837,415
1786314025271846613,414
1786314025276882793,414
1786314025283097042,414
1786314025287803474,414
1786314025292978801,415
1786314025298016794,416
1786314025304179506,417
1786314025309098610,418
1786314025314096015,419
1786314025319107647,420
1786314025325106397,421
1786314025330077826,422
1786314025335107270,424
1786314025340979983,425
1786314025346096623,426
1786314025351104922,428
1786314025355823762,429
1786314025361853131,431
1786314025367095139,432
1786314025371890567,432
1786314025377044322,433
1786314025383098535,433
1786314025387851721,432
1786314025393050775,431
1786314025397957044,431
1786314025404148477,430
1786314025408972328,428
1786314025413937709,427
1786314025418972048,426
1786314025425759367,424
1786314025430037201,422
1786314025435055750,420
1786314025439852441,418
1786314025445843284,415
1786314025450998461,413
1786314025455951114,411
1786314025460969319,410
1786314025466933945,408
1786314025471832122,406
1786314025476846526,405
1786314025481842951,404
1786314025487854346,403
1786314025493025355,402
1786314025498678150,402
1786314025503114572,402
1786314025508935938,403
1786314025514089468,405
1786314025519054530,410
1786314025525122086,415
1786314025529883875,422
1786314025534867884,432
1786314025539842278,444
1786314025547069834,458
1786314025550915824,475
1786314025555825374,494
1786314025560837643,515
1786314025566963301,538
1786314025571797722,564
1786314025576846291,591
1786314025582823271,618
1786314025587844945,646
1786314025593420850,673
1786314025597874736,701
1786314025602805688,727
1786314025608878178,752
1786314025613959393,775
1786314025618823306,796
1786314025624227149,815
1786314025630037303,831
1786314025634833515,844
1786314025641783563,854
1786314025644898246,861
1786314025651910318,865
1786314025655886578,866
1786314025660779389,865
1786314025665926419,860
1786314025671808140,853
1786314025676815900,844
1786314025682345491,834
1786314025686824624,820
1786314025692915626,805
1786314025697888282,788
1786314025702832394,770
1786314025708750087,751
1786314025713973256,732
1786314025718887997,712
1786314025724225787,692
1786314025729876791,670
1786314025734854587,648
1786314025740304316,627
1786314025746176655,605
1786314025750910445,584
1786314025755868069,564
1786314025760883087,545
1786314025766142030,528
1786314025771803039,511
1786314025776870220,497
1786314025781984083,484
1786314025786913197,473
1786314025792945677,464
1786314025798005214,457
1786314025803027469,452
1786314025807994837,449
1786314025814086571,447
1786314025819088952,446
1786314025823801975,447
1786314025828999570,449
1786314025835159979,452
1786314025839803294,457
1786314025844815889,462
1786314025849987944,469
1786314025855855949,475
1786314025860812702,483
1786314025865971740,490
1786314025870842014,497
1786314025876994936,503
1786314025881896671,509
1786314025886891356,515
1786314025892891965,520
1786314025897936846,525
1786314025902942068,529
1786314025908130639,533
1786314025913942317,535
1786314025918939992,538
1786314025923842413,539
1786314025928939222,540
1786314025934939770,540
1786314025939850365,538
1786314025944863779,536
1786314025949945078,533
1786314025955882817,530
1786314025960862426,526
1786314025965939113,522
1786314025970851773,517
1786314025976942990,512
1786314025981917181,507
1786314025986921132,502
1786314025991826105,496
1786314025997810419,490
1786314026002806711,484
1786314026007918253,479
1786314026012917436,474
1786314026018804115,469
1786314026023777824,465
1786314026028848723,460
1786314026034073014,455
1786314026039806976,451
1786314026045076099,447
1786314026050081361,443
1786314026055714794,440
1786314026060958732,436
1786314026065937117,433
1786314026070877615,430
1786314026077093741,427
1786314026082088284,425
1786314026086869060,423
1786314026091981925,421
1786314026098062107,419
1786314026103047835,418
1786314026107877176,417
1786314026113070518,415
1786314026119036738,414
1786314026124055411,413
1786314026129064994,413
1786314026134065671,412
1786314026139867248,411
1786314026145067298,412
1786314026150065744,412
1786314026154823182,412
1786314026161068213,412
1786314026165983788,412
1786314026170863232,413
1786314026175880067,414
1786314026182037782,415
1786314026186835563,415
1786314026191877313,416
1786314026197060195,416
1786314026203068512,417
1786314026207891152,418
1786314026213001472,419
1786314026218009241,420
1786314026224042801,420
1786314026229036833,422
1786314026234083506,423
1786314026239876461,424
1786314026244991081,425
1786314026250085684,426
1786314026254812053,427
1786314026260974947,428
1786314026266018012,429
1786314026270840257,430
1786314026275828665,431
1786314026281881349,432
1786314026286805537,433
1786314026291953251,435
1786314026297064323,436
1786314026303073695,436
1786314026307823995,437
1786314026313066246,437
1786314026318087345,437
1786314026323884334,438
1786314026328884009,437
1786314026333917806,437
1786314026338876597,437
1786314026345067911,436
1786314026350068002,434
1786314026354827975,432
1786314026359885386,431
1786314026365878915,430
1786314026370870980,428
1786314026375882586,426
1786314026380912103,425
1786314026386843968,424
1786314026392073537,422
1786314026397111330,422
1786314026402066988,420
1786314026407884031,419
1786314026413082482,418
1786314026418099762,417
1786314026422932918,416
1786314026429066208,414
1786314026434065863,413
1786314026438812152,413
1786314026445080314,413
1786314026450077743,413
1786314026454860499,414
1786314026459995835,415
1786314026466015323,418
1786314026471704002,422
1786314026476056328,429
1786314026481071478,437
1786314026486902191,447
1786314026491924834,459
1786314026496962150,475
1786314026501996088,492
1786314026507894100,510
1786314026512925837,531
1786314026517962770,554
1786314026522813975,579
1786314026528920312,603
1786314026534076516,629
1786314026538873588,655
1786314026543872872,679
1786314026550074930,704
1786314026554862037,727
1786314026560031787,748
1786314026565088874,766
1786314026570903310,782
1786314026575954216,797
1786314026581061354,809
1786314026586001847,817
1786314026592081754,823
1786314026597091261,827
1786314026602087443,828
1786314026606903875,826
1786314026613164028,822
1786314026618098457,815
1786314026622831119,807
1786314026628741392,796
1786314026633939303,784
1786314026638875050,771
1786314026643854852,756
1786314026649908796,738
1786314026654879183,720
1786314026659939578,701
1786314026664990368,680
1786314026671066260,660
1786314026675875175,638
1786314026680906918,617
1786314026685789996,596
1786314026691910434,575
1786314026697097429,555
1786314026702139722,535
1786314026706914518,517
1786314026713188583,501
1786314026717811674,487
1786314026722818138,474
1786314026728098060,463
1786314026733786822,455
1786314026738833128,448
1786314026743924658,444
1786314026748826705,442
1786314026755305311,442
1786314026760087210,444
1786314026764875229,447
1786314026771037112,451
1786314026775863703,456
1786314026781047062,462
1786314026786400262,467
1786314026790818510,473
1786314026796961987,479
1786314026801764653,487
1786314026806830457,494
1786314026812961757,501
1786314026817807684,510
1786314026823118198,517
1786314026827903681,524
1786314026833841009,530
1786314026839160712,535
1786314026843939508,539
1786314026848915902,542
1786314026854988522,544
1786314026859838083,546
1786314026864925233,546
1786314026869874154,547
1786314026876281487,546
1786314026880911669,545
1786314026885787798,543
1786314026890965795,540
1786314026896936981,537
1786314026902659429,534
1786314026906777907,530
1786314026911761482,525
1786314026918042978,521
1786314026922909700,516
1786314026927886101,510
1786314026932885559,504
1786314026938819203,498
1786314026943948000,493
1786314026948909727,487
1786314026953872925,482
1786314026959918500,477
1786314026964904955,471
1786314026969897563,467
1786314026975876622,462
1786314026980911112,458
1786314026985839099,454
1786314026990785937,450
1786314026996804812,447
1786314027001855210,444
1786314027006809226,441
1786314027011913522,438
1786314027017791604,435
1786314027022836092,433
1786314027027923564,432
1786314027032917099,431
1786314027038984247,430
1786314027043916040,429
1786314027048894510,428
1786314027053787061,427
1786314027059918028,426
1786314027064908947,425
1786314027069823640,423
1786314027074927897,423
1786314027080915581,423
1786314027085770096,423
1786314027090764222,423
1786314027095905288,422
1786314027101884653,422
1786314027106910022,422
1786314027111911451,422
1786314027116828154,423
1786314027122941012,423
1786314027127912236,423
1786314027132911034,424
1786314027137857216,425
1786314027143955615,425
1786314027148917993,426
1786314027153921466,427
1786314027159773039,428
1786314027164910996,429
1786314027170682908,430
1786314027174969411,431
1786314027181007994,432
1786314027186140790,433
1786314027190927542,434
1786314027196016263,434
1786314027201857163,435
1786314027207040131,435
1786314027212773584,436
1786314027216995131,436
1786314027224025523,436
1786314027228110901,435
1786314027232809649,435
1786314027237868608,435
1786314027244178501,434
1786314027248830639,432
1786314027253807171,431
1786314027259053198,430
1786314027264783877,429
1786314027269758756,428
1786314027274866068,427
1786314027280047574,426
1786314027286939175,424
1786314027291117127,423
1786314027295904775,422
1786314027301027121,422
1786314027306855001,421
1786314027311921990,421
1786314027316849455,421
1786314027322649539,422
1786314027328098121,423
1786314027332918188,425
1786314027339314611,428
1786314027343997393,432
1786314027348769499,439
1786314027353848434,446
1786314027358841445,457
1786314027364860906,470
1786314027370072798,485
1786314027374965580,502
1786314027379897248,521
1786314027386124618,543
1786314027390889352,566
1786314027395920948,591
1786314027401166829,616
1786314027406791387,641
1786314027411923410,668
1786314027417181986,694
1786314027421795563,719
1786314027427808629,743
1786314027432818140,767
1786314027437864596,788
1786314027442911190,808
1786314027448829430,824
1786314027453840699,838
1786314027458912538,849
1786314027463909827,857
1786314027469867230,861
1786314027474905679,864
1786314027479905837,863
1786314027485125655,860
1786314027490975555,854
1786314027495941427,846
1786314027500954127,837
1786314027505952072,826
1786314027511935311,813
1786314027516988424,799
1786314027521955890,783
1786314027527846550,766
1786314027533655227,748
1786314027537962989,728
1786314027542934359,707
1786314027548935905,685
1786314027553881511,664
1786314027558947543,642
1786314027563943894,620
1786314027569968890,598
1786314027574921962,578
1786314027579912811,559
1786314027584777285,540
1786314027590918633,523
1786314027595912479,508
1786314027600916168,494
1786314027605924653,482
1786314027612090763,471
1786314027616799181,463
1786314027622038419,457
1786314027626944883,451
1786314027632922165,448
1786314027637953130,446
1786314027643100626,446
1786314027648093354,447
1786314027653835267,450
1786314027658912059,456
1786314027663911712,462
1786314027668780899,469
1786314027675056446,476
1786314027680266040,484
1786314027684986470,492
1786314027690073321,499
1786314027696085246,505
1786314027701225631,513
1786314027705875974,520
1786314027711926908,525
1786314027716908006,532
1786314027721847801,537
1786314027726911269,541
1786314027732810000,544
1786314027737960336,546
1786314027743063875,547
1786314027748091204,547
1786314027753865200,547
1786314027759091908,545
1786314027764103510,542
1786314027768783214,539
1786314027774886257,535
1786314027780085708,531
1786314027785048861,526
1786314027789817505,520
1786314027795805926,514
1786314027800923392,509
1786314027805917018,504
1786314027810913725,498
1786314027816924939,493
1786314027821820322,488
1786314027826805074,483
1786314027831804410,478
1786314027837821219,473
1786314027842805410,468
1786314027847912109,463
1786314027852873201,458
1786314027858916738,454
1786314027863914939,450
1786314027868818141,447
1786314027873817720,443
1786314027879909986,440
1786314027884905644,437
1786314027889896205,435
1786314027896370291,432
1786314027900768143,430
1786314027905849339,428
1786314027910817890,426
1786314027916803664,424
1786314027921858762,421
1786314027926922092,419
1786314027931911809,418
1786314027937851675,415
1786314027942807289,414
1786314027948089041,413
1786314027952865212,412
1786314027958909242,411
1786314027963902015,409
1786314027968862047,408
1786314027973912376,407
1786314027979911082,407
1786314027984988311,407
1786314027989788540,406
1786314027994876805,406
1786314028000827893,406
1786314028005978001,406
1786314028011069698,406
1786314028016018576,407
1786314028021927052,408
1786314028026917074,409
1786314028032089603,409
1786314028036854339,412
1786314028042806571,414
1786314028047908794,415
1786314028052771858,417
1786314028057792108,420
1786314028063805245,422
1786314028068925631,424
1786314028073905230,425
1786314028079913727,427
1786314028084797687,428
1786314028089814673,428
1786314028094891948,429
1786314028100771043,430
1786314028105952040,430
1786314028110918723,430
1786314028115909417,431
1786314028122078575,431
1786314028126916772,431
1786314028131915820,431
1786314028136873323,431
1786314028142855069,432
1786314028147907379,431
1786314028155266733,430
1786314028157914477,430
1786314028163903168,429
1786314028168808504,428
1786314028173945036,427
1786314028178901361,425
1786314028184847653,424
1786314028189755626,422
1786314028195015116,421
1786314028199939331,420
1786314028205814786,420
1786314028210909832,419
1786314028215873305,419
1786314028220896422,419
1786314028226875566,420
1786314028231842025,422
1786314028236782861,425
1786314028241776175,429
1786314028247778238,435
1786314028252839385,442
1786314028258123555,452
1786314028263803688,463
1786314028268822940,477
1786314028273797962,494
1786314028278842675,514
1786314028284803222,536
1786314028289837569,560
1786314028294964173,587
1786314028299946982,615
1786314028305848705,644
1786314028310875862,673
1786314028315906663,702
1786314028320820937,732
1786314028326884547,760
1786314028331907283,787
1786314028336861619,812
1786314028341903881,834
1786314028347900089,853
1786314028352831129,870
1786314028357768841,884
1786314028363074975,895
1786314028368838757,903
1786314028373976055,908
1786314028379066559,910
1786314028383958325,908
1786314028389855570,904
1786314028395096812,896
1786314028400090117,888
1786314028404940137,875
1786314028410921592,862
1786314028415910185,847
1786314028420929421,830
1786314028426823594,812
1786314028432090059,792
1786314028436812642,772
1786314028441936606,751
1786314028448002400,729
1786314028453009733,706
1786314028457989281,683
1786314028463104933,660
1786314028468811296,638
1786314028473888307,616
1786314028478990197,595
1786314028484050862,575
1786314028489959245,555
1786314028495072520,538
1786314028500075898,522
1786314028505311101,508
1786314028511078457,496
1786314028516029429,486
1786314028520937743,478
1786314028525933865,471
1786314028532070969,467
1786314028536952957,464
1786314028541961697,463
1786314028547030722,464
1786314028553002159,466
1786314028557963034,469
1786314028563103549,473
1786314028568084270,478
1786314028574000609,483
1786314028579071543,489
1786314028584659090,496
1786314028588782547,501
1786314028595016344,507
1786314028600048409,513
1786314028605002513,519
1786314028610808650,524
1786314028616036264,529
1786314028620832874,533
1786314028625805077,537
1786314028631813304,538
1786314028636788540,540
1786314028641947388,542
1786314028647029664,542
1786314028652869175,543
1786314028657944295,542
1786314028663066457,542
1786314028667804855,540
1786314028673944754,538
1786314028678984902,535
1786314028683788485,532
1786314028689226360,528
1786314028694802828,523
1786314028699827868,518
1786314028704795375,512
1786314028709857072,506
1786314028715828411,500
1786314028721183365,494
1786314028725851615,487
1786314028731122550,481
1786314028736942705,476
1786314028741804318,469
1786314028746772385,463
1786314028751793336,459
1786314028757759560,453
1786314028762805015,449
1786314028767836782,445
1786314028773689180,440
1786314028779032432,436
1786314028783798652,432
1786314028788856724,428
1786314028795108950,426
1786314028800050950,423
1786314028805044614,420
1786314028809871356,417
1786314028816037958,415
1786314028822680789,413
1786314028825825882,411
1786314028830842257,410
1786314028836853980,409
1786314028841826225,409
1786314028846886844,408
1786314028851908135,407
1786314028858254006,407
1786314028862838222,407
1786314028867850138,407
1786314028872880225,408
1786314028878841127,409
1786314028883849969,410
1786314028888976963,410
1786314028893870350,412
1786314028899929211,413
1786314028905256815,414
1786314028910285663,414
1786314028914914239,415
1786314028921309974,416
1786314028925846534,416
1786314028930806488,416
1786314028935872355,415
1786314028942273061,415
1786314028946909196,414
1786314028951972146,414
1786314028956796400,413
1786314028962864057,413
1786314028967786208,413
1786314028973054864,413
1786314028978838791,414
1786314028984027210,414
1786314028988850266,415
1786314028993812937,416
1786314028999800237,418
1786314029004876618,418
1786314029009991170,419
1786314029014849486,420
1786314029020839668,421
1786314029026007378,422
1786314029031091767,423
1786314029035827483,424
1786314029041990511,425
1786314029046994075,425
1786314029051832133,425
1786314029056787726,426
1786314029062898832,426
1786314029067828341,426
1786314029072858665,426
1786314029077812491,426
1786314029083853478,425
1786314029088819639,425
1786314029093799343,425
1786314029098908403,424
1786314029104931570,424
1786314029109848286,424
1786314029114876017,424
1786314029119855827,424
1786314029125789228,424
1786314029130919364,424
1786314029135870745,424
1786314029140839958,423
1786314029146917393,423
1786314029151791378,421
1786314029156894272,420
1786314029162861363,419
1786314029167796875,417
1786314029172972432,416
1786314029177928504,415
1786314029183775068,413
1786314029188870839,411
1786314029193892845,410
1786314029198890169,408
1786314029204898290,407
1786314029209882354,406
1786314029214881909,405
1786314029219831926,405
1786314029225936623,405
1786314029230906844,406
1786314029235772387,408
1786314029240813787,411
1786314029246906818,415
1786314029251753800,422
1786314029256788903,431
1786314029261804431,442
1786314029267852766,456
1786314029272915566,473
1786314029277910601,494
1786314029282876981,517
1786314029288931205,543
1786314029293907465,572
1786314029298913361,602
1786314029304051511,633
1786314029310244852,665
1786314029314931477,698
1786314029320069125,730
1786314029324808130,761
1786314029330951234,791
1786314029335936422,820
1786314029340811317,846
1786314029346914461,870
1786314029351802448,890
1786314029356900915,907
1786314029361909813,920
1786314029367835820,930
1786314029372974320,937
1786314029377824766,939
1786314029383143235,939
1786314029388953800,936
1786314029393778818,929
1786314029398793466,920
1786314029403808349,908
1786314029410296757,893
1786314029414831799,878
1786314029420091829,860
1786314029424798568,841
1786314029430813601,820
1786314029436378174,799
1786314029440819007,777
1786314029445830576,754
1786314029454118142,731
1786314029456883097,707
1786314029461903692,683
1786314029466878809,659
1786314029472835651,635
1786314029477790557,613
1786314029482809732,591
1786314029489788366,570
1786314029493787388,551
1786314029498797769,533
1786314029503797030,517
1786314029508831269,503
1786314029514816562,492
1786314029519820920,483
1786314029524835652,475
1786314029530835926,470
1786314029535910322,466
1786314029540837858,464
1786314029545847126,463
1786314029551792033,464
1786314029556835216,466
1786314029561905642,469
1786314029566857529,473
1786314029572840801,477
1786314029577915934,483
1786314029582833873,489
1786314029588164125,495
1786314029593845644,501
1786314029598791725,508
1786314029603871153,513
1786314029608885467,519
1786314029614924375,523
1786314029619864390,528
1786314029625158423,531
1786314029629802236,534
1786314029635870236,536
1786314029640845823,537
1786314029645849110,537
1786314029650832484,536
1786314029656790809,534
1786314029661851509,533
1786314029666824045,530
1786314029671891363,526
1786314029677824276,523
1786314029682884974,518
1786314029687927782,514
1786314029693017926,509
1786314029698825430,504
1786314029703864009,499
1786314029708985243,494
1786314029714795296,488
1786314029720223521,483
1786314029725015522,477
1786314029729783074,472
1786314029735829996,466
1786314029740888518,461
1786314029745986047,457
1786314029750830545,452
1786314029756849907,449
1786314029761899534,444
1786314029766788337,439
1786314029771800041,435
1786314029777914960,431
1786314029782819840,428
1786314029787804753,424
1786314029792848657,421
1786314029798822341,417
1786314029803911358,414
1786314029808964517,410
1786314029813875601,407
1786314029820003086,404
1786314029824972466,402
1786314029829791790,400
1786314029834828812,398
1786314029840970465,396
1786314029846080254,395
1786314029851223555,393
1786314029856340169,393
1786314029861944439,392
1786314029866810459,392
1786314029871902407,392
1786314029876928638,393
1786314029882893261,393
1786314029888041904,393
1786314029892956336,393
1786314029898785349,394
1786314029903917355,394
1786314029908937811,394
1786314029913799201,395
1786314029921004368,397
1786314029924874885,398
1786314029930050044,399
1786314029934813815,400
1786314029941054728,401
1786314029945959138,402
1786314029951761252,404
1786314029955847868,406
1786314029962034746,407
1786314029966823060,408
1786314029971822922,409
1786314029976832509,409
1786314029982908284,410
1786314029987833274,411
1786314029992920129,411
1786314029998019405,412
1786314030004259388,413
1786314030008955015,413
1786314030013985199,414
1786314030019166962,414
1786314030024910460,414
1786314030029828455,413
1786314030035014843,413
1786314030039805680,413
1786314030045908193,413
1786314030050821593,413
1786314030056153663,413
1786314030060882001,413
1786314030066780264,412
1786314030072421697,412
1786314030077269953,412
1786314030082780360,411
1786314030087844180,412
1786314030092961673,411
1786314030097830473,411
1786314030103990053,412
1786314030108884837,412
1786314030113908902,412
1786314030118968069,413
1786314030124849009,413
1786314030130064235,414
1786314030134910241,414
1786314030139908848,414
1786314030146039275,414
1786314030150893828,413
1786314030155861449,413
1786314030160970944,413
1786314030166793712,412
1786314030171933942,412
1786314030177303294,412
1786314030182008415,412
1786314030187857495,412
1786314030192950164,412
1786314030197993989,412
1786314030203006343,413
1786314030209076959,413
1786314030213963317,414
1786314030219772013,415
1786314030223923516,415
1786314030230003123,415
1786314030234866924,415
1786314030240066479,415
1786314030245104573,415
1786314030250919983,414
1786314030255856150,414
1786314030261007898,413
1786314030266753463,413
1786314030271870138,413
1786314030277064362,413
1786314030281997202,413
1786314030287861167,411
1786314030292988831,411
1786314030298052739,409
1786314030302939257,408
1786314030308936731,407
1786314030313832443,406
1786314030319091605,405
1786314030323892204,403
1786314030329822238,402
1786314030335462965,401
1786314030340198558,400
1786314030345028184,399
1786314030351044805,399
1786314030356025845,398
1786314030360909907,397
1786314030365852210,398
1786314030372009329,398
1786314030376842369,399
1786314030381826263,401
1786314030387457575,405
1786314030392848407,409
1786314030397818490,417
1786314030402915174,426
1786314030407875056,438
1786314030413825029,454
1786314030419726203,473
1786314030423852615,494
1786314030428814198,517
1786314030434950748,543
1786314030439939517,571
1786314030444980330,601
1786314030453573512,632
1786314030455832170,664
1786314030461246647,697
1786314030466770771,729
1786314030471948409,760
1786314030476873847,790
1786314030481866336,817
1786314030487862575,843
1786314030492795828,865
1786314030498115023,885
1786314030503440209,900
1786314030507770003,913
1786314030513803806,922
1786314030519767727,928
1786314030523830095,929
1786314030528824835,927
1786314030535896394,922
1786314030539901528,913
1786314030544798346,902
1786314030549843178,889
1786314030555951424,873
1786314030560872512,856
1786314030566619947,837
1786314030570852566,818
1786314030576874934,797
1786314030581818956,776
1786314030586893054,753
1786314030591887320,730
1786314030597874845,706
1786314030602936306,683
1786314030607778636,659
1786314030612795170,636
1786314030618851273,613
1786314030623883119,590
1786314030628776210,569
1786314030635439946,550
1786314030639848574,532
1786314030644865323,515
1786314030649822737,501
1786314030655817834,490
1786314030660848763,480
1786314030665852312,472
1786314030670959613,466
1786314030676920851,463
1786314030681862065,462
1786314030686839748,462
1786314030691911166,464
1786314030697900362,467
1786314030702781692,472
1786314030707903952,477
1786314030712907675,483
1786314030718785799,490
1786314030723966770,497
1786314030729309946,505
1786314030734366868,513
1786314030739949856,519
1786314030744951015,526
1786314030749836642,533
1786314030754951796,539
1786314030760852395,545
1786314030765859463,550
1786314030771212472,554
1786314030775821825,558
1786314030781804727,561
1786314030786816973,563
1786314030791881410,564
1786314030796778149,563
1786314030802805412,563
1786314030807779530,561
1786314030812825526,559
1786314030817930245,556
1786314030823906450,551
1786314030828804840,547
1786314030833887074,543
1786314030839798364,538
1786314030845123196,532
1786314030850567399,527
1786314030854942363,521
1786314030860961303,516
1786314030865767114,510
1786314030870887405,503
1786314030875902439,498
1786314030881867971,493
1786314030886909278,487
1786314030891903279,482
1786314030896902493,477
1786314030902986154,472
1786314030907950862,468
1786314030912907658,463
1786314030917782693,459
1786314030923848631,454
1786314030928883837,450
1786314030933794101,447
1786314030938940990,443
1786314030945039164,439
1786314030949821544,436
1786314030954944346,434
1786314030959911877,431
1786314030965796014,429
1786314030970984527,427
1786314030976090547,425
1786314030981112588,423
1786314030986968503,421
1786314030992087048,419
1786314030997002849,419
1786314031001940300,418
1786314031007802448,417
1786314031012985288,417
1786314031018561100,416
1786314031024938354,416
1786314031029575134,416
1786314031034045756,415
1786314031039274605,415
1786314031044874999,414
1786314031049892292,414
1786314031055021896,415
1786314031060349740,415
1786314031066741234,415
1786314031070905001,415
1786314031076313615,416
1786314031081046185,417
1786314031086831839,416
1786314031091823429,417
1786314031096876862,418
1786314031102058751,418
1786314031107945983,419
1786314031114079381,420
1786314031117878305,421
1786314031123941326,422
1786314031129885925,423
1786314031133838779,424
1786314031139013669,425
1786314031143966130,426
1786314031150723105,426
1786314031155365108,426
1786314031160445247,427
1786314031164806915,427
1786314031171292314,428
1786314031176141933,428
1786314031180792505,429
1786314031186713627,429
1786314031192408085,428
1786314031196954024,427
1786314031203156014,427
1786314031207958491,426
1786314031212780189,425
1786314031219455721,426
1786314031223567110,427
1786314031228830062,426
1786314031233874013,428
1786314031238983211,429
1786314031243810835,429
1786314031249824538,430
1786314031255347019,430
1786314031260053526,430
1786314031264829418,430
1786314031271318467,431
1786314031275829363,430
1786314031280787404,431
1786314031289190291,430
1786314031291767703,429
1786314031297192081,428
1786314031302262874,427
1786314031306926909,425
1786314031312798039,423
1786314031318266230,422
1786314031322888738,419
1786314031327775949,417
1786314031333909675,414
1786314031338852958,412
1786314031343871036,410
1786314031348794100,407
1786314031354839740,405
1786314031359797316,403
1786314031364974317,401
1786314031369836267,400
1786314031375821538,399
1786314031380768425,399
1786314031385849874,399
1786314031391807557,400
1786314031396820949,402
1786314031401811667,405
1786314031407033330,409
1786314031412807146,415
1786314031417806833,423
1786314031422766541,432
1786314031428053180,444
1786314031433910743,459
1786314031438787571,476
1786314031443932807,496
1786314031448848169,518
1786314031454844978,542
1786314031460051964,567
1786314031464884614,593
1786314031469887005,620
1786314031475965999,648
1786314031481009540,676
1786314031485927692,704
1786314031491041875,731
1786314031497056672,757
1786314031501920844,782
1786314031506890790,804
1786314031512067423,824
1786314031517932114,841
1786314031523074743,855
1786314031528049480,866
1786314031532825575,874
1786314031538877500,879
1786314031543907103,882
1786314031548885818,881
1786314031553908034,878
1786314031559934978,872
1786314031564865787,864
1786314031569913814,853
1786314031576069637,840
1786314031581076469,826
1786314031586001922,810
1786314031590973961,793
1786314031597061107,775
1786314031601955468,756
1786314031606924041,735
1786314031611869368,715
1786314031617796124,694
1786314031622976035,673
1786314031627775243,651
1786314031632829532,629
1786314031638865120,607
1786314031643830501,585
1786314031648784844,564
1786314031653853806,545
1786314031659802196,526
1786314031664791900,509
1786314031669896255,495
1786314031675196678,482
1786314031681139410,472
1786314031685781545,463
1786314031690873626,457
1786314031695829892,452
1786314031702690517,450
1786314031706887967,449
1786314031711939445,449
1786314031716833480,452
1786314031722954711,455
1786314031727799251,459
1786314031732792457,463
1786314031737944006,468
1786314031744073637,473
1786314031748870075,480
1786314031753884954,486
1786314031759930268,493
1786314031764826335,499
1786314031770100789,506
1786314031775098078,511
1786314031781191698,517
1786314031786011793,522
1786314031791052071,525
1786314031795991150,529
1786314031801991038,531
1786314031807033757,533
1786314031811989906,534
1786314031817177559,534
1786314031822817830,533
1786314031827900009,531
1786314031832793201,530
1786314031838060228,528
1786314031844079244,525
1786314031848930481,521
1786314031854079946,518
1786314031859082894,515
1786314031864838201,509
1786314031870028802,504
1786314031875075786,499
1786314031880077405,493
1786314031886054875,487
1786314031891073148,482
1786314031896075494,477
1786314031900903107,472
1786314031906930592,467
1786314031911911018,462
1786314031917002554,458
1786314031922829057,454
1786314031927914149,449
1786314031932788057,445
1786314031937924078,442
1786314031944068914,438
1786314031948939922,433
1786314031953889070,430
1786314031959069918,427
1786314031964850354,423
1786314031969966327,421
1786314031975077674,419
1786314031980075525,417
1786314031985986046,414
1786314031991072626,412
1786314031996075558,411
1786314032000924139,409
1786314032006944990,407
1786314032011986376,406
1786314032016923005,405
1786314032021862596,404
1786314032027872712,402
1786314032032781555,402
1786314032037894052,401
1786314032042902968,400
1786314032048777367,400
1786314032053904565,400
1786314032058903788,400
1786314032063877027,401
1786314032069949672,401
1786314032074922525,402
1786314032079921508,403
1786314032084950701,403
1786314032090934216,404
1786314032095933434,404
1786314032100907279,405
1786314032106860103,405
1786314032111924948,406
1786314032116760377,407
1786314032121919406,408
1786314032127904083,410
1786314032133013923,411
1786314032137914438,413
1786314032142928541,415
1786314032148797958,416
1786314032153961319,417
1786314032158925853,420
1786314032163924270,421
1786314032169975290,422
1786314032174924794,422
1786314032180014877,423
1786314032185070486,424
1786314032190999470,424
1786314032196013117,426
1786314032200945135,426
1786314032205922007,427
1786314032211983848,428
1786314032216807754,429
1786314032221878801,430
1786314032226877987,430
1786314032232862132,431
1786314032237906404,431
1786314032242931061,431
1786314032247750790,432
1786314032253931399,433
1786314032258920730,433
1786314032263911189,432
1786314032269007476,432
1786314032274915488,431
1786314032279991387,430
1786314032284973241,429
1786314032289922960,427
1786314032295964178,426
1786314032300893260,425
1786314032305848311,424
1786314032311839057,423
1786314032316887389,422
1786314032321852894,421
1786314032326836125,420
1786314032332768548,419
1786314032337854608,419
1786314032342844764,417
1786314032347838320,416
1786314032353944248,415
1786314032358884034,414
1786314032363892607,413
1786314032368945653,412
1786314032374924611,411
1786314032379919440,411
1786314032384857375,410
1786314032389916083,409
1786314032395928169,409
1786314032400939420,409
1786314032405877061,410
1786314032410924121,411
1786314032416944059,414
1786314032421961505,418
1786314032426923262,423
1786314032431770236,429
1786314032437901360,438
1786314032442912802,449
1786314032447792219,462
1786314032452789904,478
1786314032458877545,497
1786314032463916886,518
1786314032468971807,542
1786314032474064100,568
1786314032480064173,595
1786314032484891118,624
1786314032489907559,653
1786314032496066993,683
1786314032500979887,713
1786314032506022291,742
1786314032511062850,771
1786314032516790427,798
1786314032521909087,824
1786314032527067143,846
1786314032531843750,866
1786314032537905835,883
1786314032542928229,897
1786314032547880892,907
1786314032552939316,914
1786314032559086890,918
1786314032563866244,918
1786314032568945955,916
1786314032573938065,909
1786314032579939518,902
1786314032584940288,890
1786314032589870890,878
1786314032594937201,863
1786314032600937723,847
1786314032605935517,829
1786314032611065459,809
1786314032615852149,789
1786314032621939710,768
1786314032626936851,747
1786314032631825303,725
1786314032636937629,703
1786314032643029142,681
1786314032647840749,658
1786314032652842246,635
1786314032658911895,614
1786314032663811885,593
1786314032668952801,574
1786314032674046608,556
1786314032680050129,539
1786314032684955145,523
1786314032690046616,509
1786314032694993429,497
1786314032701051781,488
1786314032706044645,479
1786314032711056528,472
1786314032715943137,468
1786314032722050422,465
1786314032727048297,463
1786314032731791170,463
1786314032737071442,464
1786314032742994532,466
1786314032747770230,467
1786314032753075259,471
1786314032758131464,476
1786314032763780290,480
1786314032768869798,486
1786314032773871347,491
1786314032778898211,497
1786314032784899513,502
1786314032789901590,508
1786314032794910005,513
1786314032799783182,518
1786314032805779304,522
1786314032810773674,526
1786314032815786575,529
1786314032820756353,532
1786314032826766161,534
1786314032831751229,536
1786314032836771931,536
1786314032842694660,536
1786314032847743332,534
1786314032853297969,532
1786314032857756009,530
1786314032863747787,526
1786314032868812734,522
1786314032873802675,517
1786314032878754480,513
1786314032884780732,507
1786314032889784240,502
1786314032894866743,497
1786314032899776662,491
1786314032905823128,486
1786314032910905147,481
1786314032915859093,476
1786314032920880300,470
1786314032926936744,465
1786314032931853044,459
1786314032936877654,455
1786314032941754027,450
1786314032947954925,446
1786314032952942791,442
1786314032957905631,438
1786314032962967539,435
1786314032969001435,431
1786314032973877160,427
1786314032979004643,423
1786314032983805434,420
1786314032989936499,417
1786314032995000056,415
1786314032999845207,413
1786314033005375566,412
1786314033010938688,411
1786314033015858177,410
1786314033020817183,410
1786314033026764168,410
1786314033031801613,409
1786314033036851602,410
1786314033041834655,409
1786314033047919542,410
1786314033052837425,411
1786314033057771070,411
1786314033062789890,412
1786314033068818242,411
1786314033073840402,411
1786314033078841467,411
1786314033084382842,411
1786314033089781564,410
1786314033094839251,410
1786314033100719214,410
1786314033104747607,410
1786314033110790006,410
1786314033115868493,409
1786314033121044179,410
1786314033125774705,409
1786314033131804973,408
1786314033136787856,408
1786314033141756461,408
1786314033146775132,408
1786314033152871248,408
1786314033157825975,407
1786314033162975835,407
1786314033168005057,406
1786314033173804665,406
1786314033179069301,406
1786314033183835900,405
1786314033188956581,405
1786314033195062773,405
1786314033199867043,405
1786314033204824845,404
1786314033210721614,404
1786314033215794789,405
1786314033220828713,406
1786314033225845468,407
1786314033231905750,407
1786314033236790126,408
1786314033241846076,407
1786314033246832911,407
1786314033252774596,407
1786314033257896823,407
1786314033263085520,407
1786314033267797238,406
1786314033273819838,406
1786314033278798995,405
1786314033283780920,405
1786314033288832704,404
1786314033294794006,404
1786314033299797241,404
1786314033304910688,402
1786314033309914677,402
1786314033315775155,401
1786314033320829038,401
1786314033325931930,400
1786314033330880930,399
1786314033336809858,399
1786314033341901213,399
1786314033346763340,398
1786314033351909187,397
1786314033357896686,397
1786314033362896595,395
1786314033367868677,395
1786314033372907707,396
1786314033378899186,397
1786314033383740080,399
1786314033388914938,404
1786314033393898515,409
1786314033399742933,416
1786314033404811663,425
1786314033409790990,436
1786314033415783231,450
1786314033420795977,466
1786314033425863957,484
1786314033430809057,505
1786314033436937881,527
1786314033441942938,552
1786314033446838322,577
1786314033451949123,604
1786314033457856106,632
1786314033462851390,658
1786314033467754995,683
1786314033472901342,708
1786314033478873616,733
1786314033483752849,754
1786314033488870183,774
1786314033493860126,793
1786314033499835728,809
1786314033504948959,821
1786314033509913067,832
1786314033514794614,839
1786314033520895459,844
1786314033525931021,846
1786314033530728429,844
1786314033535805106,841
1786314033541800036,835
1786314033546785825,826
1786314033551751422,815
1786314033556751878,803
1786314033562791429,788
1786314033567791466,772
1786314033572892776,755
1786314033577992046,737
1786314033583969010,719
1786314033588778385,699
1786314033593966926,679
1786314033599821753,658
1786314033604810137,636
1786314033609958490,615
1786314033614862968,595
1786314033620833203,575
1786314033625792847,554
1786314033630735930,535
1786314033635737317,518
1786314033641817481,501
1786314033646794752,485
1786314033651794034,472
1786314033656808446,462
1786314033662764036,452
1786314033667800870,444
1786314033672931379,438
1786314033677876373,434
1786314033683752822,432
1786314033688893996,431
1786314033693868513,433
1786314033698747121,436
1786314033704785363,440
1786314033709922907,445
1786314033714805087,450
1786314033719771744,456
1786314033725825342,463
1786314033730795051,470
1786314033735766832,477
1786314033741370419,485
1786314033746744592,491
1786314033753138357,498
1786314033756957385,504
1786314033761934773,510
1786314033767838658,514
1786314033772953825,519
1786314033777927264,522
1786314033783840661,525
1786314033788956139,527
1786314033793923218,528
1786314033798870022,529
1786314033804944591,528
1786314033809930013,527
1786314033814857983,525
1786314033819773077,523
1786314033825835028,520
1786314033830758042,517
1786314033835887019,513
1786314033840942611,509
1786314033847138901,505
1786314033851920994,500
1786314033856996123,496
1786314033861964656,491
1786314033867974486,486
1786314033872962088,481
1786314033877911271,476
1786314033882939567,472
1786314033888935846,468
1786314033893912939,463
1786314033898831421,459
1786314033903928400,455
1786314033909920329,451
1786314033914906363,446
1786314033919934085,443
1786314033925002580,440
1786314033930784666,435
1786314033936015097,432
1786314033940829921,429
1786314033945843335,426
1786314033951891015,423
1786314033956881422,420
1786314033961924367,418
1786314033967838891,416
1786314033972907175,414
1786314033977923869,411
1786314033982843993,409
1786314033988819452,407
1786314033993841915,406
1786314033998807938,405
1786314034004912118,404
1786314034009998228,403
1786314034014815197,403
1786314034019848430,404
1786314034024967177,403
1786314034030764395,403
1786314034035800605,402
1786314034040844963,402
1786314034045761191,401
1786314034051799962,401
1786314034056931171,401
1786314034061895574,401
1786314034066792770,401
1786314034072915083,402
1786314034077885785,403
1786314034082948841,404
1786314034087804111,405
1786314034093895707,406
1786314034098793502,407
1786314034103864711,408
1786314034108883134,410
1786314034114801920,412
1786314034119739977,413
1786314034124832224,415
1786314034130851321,415
1786314034135893935,417
1786314034140948883,418
1786314034145737510,419
1786314034151893939,420
1786314034156938727,421
1786314034161889850,422
1786314034166791835,422
1786314034172931319,423
1786314034177896323,423
1786314034182892073,423
1786314034187956503,423
1786314034194026097,422
1786314034198846063,422
1786314034203946875,422
1786314034209052248,421
1786314034214943139,419
1786314034219757710,418
1786314034224794766,416
1786314034229783695,415
1786314034235959755,414
1786314034241081081,413
1786314034245793753,411
1786314034250905087,410
1786314034256917843,409
1786314034261794418,408
1786314034266905217,407
1786314034271975137,407
1786314034277961082,407
1786314034282870332,407
1786314034287817034,407
1786314034293014712,409
1786314034298899499,412
1786314034303905981,417
1786314034308787285,424
1786314034313842223,432
1786314034319978250,442
1786314034324794723,454
1786314034329842649,469
1786314034335886892,487
1786314034340980497,506
1786314034345833993,527
1786314034350896291,550
1786314034356926122,574
1786314034362007349,598
1786314034366904720,622
1786314034371933841,647
1786314034377962208,671
1786314034382905171,695
1786314034387788161,717
1786314034392924383,738
1786314034398930223,756
1786314034403818180,772
1786314034409087032,787
1786314034413855485,799
1786314034419897450,808
1786314034425001919,814
1786314034429849862,818
1786314034434891072,819
1786314034441072009,817
1786314034445833586,812
1786314034450862863,806
1786314034455966892,797
1786314034461901923,786
1786314034466889179,774
1786314034471936301,760
1786314034476999948,744
1786314034482839569,727
1786314034487925068,708
1786314034493045121,688
1786314034498803202,668
1786314034503799816,647
1786314034509043641,626
1786314034513789015,605
1786314034519842977,585
1786314034524984558,564
1786314034529783533,544
1786314034534861572,526
1786314034540989397,508
1786314034545773988,492
1786314034550932522,477
1786314034555792359,465
1786314034561774948,454
1786314034566859930,445
1786314034571914098,439
1786314034576952006,434
1786314034582893711,430
1786314034587813423,428
1786314034592859163,428
1786314034597875713,430
1786314034603826444,433
1786314034609059105,437
1786314034613792305,443
1786314034618938747,448
1786314034625055755,454
1786314034629819042,460
1786314034634888923,468
1786314034640055361,474
1786314034645849784,481
1786314034650935234,487
1786314034655902732,494
1786314034660926961,499
1786314034666900766,504
1786314034671940002,509
1786314034676959633,513
1786314034682838629,516
1786314034687858813,519
1786314034692921879,522
1786314034697902680,523
1786314034703897753,523
1786314034708960186,523
1786314034713868486,522
1786314034719063816,521
1786314034724942509,518
1786314034729852605,516
1786314034734984166,513
1786314034740003466,510
1786314034745828490,506
1786314034750956340,502
1786314034755885432,497
1786314034760775799,493
1786314034767048416,488
1786314034771824665,483
1786314034776810148,479
1786314034781796671,475
1786314034787734940,470
1786314034792824372,466
1786314034797793801,461
1786314034802787881,457
1786314034808938765,453
1786314034813789517,450
1786314034818803628,447
1786314034823801777,444
1786314034829792203,441
1786314034834869144,438
1786314034839816118,435
1786314034844944400,432
1786314034850866793,430
1786314034855975528,428
1786314034860909417,426
1786314034866840340,423
1786314034871908643,422
1786314034876916667,421
1786314034881800745,420
1786314034887735530,419
1786314034892943813,418
1786314034897826555,418
1786314034902787778,416
1786314034908998367,416
1786314034913822207,415
1786314034918790785,415
1786314034924010672,414
1786314034929820057,414
1786314034935033067,414
1786314034940049119,415
1786314034944817439,415
1786314034951071964,415
1786314034955799646,416
1786314034961245785,416
1786314034965780026,416
1786314034971870084,417
1786314034976939784,417
1786314034981784606,418
1786314034986849685,418
1786314034992935618,419
1786314034997794415,419
1786314035002792099,420
1786314035007977300,420
1786314035013811368,420
1786314035018825949,420
1786314035025144871,419
1786314035028944314,419
1786314035034840216,419
1786314035039855557,419
1786314035044838281,418
1786314035050847742,418
1786314035055841344,418
1786314035060810682,418
1786314035065798307,418
1786314035071802686,417
1786314035076857771,416
1786314035081797445,416
1786314035086911179,416
1786314035092844176,415
1786314035097794008,415
1786314035102945414,415
1786314035107819491,414
1786314035113899243,415
1786314035118909219,415
1786314035124285287,417
1786314035128805072,419
1786314035134846953,423
1786314035140259506,428
1786314035144806290,433
1786314035149804824,441
1786314035156020171,451
1786314035161384779,463
1786314035167649215,477
1786314035170789837,493
1786314035177719223,512
1786314035181925501,533
1786314035186806647,556
1786314035191832480,580
1786314035197813915,606
1786314035202821384,631
1786314035208680239,658
1786314035212803283,685
1786314035219139367,710
1786314035223777260,735
1786314035228778701,758
1786314035236548743,780
1786314035239780857,798
1786314035244759636,815
1786314035249751197,828
1786314035255788907,839
1786314035260802934,847
1786314035265793848,851
1786314035270923572,853
1786314035277463630,853
1786314035281857932,850
1786314035286776022,845
1786314035292759500,835
1786314035297773694,825
1786314035303806060,812
1786314035307772859,797
1786314035312776628,782
1786314035318766019,764
1786314035324693353,747
1786314035329044807,727
1786314035333807901,707
1786314035339822819,687
1786314035344845657,665
1786314035349839010,644
1786314035354900048,623
1786314035360844324,602
1786314035365800726,580
1786314035370779614,559
1786314035375845708,540
1786314035381849331,522
1786314035386854892,504
1786314035391773894,489
1786314035396800563,476
1786314035402803107,464
1786314035407784296,455
1786314035412788991,448
1786314035418757166,442
1786314035423752842,437
1786314035428828430,434
1786314035433785186,433
1786314035439843976,433
1786314035444766450,435
1786314035449782737,439
1786314035454789003,444
1786314035460957415,450
1786314035465772634,456
1786314035470783699,463
1786314035475781462,470
1786314035481787654,477
1786314035486764724,485
1786314035491820488,492
1786314035496821983,499
1786314035502827467,505
1786314035507776116,511
1786314035512793438,516
1786314035517780309,520
1786314035523818967,524
1786314035528804126,527
1786314035533787226,530
1786314035538802118,532
1786314035544780372,534
1786314035549798557,535
1786314035554822469,535
1786314035559879395,534
1786314035565773532,532
1786314035570779154,529
1786314035575811200,526
1786314035580834381,522
1786314035586821168,518
1786314035591808556,515
1786314035596811772,510
1786314035602807841,504
1786314035607803123,500
1786314035613125251,495
1786314035617816194,489
1786314035623795761,484
1786314035628819214,479
1786314035633787326,474
1786314035638787402,470
1786314035644786699,465
1786314035649811494,460
1786314035654784091,456
1786314035659776866,451
1786314035665813203,446
1786314035670795930,442
1786314035675785131,438
1786314035680846172,435
1786314035686833045,431
1786314035691744318,429
1786314035696834640,426
1786314035701745006,424
1786314035707737669,421
1786314035712860443,420
1786314035717803618,419
1786314035722856696,416
1786314035728778533,415
1786314035733769216,414
1786314035738836199,413
1786314035743813276,412
1786314035749819846,411
1786314035754815398,411
1786314035759810725,411
1786314035764802941,411
1786314035770829420,410
1786314035775813739,410
1786314035780806696,411
1786314035786730150,410
1786314035791782194,410
1786314035796780638,410
1786314035801770119,409
1786314035807776920,409
1786314035812789176,410
1786314035817781858,410
1786314035822776083,411
1786314035828787959,412
1786314035833783430,413
1786314035838790895,414
1786314035843961071,416
1786314035849803594,417
1786314035854830999,417
1786314035859812688,418
1786314035864790112,419
1786314035870784785,419
1786314035875829133,420
1786314035880790582,420
1786314035885802221,421
1786314035891828401,421
1786314035896790731,421
1786314035901840551,421
1786314035906868038,421
1786314035912817259,421
1786314035917891144,421
1786314035922890202,421
1786314035927802957,422
1786314035933793384,422
1786314035938814760,422
1786314035943806935,422
1786314035948805925,423
1786314035954890606,423
1786314035959935293,424
1786314035964835481,425
1786314035969830772,427
1786314035975926637,430
1786314035980832488,435
1786314035985900544,441
1786314035991932098,448
1786314035996768017,459
1786314036001940453,471
1786314036007596835,485
1786314036013040872,501
1786314036017956243,521
1786314036022996827,543
1786314036027870157,567
1786314036033915438,592
1786314036038915423,619
1786314036043880947,647
1786314036048811131,675
1786314036054917080,703
1786314036059914069,731
1786314036064847592,758
1786314036069921010,783
1786314036075929588,807
1786314036080805800,827
1786314036085917195,845
1786314036090882596,860
1786314036096808978,873
1786314036101895298,882
1786314036107529673,888
1786314036111802901,892
1786314036117789258,893
1786314036122842463,891
1786314036127793282,885
1786314036132804556,877
1786314036138839366,867
1786314036143787123,854
1786314036148773850,839
1786314036154755647,823
1786314036159824692,805
1786314036164805188,786
1786314036169834600,765
1786314036175864321,745
1786314036180831670,723
1786314036185900795,701
1786314036190814798,679
1786314036196814686,656
1786314036201902932,633
1786314036206824063,610
1786314036211833427,589
1786314036217976814,568
1786314036222965834,548
1786314036227830916,529
1786314036232822934,512
1786314036239042474,497
1786314036243783730,483
1786314036248982617,471
1786314036254069939,462
1786314036259902320,454
1786314036264857148,448
1786314036270039672,445
1786314036274913913,443
1786314036280977843,444
1786314036285858553,446
1786314036290807937,449
1786314036295872810,454
1786314036301890810,460
1786314036306870893,466
1786314036311842687,474
1786314036316974641,481
1786314036322969602,489
1786314036327919507,497
1786314036332892243,504
1786314036338720036,511
1786314036343825476,518
1786314036348892684,523
1786314036353840240,529
1786314036360118897,533
1786314036364901020,537
1786314036369781539,539
1786314036374922983,542
1786314036380894742,543
1786314036385901149,543
1786314036390918225,543
1786314036395991074,543
1786314036402059564,541
1786314036406766905,538
1786314036411792581,535
1786314036416939339,532
1786314036422913291,528
1786314036427967035,523
1786314036432921371,518
1786314036437913528,513
1786314036443773980,507
1786314036448874587,501
1786314036453833778,495
1786314036458891417,488
1786314036464826775,483
1786314036469850042,476
1786314036474837760,470
1786314036479841943,464
1786314036485832955,457
1786314036490875337,451
1786314036495873208,446
1786314036500789843,441
1786314036506774481,436
1786314036511784059,432
1786314036516758995,428
1786314036522875558,424
1786314036527798127,421
1786314036532930301,418
1786314036538057340,416
1786314036543849081,415
1786314036548898048,413
1786314036554060935,412
1786314036559154443,412
1786314036564926524,410
1786314036570058904,409
1786314036574818277,410
1786314036579855575,409
1786314036585937811,409
1786314036590959177,409
1786314036595867090,410
1786314036600946044,409
1786314036606929304,409
1786314036611867752,409
1786314036616897651,410
1786314036622083595,411
1786314036627827374,412
1786314036632896309,414
1786314036638052441,415
1786314036642974433,416
1786314036648926810,416
1786314036653897127,417
1786314036659010429,418
1786314036663813272,419
1786314036670066877,419
1786314036674803237,420
1786314036679850736,422
1786314036685848887,423
1786314036690821178,424
1786314036695798317,425
1786314036700786049,425
1786314036706830164,425
1786314036712037277,425
1786314036716962539,425
1786314036721913097,426
1786314036728121238,426
1786314036732878895,425
1786314036737902648,425
1786314036742884902,426
1786314036748837310,425
1786314036753964256,425
1786314036758901062,424
1786314036763783820,423
1786314036769862071,422
1786314036774814813,421
1786314036779814670,420
1786314036784850392,419
1786314036790782285,418
1786314036795780515,416
1786314036800804359,416
1786314036805785409,415
1786314036811817145,414
1786314036816786176,413
1786314036821769548,413
1786314036826768229,412
1786314036832808982,412
1786314036837823702,412
1786314036842883354,413
1786314036847784749,414
1786314036853787572,417
1786314036858775927,421
1786314036863793787,426
1786314036868876885,432
1786314036874802390,443
1786314036879786718,455
1786314036884853073,470
1786314036890835425,488
1786314036896220354,508
1786314036900855532,530
1786314036906047325,554
1786314036911909935,581
1786314036916861765,609
1786314036921866967,638
1786314036926767550,667
1786314036932743946,696
1786314036937868835,723
1786314036942846252,749
1786314036947835455,774
1786314036953923841,797
1786314036958755678,818
1786314036963803559,836
1786314036968785514,851
1786314036974731415,862
1786314036979804316,871
1786314036984884003,875
1786314036989889797,878
1786314036995788818,877
1786314037000930990,873
1786314037005868817,866
1786314037010781814,857
1786314037016728053,846
1786314037021867177,832
1786314037026796293,816
1786314037031736490,799
1786314037037746370,780
1786314037042821282,760
1786314037047835797,741
1786314037052936993,719
1786314037058777459,697
1786314037063772132,674
1786314037068901404,650
1786314037074771889,627
1786314037079778289,604
1786314037084883802,582
1786314037089852746,560
1786314037095775803,539
1786314037100818976,519
1786314037105808307,502
1786314037110776972,485
1786314037116808829,470
1786314037121806846,457
1786314037126767993,446
1786314037131786958,436
1786314037137789826,429
1786314037142755064,424
1786314037147787359,422
1786314037152785951,421
1786314037158829211,422
1786314037163905644,424
1786314037168777670,426
1786314037173759704,431
1786314037179786567,436
1786314037184783310,443
1786314037189776947,450
1786314037194834488,458
1786314037200800740,466
1786314037205822037,474
1786314037210778836,481
1786314037215770507,489
1786314037221759627,496
1786314037226767938,502
1786314037231794462,509
1786314037236780504,515
1786314037242796336,519
1786314037247813623,523
1786314037252796451,526
1786314037258809939,528
1786314037263789310,528
1786314037268787530,528
1786314037273788666,528
1786314037279784821,527
1786314037284794140,525
1786314037289778641,523
1786314037294793111,520
1786314037300801321,516
1786314037305819909,511
1786314037310777330,506
1786314037315800336,502
1786314037321770821,496
1786314037326766645,491
1786314037331817352,486
1786314037338187586,481
1786314037342771660,475
1786314037347774300,470
1786314037353035105,466
1786314037357928827,461
1786314037363927504,456
1786314037368941767,451
1786314037373831570,447
1786314037378782982,443
1786314037384889449,439
1786314037389927842,436
1786314037394886385,433
1786314037399865645,430
1786314037405832518,426
1786314037410829643,423
1786314037415839163,421
1786314037421133846,418
1786314037427349456,415
1786314037431865330,412
1786314037436842277,410
1786314037442880730,407
1786314037447756179,405
1786314037452830892,403
1786314037457829892,401
1786314037463849269,399
1786314037468923656,398
1786314037473908486,397
1786314037478822147,396
1786314037484831705,396
1786314037489836174,394
1786314037494810645,394
1786314037499884040,394
1786314037505807795,394
1786314037510932615,394
1786314037515885147,394
1786314037520894915,394
1786314037526724492,394
1786314037531905908,394
1786314037536891249,396
1786314037541852465,396
1786314037547806889,397
1786314037552784242,398
1786314037557863840,401
1786314037562905216,403
1786314037568885964,404
1786314037573883324,407
1786314037578800632,408
1786314037583823422,410
1786314037589876872,412
1786314037594802130,414
1786314037599779616,416
1786314037604778311,418
1786314037610913826,420
1786314037615884038,422
1786314037620854184,424
1786314037626734136,425
1786314037632044351,427
1786314037636878529,428
1786314037642082155,429
1786314037647913322,429
1786314037652832609,430
1786314037658016662,430
1786314037662826230,429
1786314037668895646,429
1786314037673886610,429
1786314037678825358,428
1786314037683891232,427
1786314037689890864,426
1786314037694798449,424
1786314037699883538,423
1786314037704888695,421
1786314037710746212,419
1786314037715889194,418
1786314037720886408,416
1786314037725753839,415
1786314037731852137,414
1786314037736898605,413
1786314037742208730,412
1786314037746756541,411
1786314037752890179,411
1786314037757888124,411
1786314037762906452,411
1786314037767887028,412
1786314037773886279,414
1786314037778804308,416
1786314037783891091,421
1786314037788894960,427
1786314037794827711,436
1786314037799886398,446
1786314037804885862,460
1786314037810763934,476
1786314037815784344,495
1786314037820903161,517
1786314037825800991,540
1786314037831978633,565
1786314037836993292,591
1786314037841801075,619
1786314037846819542,646
1786314037853048137,675
1786314037857849475,701
1786314037862875328,727
1786314037867822485,751
1786314037873897416,774
1786314037878954014,795
1786314037884045727,813
1786314037889046624,829
1786314037894874323,841
1786314037900050436,850
1786314037904875072,856
1786314037909855747,859
1786314037915945132,858
1786314037920950950,855
1786314037925828859,849
1786314037930954229,841
1786314037937079766,830
1786314037941921201,817
1786314037946830403,801
1786314037952061836,784
1786314037958047656,765
1786314037962891045,745
1786314037967984145,723
1786314037973052588,701
1786314037978881339,679
1786314037983830215,656
1786314037988826247,632
1786314037994874268,608
1786314037999865102,586
1786314038004743898,563
1786314038009761958,542
1786314038015914941,522
1786314038020886145,504
1786314038025739031,487
1786314038030792477,472
1786314038036888679,459
1786314038041794197,449
1786314038046909137,440
1786314038051916199,434
1786314038057910940,430
1786314038062823427,429
1786314038067907633,429
1786314038072908104,431
1786314038078845063,434
1786314038083908553,438
1786314038088913104,443
1786314038093757236,449
1786314038099736655,456
1786314038104857885,463
1786314038109751502,471
1786314038114911820,479
1786314038121019186,487
1786314038125760014,495
1786314038131753806,502
1786314038136012131,510
1786314038141911251,517
1786314038146946414,523
1786314038151824267,530
1786314038156748522,535
1786314038162822425,539
1786314038167787058,543
1786314038172781022,546
1786314038178816141,547
1786314038183782246,548
1786314038188781622,548
1786314038193815001,547
1786314038199790210,545
1786314038204782924,542
1786314038209749033,538
1786314038214885985,534
1786314038220925694,529
1786314038225775669,523
1786314038230944228,517
1786314038235911317,511
1786314038241751116,505
1786314038246924416,498
1786314038251913466,492
1786314038256981113,487
1786314038262801094,481
1786314038267810815,475
1786314038272920762,470
1786314038277804953,466
1786314038283805257,460
1786314038288855089,456
1786314038293851165,451
1786314038298918721,447
1786314038304908029,444
1786314038309755463,440
1786314038314797821,437
1786314038319783050,434
1786314038325791229,432
1786314038330899409,429
1786314038335905819,428
1786314038341681882,426
1786314038346816979,424
1786314038351884523,422
1786314038356798159,421
1786314038362901541,420
1786314038367863930,418
1786314038372780430,418
1786314038377873778,416
1786314038383882656,415
1786314038388859458,415
1786314038393924433,414
1786314038398887037,414
1786314038404885356,414
1786314038410027976,413
1786314038414744204,413
1786314038419941758,413
1786314038426590673,413
1786314038430832949,412
1786314038435908469,412
1786314038440873780,411
1786314038446944450,411
1786314038451932248,411
1786314038457058063,411
1786314038461891525,411
1786314038467860250,411
1786314038472860451,411
1786314038477895166,411
1786314038482861720,411
1786314038488860144,411
1786314038493876652,411
1786314038498864841,411
1786314038503859198,411
1786314038509882749,410
1786314038514937346,411
1786314038519923625,411
1786314038524725416,411
1786314038530930529,411
1786314038535856398,412
1786314038540878741,413
1786314038547107200,413
1786314038551782176,414
1786314038556759511,415
1786314038561804070,415
1786314038567962491,416
1786314038572879173,416
1786314038577891753,416
1786314038582861248,416
1786314038588858298,416
1786314038593761146,416
1786314038598860169,416
1786314038603861598,416
1786314038609993725,416
1786314038614891500,417
1786314038619890318,417
1786314038624780695,417
1786314038630902704,418
1786314038635883871,420
1786314038640831271,423
1786314038645875648,428
1786314038651886901,435
1786314038656881590,445
1786314038661882773,456
1786314038666861940,471
1786314038672891701,488
1786314038677933323,507
1786314038682896914,527
1786314038687890570,551
1786314038693907106,575
1786314038698886905,601
1786314038703884570,627
1786314038708780252,654
1786314038714898264,680
1786314038719894807,706
1786314038724733896,729
1786314038730986587,752
1786314038735891673,774
1786314038741005806,792
1786314038745911324,808
1786314038752018534,821
1786314038756867927,832
1786314038761880719,840
1786314038766951712,844
1786314038773013848,846
1786314038777855841,845
1786314038782855656,841
1786314038787799766,835
1786314038793972912,826
1786314038798939365,815
1786314038804079233,803
1786314038808890252,788
1786314038814810957,772
1786314038819787448,754
1786314038824730418,735
1786314038829810978,715
1786314038835883689,694
1786314038840832450,672
1786314038845773988,649
1786314038850905932,626
1786314038856804459,604
1786314038861913347,582
1786314038866867882,560
1786314038871807159,540
1786314038877910378,520
1786314038882883156,502
1786314038887881358,486
1786314038893833825,471
1786314038898879015,458
1786314038903923017,448
1786314038908757016,439
1786314038914908136,433
1786314038919883765,429
1786314038924775222,426
1786314038929908598,425
1786314038935840233,427
1786314038940892102,430
1786314038945928041,434
1786314038950886145,439
1786314038956884534,445
1786314038961796665,452
1786314038966774603,459
1786314038972033830,467
1786314038978024215,475
1786314038982977047,483
1786314038987920908,490
1786314038992796619,497
1786314038998878203,503
1786314039003900715,510
1786314039008852194,515
1786314039013828359,520
1786314039019888194,524
1786314039024925150,526
1786314039030135194,529
1786314039034871103,531
1786314039040816147,532
1786314039045770680,531
1786314039050775552,530
1786314039055872418,529
1786314039061807976,527
1786314039066773260,524
1786314039071884124,521
1786314039076804356,517
1786314039082777738,513
1786314039087860613,508
1786314039092760796,503
1786314039098734755,498
1786314039103861488,492
1786314039108764700,487
1786314039113742032,481
1786314039119766632,476
1786314039124751410,471
1786314039129780190,466
1786314039134887253,462
1786314039140718067,458
1786314039145791171,453
1786314039150882897,449
1786314039155881995,445
1786314039161801516,441
1786314039166783428,437
1786314039171881988,434
1786314039176797076,430
1786314039182729948,427
1786314039188013640,424
1786314039193001483,422
1786314039197822639,420
1786314039203990235,418
1786314039208801554,416
1786314039213929566,415
1786314039218961660,414
1786314039224974052,413
1786314039229784566,412
1786314039234777704,412
1786314039239880888,411
1786314039245776800,410
1786314039250778646,410
1786314039255771310,411
1786314039260804551,410
1786314039266777559,411
1786314039271775346,410
1786314039276804659,411
1786314039282777453,410
1786314039287775589,411
1786314039292827562,412
1786314039297782464,413
1786314039303842619,413
1786314039308768797,413
1786314039313787861,414
1786314039318784174,415
1786314039324859982,415
1786314039329894688,415
1786314039334885046,417
1786314039339912406,417
1786314039345766526,417
1786314039350846165,417
1786314039355809897,418
1786314039360778027,418
1786314039366926734,417
1786314039371865479,417
1786314039376863065,417
1786314039381889886,417
1786314039387909132,417
1786314039392745559,417
1786314039397860176,416
1786314039402907190,416
1786314039408764652,415
1786314039413857523,414
1786314039418905660,414
1786314039423764624,414
1786314039429844244,413
1786314039434905989,412
1786314039439909197,412
1786314039444768171,411
1786314039450779903,411
1786314039455773859,411
1786314039460886875,411
1786314039465942055,412
1786314039472007111,414
1786314039476770365,417
1786314039481736194,421
1786314039487860339,427
1786314039492764854,435
1786314039497731661,445
1786314039502858968,457
1786314039508811841,473
1786314039513884064,491
1786314039518896202,511
1786314039523717953,533
1786314039529934408,557
1786314039534917530,583
1786314039539907221,610
1786314039544926276,638
1786314039550902994,666
1786314039555905837,694
1786314039560843080,721
1786314039565914647,747
1786314039571840630,772
1786314039576805258,795
1786314039581907690,816
1786314039586906177,835
1786314039592834189,850
1786314039597909478,862
1786314039602907639,871
1786314039607827533,877
1786314039613839083,879
1786314039618821813,879
1786314039623825638,876
1786314039628836476,870
1786314039634906428,862
1786314039640037301,851
1786314039645012910,838
1786314039650826397,823
1786314039655929290,807
1786314039660968401,788
1786314039665895874,769
1786314039671932451,748
1786314039676908596,727
1786314039681770599,705
1786314039686902919,683
1786314039692909782,661
1786314039697887797,638
1786314039703104878,616
1786314039707856003,594
1786314039713848008,573
1786314039718918401,553
1786314039723820434,534
1786314039728786456,517
1786314039734766609,501
1786314039739754786,487
1786314039744905311,476
1786314039749910769,465
1786314039755861819,457
1786314039760849029,450
1786314039765822246,445
1786314039770895322,442
1786314039776931759,440
1786314039781907002,441
1786314039786904301,442
1786314039791758274,445
1786314039797967310,448
1786314039802905898,454
1786314039807789953,459
1786314039812893947,465
1786314039818882889,472
1786314039823774445,479
1786314039828906539,487
1786314039834886115,494
1786314039839887036,501
1786314039844897853,508
1786314039849749474,515
1786314039855831192,520
1786314039860765128,525
1786314039865730574,528
1786314039870986286,532
1786314039876775425,535
1786314039881891942,536
1786314039886842980,536
1786314039891838040,536
1786314039897986638,534
1786314039903026311,532
1786314039907830315,529
1786314039913013322,526
1786314039919056238,522
1786314039923737140,518
1786314039928830620,513
1786314039933890001,509
1786314039940024433,503
1786314039944893041,498
1786314039949856242,493
1786314039954855941,488
1786314039960886850,482
1786314039965853684,476
1786314039970858811,472
1786314039975874894,466
1786314039981857521,461
1786314039986756600,456
1786314039991945119,451
1786314039996883593,447
1786314040002884838,442
1786314040007784922,438
1786314040012808101,435
1786314040018888956,432
1786314040023766770,428
1786314040028925381,426
1786314040033881761,423
1786314040039795612,420
1786314040044901134,418
1786314040049873952,415
1786314040054881434,413
1786314040060903568,411
1786314040065879548,409
1786314040070877463,408
1786314040075893125,406
1786314040081778316,405
1786314040086781599,404
1786314040091792416,403
1786314040096926772,402
1786314040103025397,401
1786314040107795629,401
1786314040112810760,402
1786314040117925172,402
1786314040123808705,402
1786314040128917397,403
1786314040133851039,404
1786314040138899762,405
1786314040144955137,406
1786314040149910966,407
1786314040154910024,408
1786314040159846730,410
1786314040165824420,411
1786314040170896256,413
1786314040175926451,414
1786314040180894829,415
1786314040186766548,416
1786314040191770527,418
1786314040196815416,419
1786314040202910877,420
1786314040207786518,421
1786314040212929711,423
1786314040217992070,425
1786314040223853932,425
1786314040228927178,426
1786314040233903475,428
1786314040238900634,429
1786314040244812894,429
1786314040249906941,429
1786314040254912996,429
1786314040259814603,428
1786314040265822523,428
1786314040270863565,428
1786314040275808696,427
1786314040280959732,425
1786314040287046801,424
1786314040291768667,422
1786314040296953612,421
1786314040302070452,420
1786314040307792469,418
1786314040312916540,417
1786314040317880347,416
1786314040322838284,415
1786314040328841211,413
1786314040333825973,413
1786314040338810793,413
1786314040343838461,413
1786314040349799441,414
1786314040354792546,415
1786314040360136726,418
1786314040364765557,423
1786314040370878886,429
1786314040375864025,438
1786314040380772693,448
1786314040386871697,461
1786314040391793154,477
1786314040396904247,496
1786314040401882167,517
1786314040407747812,540
1786314040412787564,564
1786314040417775075,591
1786314040422766211,619
1786314040428836762,646
1786314040433909191,675
1786314040438903132,702
1786314040443937657,728
1786314040449798785,753
1786314040454913676,778
1786314040459934910,799
1786314040464901032,819
1786314040470905851,835
1786314040475874559,848
1786314040480909044,859
1786314040485916562,866
1786314040491813224,871
1786314040496953059,871
1786314040501856688,869
1786314040506810212,863
1786314040512941311,856
1786314040517866323,846
1786314040522727120,832
1786314040527797578,819
1786314040533775197,802
1786314040538880760,784
1786314040543752137,764
1786314040548857162,743
1786314040555043048,721
1786314040559969464,698
1786314040564987516,675
1786314040569991060,652
1786314040575787259,628
1786314040580832065,605
1786314040586004514,581
1786314040591777670,559
1786314040596930486,537
1786314040601885407,517
1786314040606773696,497
1786314040613011436,480
1786314040618048272,465
1786314040622814067,452
1786314040627813644,440
1786314040633952297,431
1786314040638833558,425
1786314040643990027,420
1786314040648915081,417
1786314040655034543,415
1786314040659935926,415
1786314040664884919,417
1786314040669883065,421
1786314040675801734,425
1786314040680878221,430
1786314040685880397,437
1786314040690778090,444
1786314040696883517,450
1786314040701878406,458
1786314040706776550,465
1786314040711905078,472
1786314040717927748,479
1786314040722777646,485
1786314040727764485,492
1786314040732929849,498
1786314040738874775,504
1786314040743799533,508
1786314040748878645,512
1786314040754800282,515
1786314040759915087,517
1786314040764881254,518
1786314040769876013,518
1786314040775894358,517
1786314040780871531,516
1786314040785877745,513
1786314040790739269,510
1786314040796906505,508
1786314040801892247,505
1786314040806783377,501
1786314040811904587,498
1786314040817888482,495
1786314040822813091,490
1786314040827770241,486
1786314040832928210,481
1786314040838870403,477
1786314040843923718,472
1786314040848776745,466
1786314040853865585,462
1786314040859802088,457
1786314040864888484,452
1786314040869770969,447
1786314040875085000,443
1786314040880919535,439
1786314040885760115,435
1786314040890789299,431
1786314040895792711,428
1786314040901867544,425
1786314040906733521,422
1786314040911905463,420
1786314040916850030,417
1786314040922776138,414
1786314040927757998,412
1786314040932904780,410
1786314040938686444,408
1786314040943734248,406
1786314040948768035,404
1786314040953812693,402
1786314040959898182,401
1786314040964774241,399
1786314040969993016,398
1786314040974764487,398
1786314040980901232,397
1786314040985878210,396
1786314040990771454,396
1786314040995932847,395
1786314041001917314,395
1786314041006752128,395
1786314041011810516,396
1786314041016877934,397
1786314041022782038,397
1786314041027768968,398
1786314041032776972,398
1786314041037773981,399
1786314041043795400,401
1786314041048783095,402
1786314041053887659,404
1786314041058790446,405
1786314041064775634,406
1786314041069878080,408
1786314041074744313,409
1786314041079782781,410
1786314041085908299,411
1786314041090743836,413
1786314041095790548,415
1786314041100777552,416
1786314041106741946,418
1786314041111788072,419
1786314041116734167,421
1786314041121883727,423
1786314041127799414,423
1786314041132941438,425
1786314041137912281,426
1786314041143913767,427
1786314041148984922,428
1786314041153914335,429
1786314041158791100,429
1786314041165349808,429
1786314041169980035,430
1786314041174754947,429
1786314041179864444,429
1786314041185891965,429
1786314041190828250,428
1786314041195817188,427
1786314041200860390,427
1786314041206838689,426
1786314041211808143,425
1786314041216757878,423
1786314041221964226,422
1786314041227893165,419
1786314041232884972,418
1786314041237876052,417
1786314041242807221,414
1786314041248776498,413
1786314041253855648,411
1786314041258892383,409
1786314041263884581,407
1786314041269892848,405
1786314041274894292,403
1786314041279880285,402
1786314041284878696,401
1786314041290719177,401
1786314041295892055,403
1786314041300880504,405
1786314041306740728,409
1786314041311889929,416
1786314041316876238,424
1786314041321834769,435
1786314041327923475,449
1786314041332909533,465
1786314041338043578,484
1786314041343040421,505
1786314041349041211,529
1786314041354043125,554
1786314041358794880,581
1786314041363934626,607
1786314041369970190,635
1786314041374749349,662
1786314041379893504,689
1786314041385006793,715
1786314041390729600,740
1786314041395896185,763
1786314041400945358,783
1786314041405860533,801
1786314041411764654,816
1786314041416856447,828
1786314041421752435,836
1786314041426874103,842
1786314041432861131,845
1786314041437845881,844
1786314041442793362,840
1786314041447824562,834
1786314041453906525,824
1786314041458764590,813
1786314041463819372,799
1786314041468902116,784
1786314041474768142,767
1786314041479842954,749
1786314041484816541,730
1786314041489817614,710
1786314041495839004,688
1786314041500824898,666
1786314041505816626,643
1786314041511837198,620
1786314041516732457,597
1786314041521757721,574
1786314041526837936,551
1786314041532879247,530
1786314041537899419,510
1786314041542834286,492
1786314041547900733,475
1786314041553874820,461
1786314041558814464,449
1786314041563986253,438
1786314041568813668,431
1786314041574758260,425
1786314041579814816,421
1786314041585083452,419
1786314041589832405,420
1786314041595899145,422
1786314041600877585,425
1786314041605775635,429
1786314041610794114,435
1786314041616875414,442
1786314041621711395,450
1786314041626891371,458
1786314041631808405,467
1786314041637713368,475
1786314041642907698,484
1786314041647773566,492
1786314041652796931,500
1786314041658924174,508
1786314041663790616,516
1786314041669052085,522
1786314041673773035,528
1786314041679961660,534
1786314041684858572,538
1786314041689822613,542
1786314041695849478,544
1786314041700861708,545
1786314041705886367,546
1786314041710845501,546
1786314041716899469,544
1786314041721812799,542
1786314041726779629,540
1786314041731925801,537
1786314041737936107,533
1786314041742843950,529
1786314041747786288,524
1786314041753023696,520
1786314041758822600,516
1786314041763816459,510
1786314041768875330,505
1786314041773841439,501
1786314041780007665,495
1786314041785042316,489
1786314041789797563,484
1786314041794761258,479
1786314041800912875,475
1786314041805885292,470
1786314041810870574,466
1786314041815812234,462
1786314041821816295,457
1786314041826802962,453
1786314041831776309,450
1786314041836750164,446
1786314041842802866,444
1786314041847879447,440
1786314041852881421,438
1786314041858821145,435
1786314041863882402,433
1786314041868876834,431
1786314041873809826,430
1786314041879807854,429
1786314041884826607,427
1786314041889794675,426
1786314041895617717,426
1786314041900827954,425
1786314041905793447,425
1786314041910976327,425
1786314041915848207,425
1786314041921817367,424
1786314041926741628,424
1786314041931883687,424
1786314041936875218,424
1786314041942766539,423
1786314041947886858,423
1786314041952875768,424
1786314041957742651,424
1786314041963802404,424
1786314041968776968,424
1786314041973770982,424
1786314041978890040,425
1786314041984870763,425
1786314041989771506,426
1786314041994891201,427
1786314041999879279,428
1786314042005831282,429
1786314042010814567,430
1786314042015812628,431
1786314042020775519,431
1786314042027594128,432
1786314042031796209,433
1786314042036970337,434
1786314042042716095,434
1786314042047783691,434
1786314042052880493,434
1786314042057774121,434
1786314042063918990,434
1786314042068875285,433
1786314042073741270,432
1786314042078911333,431
1786314042084741473,429
1786314042089789645,428
1786314042094767198,427
1786314042099791072,425
1786314042105834078,424
1786314042110758243,423
1786314042115805056,422
1786314042120795232,421
1786314042126760022,420
1786314042131876308,419
1786314042136822813,418
1786314042141765504,417
1786314042147794706,417
1786314042152869096,417
1786314042157773896,419
1786314042162801926,421
1786314042168774822,426
1786314042173714994,433
1786314042178905464,442
1786314042183879895,452
1786314042189784224,465
1786314042194867691,481
1786314042199849168,500
1786314042204768689,520
1786314042210813923,543
1786314042215883501,568
1786314042220931187,593
1786314042225759829,619
1786314042231791262,646
1786314042236900935,672
1786314042241796581,698
1786314042247932145,723
1786314042252897050,746
1786314042257743365,767
1786314042262790675,787
1786314042268881427,804
1786314042273728728,818
1786314042278920122,829
1786314042283778019,838
1786314042289849531,844
1786314042294804076,847
1786314042300014053,847
1786314042304815202,845
1786314042310768091,839
1786314042315816010,831
1786314042320893846,820
1786314042325753485,807
1786314042331789173,792
1786314042336868254,775
1786314042341714040,756
1786314042346793483,736
1786314042352768732,715
1786314042357768542,693
1786314042362787868,669
1786314042367901215,645
1786314042373728088,622
1786314042378854884,598
1786314042383819062,575
1786314042388790609,552
1786314042394918992,532
1786314042399902325,512
1786314042404810653,493
1786314042410837393,477
1786314042415737821,462
1786314042420909705,449
1786314042425792627,439
1786314042432000729,431
1786314042437068180,426
1786314042441755620,421
1786314042447337246,419
1786314042452992774,419
1786314042457792013,420
1786314042462793851,423
1786314042467889041,428
1786314042473759117,434
1786314042478904781,441
1786314042483877107,448
1786314042488771871,456
1786314042494902644,463
1786314042499867023,471
1786314042504766886,480
1786314042509733046,488
1786314042515878994,496
1786314042520733297,503
1786314042525769421,510
1786314042530917524,517
1786314042536885703,523
1786314042541826047,527
1786314042546775412,531
1786314042551981766,534
1786314042557792859,536
1786314042562913602,537
1786314042567736093,538
1786314042572825128,538
1786314042578822211,537
1786314042583875924,535
1786314042588756124,532
1786314042594732690,529
1786314042599876233,525
1786314042604771587,521
1786314042609759802,516
1786314042615810858,511
1786314042620715906,506
1786314042625743352,502
1786314042630889173,497
1786314042636881633,493
1786314042641769276,487
1786314042646894774,482
1786314042651880051,477
1786314042657770027,473
1786314042662891606,467
1786314042667871800,462
1786314042672769950,459
1786314042678890902,455
1786314042683872485,451
1786314042688815896,447
1786314042693866006,444
1786314042699957380,440
1786314042704752216,437
1786314042709835272,434
1786314042714819261,431
1786314042720756481,428
1786314042725770540,426
1786314042730844429,424
1786314042735905781,422
1786314042741813645,421
1786314042746844329,419
1786314042751899234,418
1786314042756760618,416
1786314042762833497,414
1786314042767728353,413
1786314042772790166,412
1786314042778765743,410
1786314042783988342,409
1786314042788782574,409
1786314042793746907,409
1786314042799896950,409
1786314042804814531,409
1786314042809812329,410
1786314042814778891,411
1786314042820760291,412
1786314042825720974,413
1786314042830794153,414
1786314042835767580,415
1786314042841777176,416
1786314042846791701,416
1786314042851892232,418
1786314042856767401,419
1786314042862937244,420
1786314042867972045,420
1786314042872767589,422
1786314042878915192,422
1786314042883888065,422
1786314042888858989,424
1786314042893854158,424
1786314042898821986,425
1786314042904867521,424
1786314042909767881,424
1786314042914882055,424
1786314042919844008,424
1786314042925723098,424
1786314042930895545,423
1786314042935879654,424
1786314042940769410,423
1786314042946894391,422
1786314042951870742,421
1786314042956770628,421
1786314042962735252,420
1786314042967774620,420
1786314042972768157,420
1786314042977899328,421
1786314042983873956,423
1786314042988893292,428
1786314042993783283,433
1786314042998869793,441
1786314043004765646,451
1786314043009730621,464
1786314043014800154,480
1786314043019725656,497
1786314043025723797,517
1786314043030859842,540
1786314043035865671,565
1786314043040769440,591
1786314043046885255,619
1786314043051989185,647
1786314043056833456,675
1786314043061806880,702
1786314043067971467,730
1786314043072787067,755
1786314043077864812,780
1786314043082760048,802
1786314043088812085,823
1786314043093823905,841
1786314043098885017,857
1786314043103773011,869
1786314043109735555,879
1786314043114742319,885
1786314043119878858,888
1786314043124909113,887
1786314043130790831,885
1786314043135775717,879
1786314043140772693,871
1786314043146737716,860
1786314043151775253,848
1786314043156767842,833
1786314043161784574,817
1786314043167860210,799
1786314043172730811,780
1786314043177898940,760
1786314043182882994,739
1786314043188773735,717
1786314043193786037,694
1786314043198876137,671
1786314043203769005,647
1786314043209893851,624
1786314043214877523,601
1786314043219883657,579
1786314043224775016,558
1786314043231031382,538
1786314043235917039,519
1786314043240726210,502
1786314043245885141,487
1786314043251923758,475
1786314043256799337,464
1786314043261962999,455
1786314043266911456,448
1786314043272838864,444
1786314043277929811,441
1786314043282901922,439
1786314043287836361,440
1786314043293902020,442
1786314043298872142,447
1786314043303765743,452
1786314043308731418,458
1786314043314907437,465
1786314043319920123,473
1786314043324868132,480
1786314043329865537,489
1786314043335871397,498
1786314043340756922,507
1786314043345825594,514
1786314043351806518,522
1786314043356898214,529
1786314043361773171,534
1786314043366763361,540
1786314043372792188,544
1786314043377760714,548
1786314043382736658,551
1786314043387707380,552
1786314043393753685,553
1786314043398775853,552
1786314043403762310,550
1786314043408868764,548
1786314043414785280,545
1786314043419846714,541
1786314043424756453,537
1786314043429741295,533
1786314043435725975,529
1786314043440724521,523
1786314043445737878,517
1786314043450723519,511
1786314043456726389,505
1786314043461733471,499
1786314043466846134,493
1786314043471873186,487
1786314043477892459,481
1786314043482873190,476
1786314043487775359,471
1786314043492688948,466
1786314043498786587,461
1786314043503768433,455
1786314043508770878,450
1786314043514731524,446
1786314043519732624,440
1786314043524748952,437
1786314043529783801,433
1786314043535768845,430
1786314043540793047,426
1786314043545819869,424
1786314043551251333,421
1786314043556770755,419
1786314043561789776,417
1786314043566761315,415
1786314043571775075,414
1786314043577785513,413
1786314043582890343,412
1786314043587948453,411
1786314043592847323,410
1786314043598815949,410
1786314043603807774,411
1786314043608816833,410
1786314043613814382,410
1786314043619706399,410
1786314043624834607,410
1786314043629812017,410
1786314043634882479,410
1786314043640895527,410
1786314043645778749,410
1786314043650783049,412
1786314043655903950,412
1786314043661935555,413
1786314043666835072,415
1786314043671821054,417
1786314043676857105,419
1786314043682998400,420
1786314043687743434,422
1786314043692904993,424
1786314043697871942,425
1786314043703754976,426
1786314043708910764,427
1786314043713880245,428
1786314043719782584,429
1786314043724887013,430
1786314043729962362,431
1786314043734906284,431
1786314043740799372,432
1786314043745908191,432
1786314043750886732,432
1786314043755914867,432
1786314043761896938,432
1786314043766900713,433
1786314043771940029,433
1786314043776899431,433
1786314043782868251,433
1786314043787793411,433
1786314043792900221,433
1786314043797850201,432
1786314043804356991,431
1786314043808982033,430
1786314043813908995,428
1786314043818846852,428
1786314043824950254,427
1786314043829879611,428
1786314043834870074,429
1786314043839796924,430
1786314043845963483,433
1786314043850803013,438
1786314043855795562,446
1786314043860964677,455
1786314043866997751,467
1786314043871766067,481
1786314043877003816,499
1786314043881921269,518
1786314043887749592,540
1786314043892851148,564
1786314043897849722,590
1786314043903747050,618
1786314043908899813,646
1786314043913875673,675
1786314043918870130,703
1786314043924782001,730
1786314043929700199,757
1786314043934880898,783
1786314043939907901,806
1786314043945879363,828
1786314043950862139,847
1786314043955891131,863
1786314043960873616,877
1786314043966867515,887
1786314043971895966,895
1786314043976871224,899
1786314043981880261,900
1786314043988090032,898
1786314043992896431,893
1786314043997901403,886
1786314044002737428,876
1786314044008911504,864
1786314044014027758,850
1786314044018964768,834
1786314044023813315,816
1786314044029871887,797
1786314044034873847,776
1786314044039803531,754
1786314044045008403,731
1786314044050977169,706
1786314044055757941,682
1786314044060960997,657
1786314044065776811,632
1786314044071841217,608
1786314044076717648,586
1786314044081894072,564
1786314044087766617,542
1786314044092776186,523
1786314044097873909,506
1786314044102771696,491
1786314044108856888,477
1786314044113836626,465
1786314044118845472,456
1786314044123794617,449
1786314044129871054,444
1786314044134802217,441
1786314044139899536,440
1786314044144878002,440
1786314044150871204,443
1786314044155893861,447
1786314044160871460,452
1786314044165860997,458
1786314044171751626,465
1786314044176850174,473
1786314044181861832,480
1786314044186773713,488
1786314044192885465,496
1786314044197927728,503
1786314044202767455,510
1786314044207785884,515
1786314044213871221,520
1786314044218888577,525
1786314044223735395,529
1786314044228769847,532
1786314044235022162,535
1786314044239814851,537
1786314044244921887,538
1786314044250049481,538
1786314044255751606,538
1786314044260731471,537
1786314044266016459,535
1786314044271792468,533
1786314044276819059,531
1786314044281870947,527
1786314044286795688,524
1786314044292800284,519
1786314044297772341,515
1786314044302755074,510
1786314044307791175,505
1786314044313764514,500
1786314044318879190,495
1786314044323787443,489
1786314044328776206,484
1786314044334897264,479
1786314044339779092,473
1786314044344886801,468
1786314044349863187,461
1786314044355796174,456
1786314044360894021,451
1786314044365901634,447
1786314044370788418,442
1786314044376777297,438
1786314044381945900,434
1786314044386814195,430
1786314044391901097,427
1786314044397875896,424
1786314044402763155,421
1786314044407896285,418
1786314044412868801,416
1786314044418881615,413
1786314044423783635,410
1786314044428768880,408
1786314044434728295,406
1786314044439755660,404
1786314044444797872,402
1786314044449778940,401
1786314044455756767,400
1786314044460868842,398
1786314044465867961,397
1786314044470738106,396
1786314044476761139,395
1786314044481764746,395
1786314044486715452,395
1786314044491883150,395
1786314044497873816,395
1786314044502770234,395
1786314044507780508,395
1786314044512773236,396
1786314044518746340,396
1786314044523835409,397
1786314044528897290,398
1786314044533895697,399
1786314044539826021,400
1786314044544905693,401
1786314044549940679,403
1786314044554757142,405
1786314044560890341,407
1786314044565913821,408
1786314044570798328,411
1786314044575823936,413
1786314044581968776,415
1786314044586782287,416
1786314044591904499,419
1786314044596849703,420
1786314044602750189,421
1786314044607916340,422
1786314044612872594,424
1786314044618679992,426
1786314044623889045,427
1786314044628872983,428
1786314044633870523,429
1786314044639887956,430
1786314044644897213,430
1786314044649871274,430
1786314044654900847,429
1786314044660869061,429
1786314044665868285,428
1786314044670786638,427
1786314044675879758,426
1786314044681868945,425
1786314044686762685,424
1786314044691901777,423
1786314044696903983,422
1786314044702779276,420
1786314044707822541,418
1786314044712895371,416
1786314044717902402,414
1786314044723824914,411
1786314044729826172,409
1786314044733899189,407
1786314044738832474,405
1786314044744896200,404
1786314044750035657,403
1786314044754951679,403
1786314044760039021,403
1786314044766038497,404
1786314044770814806,408
1786314044775902083,412
1786314044780862758,419
1786314044786784177,428
1786314044791890751,441
1786314044797058864,456
1786314044801794232,474
1786314044807828786,494
1786314044812861312,517
1786314044817912050,541
1786314044823757851,568
1786314044828914684,595
1786314044834030597,624
1786314044838822953,653
1786314044844935185,682
1786314044849968677,710
1786314044854846445,738
1786314044859824099,765
1786314044865868234,789
1786314044870763012,811
1786314044875880438,831
1786314044880885084,847
1786314044886763679,861
1786314044891924007,872
1786314044896864632,879
1786314044901709247,882
1786314044907884845,883
1786314044912875570,881
1786314044917892789,876
1786314044922834019,868
1786314044928810716,857
1786314044933723040,844
1786314044938831342,830
1786314044943808918,812
1786314044949809119,794
1786314044954827654,774
1786314044959894742,752
1786314044964889390,729
1786314044970829853,706
1786314044975711157,681
1786314044980902850,655
1786314044985815068,630
1786314044991890434,605
1786314044996873010,581
1786314045001743728,557
1786314045007799702,535
1786314045012950015,514
1786314045017935593,495
1786314045022735041,477
1786314045028758575,463
1786314045033853311,450
1786314045038893725,440
1786314045043852711,433
1786314045050032503,428
1786314045054865444,426
1786314045059852429,426
1786314045064845543,427
1786314045070869506,430
1786314045075848729,434
1786314045080843312,440
1786314045085716001,447
1786314045091781744,455
1786314045096768384,464
1786314045101789119,472
1786314045106832239,481
1786314045112798012,490
1786314045117768952,499
1786314045122943280,507
1786314045128073210,514
1786314045134032269,521
1786314045138776369,527
1786314045143825954,532
1786314045148838619,535
1786314045154733076,539
1786314045159847321,541
1786314045164843824,541
1786314045169787981,542
1786314045175873335,541
1786314045180869697,540
1786314045185767813,538
1786314045191889566,536
1786314045196870783,533
1786314045201771951,529
1786314045206830347,526
1786314045212895654,522
1786314045217877108,516
1786314045222844793,512
1786314045227705992,507
1786314045233893593,502
1786314045238828930,497
1786314045243911946,491
1786314045248894251,486
1786314045254834429,480
1786314045259892781,474
1786314045264895558,468
1786314045269912848,463
1786314045275870503,458
1786314045280868073,453
1786314045286257388,448
1786314045290883730,443
1786314045296867335,439
1786314045301755716,435
1786314045306773245,431
1786314045311998744,428
1786314045317881765,425
1786314045322898912,422
1786314045327912053,420
1786314045332940834,418
1786314045338933495,415
1786314045343896590,414
1786314045348891804,412
1786314045353836903,411
1786314045359904006,410
1786314045364801904,408
1786314045369775658,408
1786314045375804174,407
1786314045380831215,407
1786314045385784480,407
1786314045390907168,407
1786314045396868489,408
1786314045401815828,408
1786314045406839746,408
1786314045411873169,409
1786314045417805812,409
1786314045422796327,410
1786314045427853888,411
1786314045432867209,412
1786314045438787469,413
1786314045443859680,414
1786314045448868746,415
1786314045453762517,416
1786314045459870438,417
1786314045464754009,417
1786314045469797897,418
1786314045474946124,420
1786314045480747406,421
1786314045485769865,423
1786314045490755704,425
1786314045495770195,426
1786314045501818281,428
1786314045506782155,431
1786314045511765393,433
1786314045517035652,435
1786314045522826454,437
1786314045527849793,438
1786314045532867373,441
1786314045538717980,442
1786314045543864751,443
1786314045548867908,444
1786314045553750950,446
1786314045559786892,446
1786314045564871170,446
1786314045569719753,445
1786314045574792943,445
1786314045580870542,444
1786314045585764438,443
1786314045590777322,442
1786314045595867286,441
1786314045601760133,438
1786314045606777641,437
1786314045611876190,436
1786314045616865225,434
1786314045622779176,433
1786314045627869803,430
1786314045632879657,428
1786314045637764904,425
1786314045643888215,423
1786314045648880352,420
1786314045653776856,419
1786314045658991397,417
1786314045664915672,415
1786314045669830182,414
1786314045674900508,413
1786314045679874268,414
1786314045685763324,414
1786314045690897951,416
1786314045695878712,418
1786314045700885368,422
1786314045706883401,428
1786314045711869950,436
1786314045716864172,446
1786314045722732913,460
1786314045727863654,475
1786314045733109130,493
1786314045737742121,513
1786314045743891907,536
1786314045748867266,560
1786314045753749580,587
1786314045758897021,614
1786314045764914093,641
1786314045769820525,670
1786314045774730728,697
1786314045779859739,724
1786314045785784272,750
1786314045790761353,775
1786314045795814708,798
1786314045800746401,818
1786314045806744686,836
1786314045811848365,852
1786314045816738461,864
1786314045821757557,873
1786314045827808428,879
1786314045833035640,881
1786314045837791755,881
1786314045842979317,878
1786314045849029946,872
1786314045853800049,864
1786314045858932131,853
1786314045864031616,839
1786314045869852572,822
1786314045874967752,805
1786314045880367755,785
1786314045884765542,765
1786314045890877427,743
1786314045896039351,721
1786314045900799068,697
1786314045906679799,673
1786314045911748156,649
1786314045916958971,625
1786314045921793411,601
1786314045927813719,579
1786314045932809846,558
1786314045937775505,537
1786314045942923582,518
1786314045949028703,501
1786314045953797968,487
1786314045958955098,474
1786314045964030378,463
1786314045969819744,453
1786314045974939441,447
1786314045979922238,442
1786314045984759880,439
1786314045990792547,438
1786314045995807300,439
1786314046000797755,441
1786314046005766175,445
1786314046011894795,450
1786314046016824960,456
1786314046021806007,463
1786314046026854345,470
1786314046032982121,477
1786314046037797549,485
1786314046042848582,492
1786314046048026059,499
1786314046054695294,506
1786314046058943957,511
1786314046063879805,516
1786314046068779880,521
1786314046074824277,524
1786314046079755562,527
1786314046084775039,529
1786314046090957648,531
1786314046095903450,532
1786314046100748532,531
1786314046105959151,531
1786314046111901250,531
1786314046117015645,530
1786314046122676464,528
1786314046126731901,526
1786314046132976377,523
1786314046137771872,520
1786314046142948930,515
1786314046147896274,511
1786314046153792517,507
1786314046158873192,503
1786314046163884891,497
1786314046168970419,492
1786314046174807825,487
1786314046179974060,482
1786314046185017822,477
1786314046189897544,472
1786314046195912346,467
1786314046200761962,462
1786314046205720401,457
1786314046210888914,452
1786314046217065026,448
1786314046221811026,444
1786314046226748865,441
1786314046231858101,437
1786314046237767898,434
1786314046242803339,432
1786314046248035735,429
1786314046252820652,427
1786314046258824943,424
1786314046264049710,421
1786314046268833855,420
1786314046274893153,417
1786314046279957727,414
1786314046284832609,411
1786314046289782322,409
1786314046295967533,407
1786314046300835087,405
1786314046305792446,402
1786314046310950144,400
1786314046316822646,399
1786314046321802479,397
1786314046326840568,396
1786314046331988592,395
1786314046337769604,394
1786314046342765948,393
1786314046347831363,392
1786314046352763318,392
1786314046358886072,391
1786314046363843795,392
1786314046368703866,393
1786314046373764827,393
1786314046379844566,394
1786314046384821725,396
1786314046389902004,397
1786314046394894718,399
1786314046400805156,401
1786314046405804462,403
1786314046410762079,406
1786314046415763523,409
1786314046421915547,411
1786314046426876858,414
1786314046431867106,416
1786314046436910757,419
1786314046442870833,421
1786314046447867666,423
1786314046452877850,425
1786314046458864803,426
1786314046463864242,428
1786314046468730711,429
1786314046473761581,430
1786314046479758808,431
1786314046484760255,431
1786314046489775119,431
1786314046494766472,431
1786314046500764029,430
1786314046505786860,429
1786314046511442915,429
1786314046515902835,428
1786314046521759130,426
1786314046526767425,423
1786314046531919181,421
1786314046536945377,419
1786314046543027334,417
1786314046547728424,415
1786314046552749912,413
1786314046557872612,411
1786314046563822771,410
1786314046568822845,409
1786314046573870672,407
1786314046578895160,407
1786314046584764917,406
1786314046589866852,406
1786314046594866749,406
1786314046599877635,408
1786314046605864225,411
1786314046610868061,417
1786314046615863983,425
1786314046621016652,435
1786314046626868767,448
1786314046631987403,464
1786314046636756129,482
1786314046642777572,504
1786314046648021365,528
1786314046652777283,555
1786314046658020118,584
1786314046663906418,613
1786314046669371122,644
1786314046673804103,676
1786314046679044197,708
1786314046684801634,739
1786314046689862297,770
1786314046695027823,799
1786314046699945983,825
1786314046705864036,849
1786314046710862280,871
1786314046715863397,889
1786314046720767152,904
1786314046726907102,915
1786314046732004301,923
1786314046736923555,927
1786314046741868669,928
1786314046747970377,925
1786314046752758191,920
1786314046757900035,911
1786314046762864970,900
1786314046768757729,886
1786314046773881516,871
1786314046778869047,854
1786314046783732030,836
1786314046789875230,816
1786314046794867342,794
1786314046799768900,772
1786314046804884217,749
1786314046810867055,725
1786314046815856446,701
1786314046820889217,677
1786314046826794211,652
1786314046831867435,628
1786314046836887672,605
1786314046841867857,583
1786314046847862081,562
1786314046852893168,543
1786314046857868071,524
1786314046862873318,507
1786314046868713661,492
1786314046873886407,479
1786314046878871698,469
1786314046883759997,461
1786314046889892138,454
1786314046894876784,450
1786314046899723339,447
1786314046905003797,446
1786314046910899326,448
1786314046915803003,450
1786314046920771202,454
1786314046925948739,460
1786314046931964538,467
1786314046936847378,473
1786314046941902516,480
1786314046946892398,488
1786314046953334526,496
1786314046957847884,503
1786314046962922842,510
1786314046967743173,517
1786314046973801428,523
1786314046979047714,528
1786314046983739994,532
1786314046988976816,536
1786314046994801511,538
1786314046999828237,541
1786314047004833123,542
1786314047010952070,543
1786314047015914509,544
1786314047020929163,543
1786314047025796201,541
1786314047031935300,540
1786314047036762893,537
1786314047042143597,533
1786314047046970318,529
1786314047052817102,525
1786314047057938212,520
1786314047062861495,515
1786314047067830712,510
1786314047073791241,505
1786314047078908572,499
1786314047083796234,493
1786314047088860026,487
1786314047094893060,482
1786314047099754718,476
1786314047104876848,470
1786314047109897572,465
1786314047116005389,461
1786314047120880295,456
1786314047125914464,450
1786314047130969156,446
1786314047136862908,441
1786314047141925222,436
1786314047147033503,432
1786314047151771342,428
1786314047157802161,424
1786314047163033907,420
1786314047167767514,417
1786314047173708721,414
1786314047178754361,411
1786314047183911298,408
1786314047188779687,407
1786314047194835246,405
1786314047199831710,404
1786314047204812214,403
1786314047209758232,402
1786314047215939109,401
1786314047220823619,400
1786314047225834408,399
1786314047230846603,399
1786314047236779878,399
1786314047241869109,399
1786314047247034491,399
1786314047251790237,400
1786314047257943322,400
1786314047263026915,400
1786314047267827889,400
1786314047272900094,401
1786314047278871814,402
1786314047283820134,402
1786314047288871186,403
1786314047293817146,404
1786314047299816396,404
1786314047304943942,404
1786314047309862439,405
1786314047314907439,405
1786314047320744853,406
1786314047325844461,406
1786314047331038324,406
1786314047336753743,406
1786314047341927857,406
1786314047346891699,406
1786314047351719401,406
1786314047357732518,406
1786314047362712688,405
1786314047367778027,406
1786314047372953361,406
1786314047378745060,406
1786314047384395692,406
1786314047388882750,407
1786314047393919502,407
1786314047399839335,407
1786314047404724179,407
1786314047409834089,408
1786314047414764779,408
1786314047420772758,409
1786314047425862803,409
1786314047430866533,410
1786314047435886198,411
1786314047441840114,411
1786314047446866090,412
1786314047451747807,413
1786314047456865489,415
1786314047462757772,415
1786314047467712699,416
1786314047472880944,417
1786314047477844966,418
1786314047483698264,418
1786314047488795485,419
1786314047493843140,419
1786314047498886887,419
1786314047504909451,419
1786314047509840704,419
1786314047514881884,419
1786314047522833534,418
1786314047525973042,418
1786314047530966638,417
1786314047535745037,416
1786314047541794399,415
1786314047546901922,414
1786314047551774463,412
1786314047556886032,411
1786314047563085124,410
1786314047567821633,407
1786314047572817154,406
1786314047578055366,404
1786314047583802397,403
1786314047588807987,401
1786314047594034070,401
1786314047598947234,400
1786314047604795256,400
1786314047610029799,400
1786314047615027254,402
1786314047619940835,404
1786314047625786885,408
1786314047631030294,414
1786314047635778275,420
1786314047641015105,430
1786314047646984221,443
1786314047651793662,459
1786314047656959535,478
1786314047661974621,501
1786314047667813755,526
1786314047672794583,554
1786314047677904497,584
1786314047682811029,615
1786314047688838365,648
1786314047693884951,682
1786314047698788870,715
1786314047703831820,748
1786314047709894266,780
1786314047714887170,811
1786314047719798386,839
1786314047725814741,866
1786314047730974039,889
1786314047735751671,910
1786314047740756616,927
1786314047746838029,941
1786314047751851620,952
1786314047756901633,958
1786314047761893197,961
1786314047767772775,960
1786314047772823704,956
1786314047777888350,950
1786314047782805222,940
1786314047788833584,927
1786314047793881933,912
1786314047798775686,895
1786314047803907253,876
1786314047809888607,856
1786314047814885155,834
1786314047819791791,811
1786314047824829290,787
1786314047830900970,761
1786314047835757437,736
1786314047840817518,709
1786314047845716253,683
1786314047851755149,657
1786314047856909930,632
1786314047861749468,608
1786314047866770614,585
1786314047872909001,563
1786314047877914971,543
1786314047882769687,525
1786314047887761893,510
1786314047893760736,497
1786314047898820424,485
1786314047903794999,475
1786314047909716442,469
1786314047914738652,464
1786314047919854585,461
1786314047924882058,460
1786314047930892089,459
1786314047935732762,461
1786314047940896465,464
1786314047945842326,468
1786314047951751861,473
1786314047956776366,479
1786314047961724110,485
1786314047966803214,492
1786314047972861732,499
1786314047977869520,505
1786314047982751810,512
1786314047987713990,518
1786314047993864227,523
1786314047998700912,528
1786314048003902020,533
1786314048009013122,537
1786314048014953943,541
1786314048019786265,544
1786314048024872265,545
1786314048029853663,547
1786314048035720948,547
1786314048040774349,546
1786314048045824103,544
1786314048050774669,543
1786314048056821585,541
1786314048061885538,537
1786314048066807989,534
1786314048071808069,530
1786314048077941551,524
1786314048082769787,520
1786314048087749595,515
1786314048094038794,509
1786314048098748873,503
1786314048103850266,497
1786314048108874727,492
1786314048114833756,486
1786314048119794061,480
1786314048124893313,474
1786314048129748056,469
1786314048135974303,463
1786314048140835847,458
1786314048145826195,452
1786314048150845683,447
1786314048156861275,441
1786314048161977626,434
1786314048166788727,429
1786314048171812856,424
1786314048177885912,419
1786314048182752521,414
1786314048187744332,410
1786314048192888340,406
1786314048198815493,403
1786314048203813620,399
1786314048208760001,396
1786314048213731367,394
1786314048220027750,391
1786314048224759414,389
1786314048229751189,387
1786314048234859255,386
1786314048240909771,384
1786314048245890107,382
1786314048250786567,381
1786314048255897568,380
1786314048261882015,379
1786314048266803881,379
1786314048271833407,377
1786314048277770457,377
1786314048282811862,376
1786314048287767849,376
1786314048292705744,377
1786314048298818733,377
1786314048303923468,377
1786314048308835135,378
1786314048313848461,379
1786314048319911980,380
1786314048324885795,380
1786314048329883264,381
1786314048334837875,382
1786314048340882170,383
1786314048345885147,384
1786314048350742099,386
1786314048355894701,387
1786314048361891396,389
1786314048366754882,390
1786314048371851334,393
1786314048376885704,395
1786314048382762512,397
1786314048387762199,399
1786314048392808739,401
1786314048397745357,403
1786314048403910818,404
1786314048408834894,406
1786314048414025905,409
1786314048418781573,410
1786314048424996911,412
1786314048429944375,414
1786314048434817892,416
1786314048439941192,417
1786314048445964706,418
1786314048450740899,419
1786314048455900534,419
1786314048461865230,420
1786314048466797971,419
1786314048471905363,420
1786314048476883674,418
1786314048482710831,418
1786314048487899007,417
1786314048492885526,416
1786314048497884209,416
1786314048503825220,415
1786314048508802925,415
1786314048513800735,414
1786314048518826927,413
1786314048524927991,412
1786314048529887143,412
1786314048534833809,412
1786314048539802149,411
1786314048545799013,410
1786314048550816233,409
1786314048555799353,408
1786314048560799309,407
1786314048566875548,406
1786314048571887086,405
1786314048576889371,404
1786314048581795389,402
1786314048587741456,401
1786314048592890072,399
1786314048597835606,398
1786314048602851273,397
1786314048608888035,395
1786314048613882463,394
1786314048618877086,392
1786314048623763852,391
1786314048629970309,390
1786314048634764265,389
1786314048639894806,389
1786314048645881322,388
1786314048650760954,387
1786314048655892739,387
1786314048660888164,386
1786314048667267124,386
1786314048671778635,386
1786314048676892237,386
1786314048681819741,386
1786314048687789515,388
1786314048692901608,390
1786314048697828147,394
1786314048702910920,399
1786314048708885173,407
1786314048713742409,416
1786314048718879516,428
1786314048723858027,443
1786314048729935649,461
1786314048734785223,483
1786314048739867617,506
1786314048744870750,532
1786314048750749982,561
1786314048755872768,591
1786314048760862771,622
1786314048765711034,654
1786314048771796324,686
1786314048776759721,718
1786314048781756135,748
1786314048786776042,777
1786314048792870515,804
1786314048798024815,830
1786314048802831195,852
1786314048808011557,872
1786314048814069909,888
1786314048819002940,901
1786314048823908829,911
1786314048830873677,917
1786314048834852307,921
1786314048840020976,919
1786314048844954498,914
1786314048850741101,907
1786314048855899590,896
1786314048861040756,884
1786314048865800401,869
1786314048871896080,851
1786314048877037757,832
1786314048881802493,811
1786314048886981148,789
1786314048893048165,765
1786314048897915928,741
1786314048902899371,716
1786314048907880665,690
1786314048913953480,663
1786314048918762509,637
1786314048923805074,612
1786314048928826067,588
1786314048934924633,564
1786314048940037839,542
1786314048945028814,521
1786314048949754144,502
1786314048956005664,486
1786314048961032702,471
1786314048965747513,459
1786314048971008482,449
1786314048977024281,441
1786314048981761038,435
1786314048987019100,432
1786314048992041246,431
1786314048997820521,432
1786314049002903672,435
1786314049007924390,439
1786314049013961568,445
1786314049018782188,452
1786314049023721024,460
1786314049028779323,468
1786314049034828903,477
1786314049039916629,486
1786314049044886581,495
1786314049050042315,504
1786314049055838964,512
1786314049060837220,520
1786314049065775686,528
1786314049070822337,535
1786314049076834468,541
1786314049081856083,545
1786314049086708871,550
1786314049091831617,553
1786314049097714552,553
1786314049102801549,554
1786314049107881641,553
1786314049112883992,552
1786314049118789938,550
1786314049123796999,546
1786314049128886251,542
1786314049133826366,538
1786314049139797579,533
1786314049144854050,528
1786314049149831967,522
1786314049154891577,516
1786314049160883046,510
1786314049165817127,504
1786314049170797561,498
1786314049176814436,492
1786314049181966349,486
1786314049186928234,480
1786314049192023420,475
1786314049197791268,470
1786314049202871827,466
1786314049208030550,461
1786314049213027277,457
1786314049218904451,452
1786314049223872814,448
1786314049229016526,445
1786314049233763984,442
1786314049239933307,438
1786314049244911006,435
1786314049249915742,432
1786314049254788545,430
1786314049261025448,428
1786314049265879955,425
1786314049270921191,423
1786314049276050914,421
1786314049282577643,420
1786314049286870168,419
1786314049291858625,417
1786314049296856518,416
1786314049302791852,414
1786314049307857695,414
1786314049312856479,413
1786314049317762639,413
1786314049323862567,413
1786314049328868014,413
1786314049333820890,413
1786314049339032208,413
1786314049345029624,414
1786314049349788128,414
1786314049354857558,414
1786314049360858000,414
1786314049365750058,414
1786314049370858677,414
1786314049375887290,415
1786314049381825768,415
1786314049386874284,416
1786314049391883636,417
1786314049397030330,417
1786314049402979199,417
1786314049408037539,418
1786314049412965253,419
1786314049417897016,419
1786314049423733590,420
1786314049428804785,421
1786314049433766494,422
1786314049438948259,423
1786314049444962584,423
1786314049449737714,424
1786314049454873595,425
1786314049460023000,425
1786314049465813150,425
1786314049470876280,426
1786314049476049284,426
1786314049480714080,426
1786314049486930108,426
1786314049492042928,426
1786314049496858559,426
1786314049502000547,428
1786314049508049717,429
1786314049513040642,431
1786314049517821794,432
1786314049523857809,433
1786314049529045472,434
1786314049533830919,435
1786314049538989293,436
1786314049544933973,436
1786314049549780870,436
1786314049554857259,436
1786314049560038931,435
1786314049565771271,435
1786314049570936694,433
1786314049576033051,432
1786314049580785261,430
1786314049586977311,428
1786314049591888491,427
1786314049597079510,424
1786314049601752615,422
1786314049608012506,419
1786314049613034256,417
1786314049617902824,415
1786314049622880152,413
1786314049628937327,411
1786314049633872247,409
1786314049638864089,408
1786314049643887187,406
1786314049649738501,405
1786314049654786844,404
1786314049659862351,404
1786314049664827583,405
1786314049670800845,408
1786314049675770934,412
1786314049680744021,418
1786314049685898261,426
1786314049691863007,436
1786314049696983902,448
1786314049701883701,462
1786314049706856463,479
1786314049712856501,498
1786314049717715780,520
1786314049722752725,543
1786314049728917165,568
1786314049733729743,595
1786314049738855198,623
1786314049743861092,651
1786314049749721523,680
1786314049754852269,708
1786314049759863842,736
1786314049764701159,763
1786314049770873787,788
1786314049775860623,811
1786314049780745777,831
1786314049785870476,849
1786314049791859118,864
1786314049796916188,875
1786314049801875487,884
1786314049806854464,889
1786314049812858179,892
1786314049817877209,891
1786314049822861573,888
1786314049828003912,881
1786314049833894979,872
1786314049838884761,860
1786314049843898388,846
1786314049848789992,830
1786314049855017911,812
1786314049860015386,792
1786314049864776924,771
1786314049869793525,749
1786314049875848847,725
1786314049880785675,701
1786314049885893424,676
1786314049891037246,652
1786314049896945804,626
1786314049902022360,601
1786314049907023834,577
1786314049913022077,555
1786314049917870295,534
1786314049922895770,514
1786314049927833112,497
1786314049933863540,482
1786314049938824814,468
1786314049943854616,457
1786314049948874477,448
1786314049955045108,442
1786314049960033462,437
1786314049964782867,435
1786314049970018910,434
1786314049976036929,436
1786314049980790756,439
1786314049985833381,443
1786314049991025805,449
1786314049996817696,455
1786314050001907400,462
1786314050006940466,470
1786314050011963775,478
1786314050017904822,485
1786314050022826577,493
1786314050027857148,501
1786314050032948890,508
1786314050038971515,515
1786314050044789493,521
1786314050048775373,526
1786314050053952262,530
1786314050059891725,534
1786314050064755907,537
1786314050069808758,538
1786314050075746789,539
1786314050080749298,539
1786314050085793759,537
1786314050090860227,535
1786314050096701132,533
1786314050101780551,531
1786314050106752226,528
1786314050111861339,525
1786314050117828044,521
1786314050122883022,516
1786314050127890118,512
1786314050132812152,508
1786314050138797615,503
1786314050143882259,498
1786314050148829890,494
1786314050153797502,489
1786314050159879621,484
1786314050164826040,479
1786314050169809926,475
1786314050174887391,470
1786314050180866753,465
1786314050185948385,460
1786314050191017675,456
1786314050195983379,452
1786314050201898376,447
1786314050206899866,443
1786314050211892419,440
1786314050216819464,437
1786314050222933618,434
1786314050228021642,432
1786314050232868467,430
1786314050238020906,428
1786314050243946096,427
1786314050248847308,425
1786314050254021030,423
1786314050259045336,421
1786314050264871724,420
1786314050269856755,418
1786314050274886298,418
1786314050280847332,417
1786314050285852188,416
1786314050291022010,415
1786314050295924019,414
1786314050301867839,414
1786314050307025025,413
1786314050312019252,412
1786314050316813262,411
1786314050322895250,410
1786314050328022158,410
1786314050332921240,410
1786314050338032096,408
1786314050344018588,408
1786314050348850135,408
1786314050354022894,408
1786314050359036030,407
1786314050364842598,407
1786314050370035757,407
1786314050375059989,408
1786314050379797442,408
1786314050385839424,409
1786314050391026940,410
1786314050395925951,411
1786314050400894984,412
1786314050406727772,413
1786314050411996780,414
1786314050416909219,415
1786314050421998675,416
1786314050427993331,417
1786314050432781947,419
1786314050437880897,420
1786314050442908226,421
1786314050448747652,421
1786314050453776599,423
1786314050458771033,424
1786314050464740234,424
1786314050469745270,426
1786314050475133089,426
1786314050479727323,427
1786314050485751095,427
1786314050490738383,428
1786314050495728570,428
1786314050500766794,427
1786314050506782973,426
1786314050511747957,425
1786314050516768717,424
1786314050521781288,422
1786314050527748717,421
1786314050532748769,420
1786314050537748788,420
1786314050542743092,419
1786314050548714663,419
1786314050553753128,419
1786314050558761169,418
1786314050564848707,418
1786314050569760343,416
1786314050574776501,416
1786314050579781825,415
1786314050584956865,414
1786314050590800816,414
1786314050595790526,413
1786314050600758923,413
1786314050605741865,413
1786314050611737554,413
1786314050616746939,413
1786314050621745020,414
1786314050626748199,415
1786314050632748908,416
1786314050637755882,418
1786314050642740561,422
1786314050647778889,427
1786314050653786931,433
1786314050660388683,442
1786314050663775698,454
1786314050669759631,468
1786314050674780320,485
1786314050679735969,505
1786314050684797147,528
1786314050690784223,553
1786314050695731742,580
1786314050700744924,609
1786314050705757032,639
1786314050711742020,670
1786314050716749551,702
1786314050721752627,734
1786314050726765051,763
1786314050732771900,792
1786314050737822388,820
1786314050742796931,845
1786314050747804231,868
1786314050753753067,888
1786314050758749337,905
1786314050763767343,919
1786314050768724066,929
1786314050774794455,936
1786314050780690106,939
1786314050784757596,939
1786314050789742992,936
1786314050796601797,928
1786314050800893567,919
1786314050805751667,907
1786314050810749286,892
1786314050817712259,875
1786314050821757816,857
1786314050827582840,837
1786314050831711007,817
1786314050837696818,794
1786314050842759404,771
1786314050847805313,748
1786314050853744362,724
1786314050858749285,698
1786314050863823964,673
1786314050868732264,649
1786314050874858375,625
1786314050879743646,601
1786314050885081988,579
1786314050889782812,557
1786314050895998771,537
1786314050900896160,518
1786314050906002335,502
1786314050910942524,488
1786314050917245110,477
1786314050921782482,468
1786314050926804626,461
1786314050931789121,456
1786314050938614883,453
1786314050942863015,451
1786314050947954093,452
1786314050952842660,454
1786314050958996972,457
1786314050963739719,462
1786314050968876517,467
1786314050973780663,474
1786314050979771583,481
1786314050984742696,490
1786314050989743683,498
1786314050994745947,505
1786314051001656310,513
1786314051005722345,521
1786314051010779463,528
1786314051015748431,534
1786314051021784406,541
1786314051026739786,547
1786314051031735553,551
1786314051037704280,555
1786314051042854835,557
1786314051048035616,559
1786314051052759114,560
1786314051058777293,559
1786314051063792979,558
1786314051068731701,556
1786314051073752814,553
1786314051080001376,550
1786314051084838461,545
1786314051089900587,540
1786314051096043807,535
1786314051100933784,529
1786314051105847136,523
1786314051111879327,518
1786314051115897606,512
1786314051121766372,506
1786314051127993249,500
1786314051131813657,494
1786314051137360803,486
1786314051143042774,480
1786314051148284972,474
1786314051152780677,467
1786314051157746516,461
1786314051163767474,454
1786314051168935775,449
1786314051173796637,444
1786314051178835542,438
1786314051185164362,433
1786314051189794258,429
1786314051195680487,425
1786314051199949665,421
1786314051205836056,417
1786314051211059624,414
1786314051215799515,412
1786314051221793904,410
1786314051228661319,408
1786314051231785900,407
1786314051236785479,406
1786314051242805392,405
1786314051247802113,405
1786314051252739367,404
1786314051257740679,403
1786314051263821887,402
1786314051269183585,402
1786314051273741242,401
1786314051278804783,401
1786314051285171590,402
1786314051289747315,402
1786314051294739434,402
1786314051299757982,402
1786314051305756935,403
1786314051311092544,404
1786314051316214070,404
1786314051320800850,404
1786314051327042212,405
1786314051331811001,405
1786314051336770318,405
1786314051343065594,405
1786314051347957567,405
1786314051352814784,405
1786314051357773462,406
1786314051362739773,406
1786314051368721831,407
1786314051373828815,408
1786314051378895044,408
1786314051384037392,409
1786314051389742670,409
1786314051395221219,410
1786314051399851178,410
1786314051405786504,411
1786314051411687104,413
1786314051415798265,413
1786314051420787553,414
1786314051426774501,416
1786314051432616724,417
1786314051436879352,418
1786314051441762785,419
1786314051447785763,419
1786314051452800873,420
1786314051457875988,420
1786314051462858496,420
1786314051468875279,421
1786314051473779031,421
1786314051479183557,421
1786314051483769456,420
1786314051490074304,421
1786314051495667605,420
1786314051499997392,420
1786314051504871119,419
1786314051511154658,420
1786314051515728879,419
1786314051520976344,419
1786314051525749962,417
1786314051531793601,416
1786314051536741657,415
1786314051541751087,414
1786314051546775297,413
1786314051552873858,411
1786314051557935207,410
1786314051563225468,408
1786314051567901980,407
1786314051574094035,405
1786314051579097185,402
1786314051583745536,400
1786314051588790516,398
1786314051595023277,396
1786314051599962078,395
1786314051604810612,394
1786314051611018710,393
1786314051615793284,393
1786314051620950949,394
1786314051625764028,397
1786314051631776292,400
1786314051636746879,405
1786314051641813739,411
1786314051646869797,420
1786314051652880117,431
1786314051657961375,446
1786314051663038953,462
1786314051667888288,482
1786314051674104053,503
1786314051679144439,527
1786314051683749252,554
1786314051688834604,582
1786314051695129142,611
1786314051699880988,641
1786314051704848513,672
1786314051709705667,703
1786314051715734525,733
1786314051720827258,763
1786314051726531565,791
1786314051731142833,818
1786314051736803060,843
1786314051741877613,864
1786314051746784959,883
1786314051751790748,899
1786314051757789293,911
1786314051762997977,920
1786314051767793152,926
1786314051773705927,929
1786314051778853156,928
1786314051783805563,924
1786314051788800071,917
1786314051794833487,907
1786314051799822602,895
1786314051804797834,880
1786314051811183672,864
1786314051815798055,845
1786314051820879187,825
1786314051826115107,804
1786314051830893204,780
1786314051836905832,756
1786314051841761691,732
1786314051846938980,706
1786314051851768959,681
1786314051857931851,654
1786314051862832594,629
1786314051867858343,603
1786314051872784001,580
1786314051878929287,557
1786314051883739856,535
1786314051888858362,516
1786314051893902399,499
1786314051899885859,483
1786314051904850938,470
1786314051909936236,458
1786314051914922259,449
1786314051920857236,442
1786314051926400385,438
1786314051930789740,435
1786314051935826599,434
1786314051941749754,436
1786314051946749637,438
1786314051951732682,443
1786314051956774305,448
1786314051962798578,454
1786314051967855733,462
1786314051973012549,469
1786314051979029323,477
1786314051983786548,485
1786314051988915448,493
1786314051994104204,499
1786314051999741675,506
1786314052004763109,512
1786314052009772969,518
1786314052014840427,523
1786314052020874165,527
1786314052026072325,530
1786314052030766220,533
1786314052035777793,535
1786314052041713929,536
1786314052046807158,536
1786314052051744324,535
1786314052056742780,534
1786314052062874912,531
1786314052067755524,528
1786314052072750636,525
1786314052078115010,521
1786314052083739003,516
1786314052088769652,511
1786314052094158339,506
1786314052098812684,500
1786314052104822477,495
1786314052110342522,490
1786314052114772305,485
1786314052119853265,478
1786314052125749065,472
1786314052130949835,467
1786314052135952933,462
1786314052141765646,456
1786314052146818799,452
1786314052151862216,447
1786314052157023425,442
1786314052162739886,437
1786314052167867137,432
1786314052172850404,428
1786314052178128955,424
1786314052183861027,420
1786314052188854572,417
1786314052194503949,414
1786314052198862120,410
1786314052204849935,407
1786314052210016861,404
1786314052214775850,402
1786314052219825901,400
1786314052225774772,398
1786314052230955378,396
1786314052235878075,394
1786314052240835272,393
1786314052246851808,392
1786314052251794498,391
1786314052256874400,391
1786314052261845541,390
1786314052267895603,390
1786314052272874680,391
1786314052277851089,390
1786314052282774387,390
1786314052288803459,390
1786314052293822837,390
1786314052298754951,391
1786314052303826122,392
1786314052309829919,393
1786314052314747457,394
1786314052319811340,395
1786314052325928234,396
1786314052330795410,397
1786314052336007939,399
1786314052340901364,400
1786314052346950570,400
1786314052355120794,401
1786314052356944121,401
1786314052362391040,401
1786314052367725466,402
1786314052372853108,402
1786314052377826926,402
1786314052382843990,402
1786314052388841561,403
1786314052393860146,403
1786314052398800282,403
1786314052403789370,404
1786314052409824807,405
1786314052414827544,406
1786314052419745081,406
1786314052426652547,407
1786314052430870502,408
1786314052435740749,410
1786314052440711931,411
1786314052445835946,411
1786314052451743557,412
1786314052456847523,413
1786314052461712743,413
1786314052466733816,414
1786314052472746828,415
1786314052478767967,415
1786314052482773116,415
1786314052487880860,416
1786314052493873991,417
1786314052498777870,416
1786314052503928845,416
1786314052509714677,417
1786314052514837564,416
1786314052520027235,415
1786314052524793566,414
1786314052530844891,413
1786314052535794134,412
1786314052540786737,410
1786314052545777255,408
1786314052551751993,406
1786314052556757135,404
1786314052561758882,402
1786314052566797702,400
1786314052572798308,399
1786314052577849013,397
1786314052582769205,395
1786314052587860045,394
1786314052593833807,393
1786314052598812945,391
1786314052603752876,391
1786314052608751713,392
1786314052614785212,392
1786314052619754221,392
1786314052624753444,393
1786314052629826636,393
1786314052635787327,393
1786314052640736351,395
1786314052645797551,397
1786314052650790552,400
1786314052656782603,404
1786314052661761317,410
1786314052666828163,418
1786314052671815320,429
1786314052677724114,443
1786314052682856097,458
1786314052688007546,477
1786314052693876767,498
1786314052698730151,521
1786314052703973386,547
1786314052709121485,574
1786314052714772460,602
1786314052719940559,630
1786314052724756559,660
1786314052729814868,689
1786314052736017255,717
1786314052741695571,745
1786314052746173817,771
1786314052751328404,795
1786314052756772628,816
1786314052762091720,834
1786314052766860914,848
1786314052771902877,861
1786314052779077229,869
1786314052782799625,875
1786314052787836060,878
1786314052793133923,878
1786314052798938279,875
1786314052803878632,868
1786314052808788101,859
1786314052814012419,848
1786314052819818870,835
1786314052824742799,819
1786314052829922599,802
1786314052834952359,783
1786314052840838909,763
1786314052845732172,742
1786314052850852468,720
1786314052855895752,697
1786314052861755351,673
1786314052866891139,649
1786314052871898284,626
1786314052877771936,602
1786314052882928273,578
1786314052887965348,557
1786314052892845132,536
1786314052898827919,516
1786314052904016956,498
1786314052908794352,483
1786314052913888185,469
1786314052919849941,456
1786314052924848737,447
1786314052929968574,440
1786314052934936861,434
1786314052940925017,430
1786314052945946325,429
1786314052950781558,429
1786314052955711367,431
1786314052961789746,434
1786314052966732993,438
1786314052972032018,444
1786314052976785990,450
1786314052982776607,457
1786314052988021427,465
1786314052992740112,474
1786314052997782490,482
1786314053003719752,491
1786314053008792422,499
1786314053013826939,506
1786314053018778761,514
1786314053024910740,520
1786314053029832840,526
1786314053034739290,530
1786314053039875239,533
1786314053045758421,536
1786314053050870296,538
1786314053055839331,538
1786314053061831217,538
1786314053066749215,537
1786314053071801711,535
1786314053076750374,532
1786314053082783336,529
1786314053087811476,525
1786314053092818760,520
1786314053097848351,515
1786314053103741736,510
1786314053108884974,505
1786314053114124800,499
1786314053118872589,494
1786314053124944069,488
1786314053130156236,482
1786314053134854826,477
1786314053139848728,471
1786314053146271125,466
1786314053150896662,460
1786314053155873208,455
1786314053160990594,450
1786314053166818349,445
1786314053171784567,441
1786314053176754142,437
1786314053181912318,433
1786314053187878823,430
1786314053193674457,427
1786314053197949692,425
1786314053202788706,422
1786314053208895621,420
1786314053214102043,419
1786314053218865302,417
1786314053223853641,416
1786314053230440046,416
1786314053234899745,416
1786314053239781683,415
1786314053245847534,415
1786314053250906499,416
1786314053256014559,416
1786314053261117800,416
1786314053266887619,415
1786314053271873873,416
1786314053276797025,416
1786314053281795835,416
1786314053287740613,416
1786314053292736006,416
1786314053297907750,416
1786314053302828704,416
1786314053308786695,417
1786314053313860144,417
1786314053318851891,417
1786314053323850353,417
1786314053330183027,418
1786314053334943370,418
1786314053339886454,418
1786314053345335787,419
1786314053350927643,420
1786314053355965155,420
1786314053362069869,421
1786314053365912028,422
1786314053371868696,424
1786314053376877050,424
1786314053381854454,425
1786314053386793800,425
1786314053392774763,427
1786314053397787945,428
1786314053402746029,428
1786314053407890005,429
1786314053413859837,430
1786314053418788903,430
1786314053424015047,431
1786314053429177182,431
1786314053434757941,432
1786314053439899153,431
1786314053444978276,431
1786314053450884183,431
1786314053455834624,431
1786314053460732435,430
1786314053465819593,430
1786314053471877140,429
1786314053476681925,429
1786314053481777096,428
1786314053486740814,427
1786314053492685818,425
1786314053497886260,424
1786314053502814460,422
1786314053507846059,420
1786314053513877077,419
1786314053518868027,416
1786314053523848307,415
1786314053528888099,414
1786314053534883882,412
1786314053539848757,410
1786314053544734284,408
1786314053549899956,407
1786314053555852304,406
1786314053560831612,405
1786314053565878390,404
1786314053570885737,404
1786314053576716462,403
1786314053581902284,403
1786314053586874951,404
1786314053591989611,404
1786314053597815055,407
1786314053602887115,411
1786314053607889100,418
1786314053613777723,425
1786314053618883192,435
1786314053624017192,447
1786314053628956647,462
1786314053634890613,478
1786314053639935672,497
1786314053644795075,518
1786314053649866228,541
1786314053655893128,565
1786314053660993245,590
1786314053665876460,616
1786314053670881116,642
1786314053676760555,668
1786314053681833297,692
1786314053686815021,716
1786314053691856664,738
1786314053697747653,759
1786314053702818122,777
1786314053708001286,793
1786314053712950630,807
1786314053719001139,818
1786314053723941682,825
1786314053728862545,830
1786314053733865693,833
1786314053740005488,832
1786314053744779129,828
1786314053749752357,823
1786314053755026909,815
1786314053760761071,804
1786314053765895328,792
1786314053771016498,778
1786314053775750890,762
1786314053781806014,745
1786314053786843005,727
1786314053791755354,707
1786314053797723993,686
1786314053802814923,664
1786314053807998243,641
1786314053812853932,619
1786314053818752831,596
1786314053823775631,575
1786314053828818819,554
1786314053833758993,534
1786314053839848623,514
1786314053844831749,496
1786314053849788025,480
1786314053854760523,465
1786314053860846350,453
1786314053865786611,442
1786314053870745053,433
1786314053875912043,426
1786314053881827485,421
1786314053886725445,419
1786314053891779864,419
1786314053896948285,420
1786314053902790342,422
1786314053907767896,427
1786314053912878314,432
1786314053917805437,438
1786314053923902602,446
1786314053928884407,455
1786314053933794108,463
1786314053938958181,472
1786314053944870451,481
1786314053949807572,489
1786314053954856916,497
1786314053959769685,505
1786314053965813958,512
1786314053970941129,518
1786314053976166931,523
1786314053981829739,527
1786314053986946562,531
1786314053991828517,533
1786314053996899450,535
1786314054002810104,536
1786314054007788739,535
1786314054012854209,534
1786314054017776167,534
1786314054023767175,531
1786314054028895958,529
1786314054033739880,526
1786314054038800651,523
1786314054044823432,518
1786314054049793709,514
1786314054054696598,510
1786314054059768036,505
1786314054066001879,500
1786314054070994587,495
1786314054076202448,491
1786314054080807905,485
1786314054086886707,481
1786314054091690515,476
1786314054096781918,472
1786314054101715115,467
1786314054107744888,463
1786314054112752219,459
1786314054117807285,456
1786314054122791528,452
1786314054128752632,449
1786314054133827469,447
1786314054138782691,445
1786314054144134704,443
1786314054149761830,440
1786314054154959186,438
1786314054159889166,436
1786314054165808609,433
1786314054170882653,430
1786314054175823675,428
1786314054180727954,426
1786314054186822995,424
1786314054191719176,423
1786314054196798471,420
1786314054201746451,418
1786314054207740486,418
1786314054212965117,416
1786314054217965774,415
1786314054222894449,414
1786314054228865864,413
1786314054233905573,412
1786314054238876437,410
1786314054243808907,409
1786314054249773626,408
1786314054254898241,408
1786314054259734364,408
1786314054264776796,408
1786314054270764053,409
1786314054275821668,410
1786314054280799633,411
1786314054285762681,413
1786314054291779366,414
1786314054296789827,416
1786314054301789913,417
1786314054306765656,419
1786314054312785300,420
1786314054317753100,422
1786314054322787498,423
1786314054327888861,425
1786314054333775046,426
1786314054338774693,427
1786314054343730060,428
1786314054349756013,429
1786314054354731232,430
1786314054359732689,430
1786314054364769643,431
1786314054370781847,431
1786314054375820792,430
1786314054380798073,429
1786314054385779092,428
1786314054391770854,429
1786314054396807450,428
1786314054401788828,427
1786314054406764229,426
1786314054412797937,426
1786314054417771263,424
1786314054422771373,423
1786314054427860302,423
1786314054433790423,422
1786314054438772456,421
1786314054443790065,420
1786314054448768088,418
1786314054454736857,418
1786314054459780347,417
1786314054464817285,416
1786314054469776946,417
1786314054475877600,416
1786314054480779023,415
1786314054485762752,415
1786314054490747973,416
1786314054496799865,416
1786314054501753468,417
1786314054506778647,418
1786314054511879038,421
1786314054517762690,425
1786314054522783116,431
1786314054527898882,440
1786314054533655255,451
1786314054538750998,465
1786314054544154414,481
1786314054548752896,500
1786314054554780669,522
1786314054559798215,547
1786314054564829518,574
1786314054569763916,602
1786314054575728788,631
1786314054580776588,661
1786314054585740477,691
1786314054590751271,721
1786314054597311546,750
1786314054601754153,778
1786314054606804897,804
1786314054611789584,827
1786314054617743181,848
1786314054622776935,867
1786314054627781352,884
1786314054632747430,896
1786314054638746955,905
1786314054644070246,911
1786314054648742994,914
1786314054653719892,914
1786314054660514524,910
1786314054664764915,904
1786314054669754647,896
1786314054674845266,885
1786314054680789149,870
1786314054685864043,855
1786314054690800868,838
1786314054696263370,819
1786314054701840756,799
1786314054706833326,777
1786314054712161989,755
1786314054717834960,731
1786314054722751358,707
1786314054728122077,683
1786314054732733539,658
1786314054738753727,633
1786314054743979350,609
1786314054748735801,587
1786314054753734606,563
1786314054759779737,542
1786314054764870851,523
1786314054769765256,506
1786314054774781669,490
1786314054780797492,476
1786314054785778414,465
1786314054790762465,456
1786314054795777178,448
1786314054801744633,444
1786314054806755167,441
1786314054811835096,440
1786314054816760092,441
1786314054822771959,444
1786314054827840182,448
1786314054832770339,453
1786314054837738052,459
1786314054843749376,466
1786314054848759974,474
1786314054853746127,482
1786314054858717272,490
1786314054864780459,498
1786314054869890922,506
1786314054874798965,515
1786314054880687362,524
1786314054885755327,532
1786314054890778042,540
1786314054895779644,546
1786314054901762886,552
1786314054906777271,557
1786314054911856202,560
1786314054916751799,563
1786314054922742423,564
1786314054927909905,565
1786314054932766424,564
1786314054937755680,563
1786314054943835917,560
1786314054948785355,556
1786314054953777366,551
1786314054958779191,546
1786314054964905634,541
1786314054969776832,535
1786314054974776773,529
1786314054979767563,522
1786314054985760089,517
1786314054990768036,511
1786314054995763399,504
1786314055000796996,498
1786314055006724887,492
1786314055011788060,486
1786314055016848981,480
1786314055021805570,474
1786314055027818578,468
1786314055032747428,464
1786314055037727921,459
1786314055042734892,454
1786314055048812580,449
1786314055053725407,444
1786314055058863613,440
1786314055064772455,437
1786314055069743267,433
1786314055074787445,431
1786314055079809443,429
1786314055085756449,426
1786314055090785212,424
1786314055095807193,421
1786314055100771324,419
1786314055106734292,417
1786314055111771697,415
1786314055116747745,414
1786314055121753057,412
1786314055127895557,413
1786314055132754180,412
1786314055137818287,412
1786314055142854364,412
1786314055148762073,412
1786314055153763050,412
1786314055158774683,413
1786314055163756303,413
1786314055169756928,413
1786314055174708986,414
1786314055179803121,414
1786314055184715768,414
1786314055190745022,414
1786314055195736889,415
1786314055200754389,415
1786314055205852414,415
1786314055211802647,415
1786314055216776915,415
1786314055221783166,415
1786314055226831178,415
1786314055232779786,416
1786314055237754097,416
1786314055242940148,417
1786314055248812232,417
1786314055253709361,417
1786314055258720356,417
1786314055263754786,417
1786314055269858563,417
1786314055274820091,417
1786314055279856830,417
1786314055284861146,418
1786314055290740113,419
1786314055295980439,419
1786314055300926425,419
1786314055305798717,420
1786314055311958346,421
1786314055316856723,421
1786314055321787980,421
1786314055327081056,421
1786314055332761105,420
1786314055337965818,420
1786314055343200644,419
1786314055347723270,419
1786314055354005148,419
1786314055358879618,418
1786314055363738515,418
1786314055369000168,419
1786314055374956292,418
1786314055379860088,417
1786314055384947826,417
1786314055390002472,416
1786314055395739703,416
1786314055400865499,414
1786314055405999775,414
1786314055411163011,414
1786314055416948975,413
1786314055421837524,412
1786314055427061430,412
1786314055432731753,413
1786314055438012997,415
1786314055442777191,418
1786314055447812942,422
1786314055454017165,429
1786314055458804214,436
1786314055463712614,447
1786314055468862911,460
1786314055475158666,476
1786314055479736591,495
1786314055485010856,516
1786314055489965512,540
1786314055495766472,566
1786314055501022100,593
1786314055505920877,623
1786314055510844367,653
1786314055516810872,683
1786314055521777899,713
1786314055526832729,742
1786314055532702000,770
1786314055537877880,796
1786314055542818314,820
1786314055547738754,842
1786314055552763304,861
1786314055558827801,876
1786314055563841052,889
1786314055568777566,899
1786314055573792853,906
1786314055579849103,908
1786314055584775751,909
1786314055589764237,906
1786314055595084433,900
1786314055601039240,891
1786314055605971715,880
1786314055611743019,868
1786314055616890073,853
1786314055622157552,836
1786314055627697769,817
1786314055632219644,798
1786314055637814053,777
1786314055642827628,755
1786314055647990171,732
1786314055652726158,709
1786314055658946905,684
1786314055663923352,660
1786314055668807637,635
1786314055674599031,611
1786314055679732180,588
1786314055684718190,566
1786314055689735438,545
1786314055694736663,526
1786314055700741465,508
1786314055706183936,493
1786314055711056125,480
1786314055716041830,467
1786314055721849721,458
1786314055726797954,450
1786314055731817983,445
1786314055736813002,441
1786314055742758898,440
1786314055747784181,440
1786314055753143546,442
1786314055757827177,445
1786314055763762277,449
1786314055769012416,455
1786314055773685592,461
1786314055780043290,468
1786314055784708185,476
1786314055789696258,484
1786314055796132198,492
1786314055801047436,499
1786314055805976960,507
1786314055811906197,513
1786314055816107789,519
1786314055821717941,523
1786314055827271148,527
1786314055831851035,531
1786314055836808659,533
1786314055842860850,535
1786314055847786171,536
1786314055852801372,535
1786314055857768806,535
1786314055863820514,533
1786314055868770018,532
1786314055873774524,529
1786314055879271710,526
1786314055885131061,522
1786314055889701994,518
1786314055894787446,514
1786314055899816277,509
1786314055905773501,503
1786314055910803235,498
1786314055915805691,491
1786314055920777900,485
1786314055926792399,480
1786314055931795134,474
1786314055936744960,469
1786314055941783910,464
1786314055947831120,459
1786314055952718818,455
1786314055957782427,451
1786314055963766825,448
1786314055968745080,444
1786314055973799094,440
1786314055978924741,437
1786314055984744592,434
1786314055989825799,431
1786314055994810973,428
1786314055999791945,424
1786314056005821904,422
1786314056011196902,420
1786314056015807132,417
1786314056020795432,415
1786314056027145943,413
1786314056032175292,411
1786314056037068119,410
1786314056041702309,409
1786314056047814623,408
1786314056052889671,408
1786314056057845848,408
1786314056062795901,408
1786314056068816859,408
1786314056073759608,409
1786314056079187761,409
1786314056084262060,410
1786314056090201063,411
1786314056095211675,411
1786314056099843240,410
1786314056105187251,410
1786314056112104896,409
1786314056117085276,408
1786314056120798751,408
1786314056126513006,408
1786314056131763497,408
1786314056136800124,408
1786314056141848941,409
1786314056148091952,409
1786314056152775641,409
1786314056157854491,410
1786314056163212731,411
1786314056168747524,412
1786314056173861457,413
1786314056179492355,414
1786314056183906260,415
1786314056189936308,416
1786314056195080416,418
1786314056200239404,418
1786314056204846999,419
1786314056210891365,420
1786314056216031620,421
1786314056221901767,422
1786314056226105367,422
1786314056232337304,423
1786314056237513969,423
1786314056242114510,424
1786314056246834869,424
1786314056253161803,423
1786314056257721159,422
1786314056263266930,422
1786314056267827100,421
1786314056273788699,419
1786314056279667808,419
1786314056283839789,418
1786314056288783574,417
1786314056294786648,416
1786314056299808489,414
1786314056304794221,413
1786314056310972859,412
1786314056316430098,410
1786314056320864824,408
1786314056325874532,407
1786314056330843051,405
1786314056337160329,404
1786314056342209274,404
1786314056347135890,403
1786314056352843795,403
1786314056358907500,404
1786314056362826226,405
1786314056367876496,408
1786314056373950771,412
1786314056378894105,417
1786314056384063561,425
1786314056388881499,436
1786314056395032232,449
1786314056399986663,465
1786314056406504934,483
1786314056411544330,503
1786314056416923458,526
1786314056421509747,550
1786314056427199370,576
1786314056431314459,604
1786314056436917921,632
1786314056441769735,661
1786314056447062492,689
1786314056451958346,716
1786314056457736523,742
1786314056463145981,767
1786314056467728256,790
1786314056472770488,811
1786314056478765677,829
1786314056483726505,844
1786314056488738942,856
1786314056493795370,865
1786314056499775361,870
1786314056504768790,873
1786314056509853127,872
1786314056514987753,869
1786314056520780321,863
1786314056526662846,854
1786314056530795562,843
1786314056536764460,830
1786314056541726216,815
1786314056546714020,798
1786314056551768436,780
1786314056557757878,760
1786314056562729585,738
1786314056567712956,716
1786314056572749559,693
1786314056578823717,669
1786314056583796111,644
1786314056588764946,621
1786314056594926358,597
1786314056599855895,574
1786314056604762424,552
1786314056609728502,533
1786314056614800973,513
1786314056620792476,496
1786314056625862965,480
1786314056630793779,467
1786314056635804018,456
1786314056643407697,446
1786314056647664532,439
1786314056652208576,435
1786314056656746672,432
1786314056664062367,431
1786314056668006105,433
1786314056673012602,436
1786314056678289024,441
1786314056684392935,447
1786314056688734327,455
1786314056694896719,463
1786314056698768336,470
1786314056704738141,478
1786314056709713363,487
1786314056715383865,495
1786314056720994244,502
1786314056726338500,509
1786314056731854148,517
1786314056736048205,523
1786314056742015662,529
1786314056747251535,533
1786314056752645058,537
1786314056757443069,539
1786314056763000075,541
1786314056768675081,542
1786314056772750835,543
1786314056779086815,542
1786314056783867274,540
1786314056789680290,539
1786314056793840361,536
1786314056798756130,532
1786314056805406044,529
1786314056810656781,525
1786314056814908136,520
1786314056820922630,515
1786314056826675319,510
1786314056833709510,505
1786314056836629060,499
1786314056841134676,493
1786314056846777268,487
1786314056851862785,482
1786314056856789776,477
1786314056862156966,471
1786314056868767303,467
1786314056872818046,462
1786314056878770851,458
1786314056883003715,455
1786314056889829340,451
1786314056894792008,447
1786314056898821215,444
1786314056905063821,440
1786314056910437532,436
1786314056915118619,434
1786314056920190947,430
1786314056926312255,428
1786314056931200938,426
1786314056936281355,423
1786314056947133814,420
1786314056949026558,419
1786314056951796650,417
1786314056956951400,415
1786314056962378104,413
1786314056969695127,412
1786314056972804400,411
1786314056977783470,409
1786314056983123279,408
1786314056988791278,407
1786314056993818865,406
1786314056998844158,404
1786314057004892500,404
1786314057009766843,403
1786314057016253644,402
1786314057019776284,402
1786314057024784598,402
1786314057031093765,402
1786314057035828624,403
1786314057040715859,404
1786314057046147408,405
1786314057051746082,406
1786314057056717139,408
1786314057061804067,410
1786314057066802576,411
1786314057073038706,414
1786314057080527457,415
1786314057083657872,417
1786314057089323305,418
1786314057093808813,419
1786314057098780264,419
1786314057103790454,420
1786314057109765203,422
1786314057115275834,422
1786314057119852885,423
1786314057124777176,423
1786314057130780818,423
1786314057135735949,422
1786314057140705408,422
1786314057145985711,422
1786314057151797050,422
1786314057157416763,421
1786314057161848607,420
1786314057166854940,420
1786314057172744226,419
1786314057177759629,419
1786314057182839284,418
1786314057187777265,417
1786314057193779262,416
1786314057199067328,416
1786314057204145623,414
1786314057210130876,414
1786314057215689481,414
1786314057220284501,412
1786314057225413454,413
1786314057230098057,415
1786314057235884074,417
1786314057240930298,421
1786314057246329491,426
1786314057250903233,434
1786314057257015063,444
1786314057261820683,456
1786314057266808489,471
1786314057272814811,488
1786314057277821118,507
1786314057282749443,529
1786314057287908608,553
1786314057293803437,578
1786314057298817219,605
1786314057304581685,633
1786314057308812176,660
1786314057314869981,688
1786314057319793557,714
1786314057324830197,739
1786314057329882025,764
1786314057335861960,786
1786314057341217862,807
1786314057346434384,824
1786314057350736744,839
1786314057356781612,851
1786314057361772071,860
1786314057366729978,866
1786314057371728526,870
1786314057377750749,869
1786314057382773736,866
1786314057387827794,861
1786314057392794414,853
1786314057398766773,842
1786314057403726450,830
1786314057408733380,815
1786314057413724622,798
1786314057419851376,781
1786314057424772973,761
1786314057429778306,740
1786314057435786691,718
1786314057440725571,695
1786314057445766213,671
1786314057450734952,647
1786314057456725941,623
1786314057461786354,598
1786314057466788080,575
1786314057471776721,553
1786314057479693018,531
1786314057482748123,511
1786314057487812760,493
1786314057492896127,477
1786314057498749390,463
1786314057503725832,451
1786314057509013043,441
1786314057513758205,433
1786314057519750095,427
1786314057524744822,424
1786314057529775785,422
1786314057534736274,422
1786314057540742090,424
1786314057545758981,428
1786314057550743489,432
1786314057555743674,438
1786314057561709953,444
1786314057566792080,452
1786314057571788095,459
1786314057576739445,467
1786314057582722196,474
1786314057588304966,482
1786314057592742864,489
1786314057597796303,496
1786314057603800157,501
1786314057608735439,507
1786314057613820011,512
1786314057619823379,516
1786314057624785669,520
1786314057629781512,522
1786314057634735927,524
1786314057640776340,526
1786314057645759100,526
1786314057650750022,527
1786314057655763070,526
1786314057661729925,525
1786314057666755431,523
1786314057671737672,519
1786314057676767497,516
1786314057682728976,512
1786314057687761802,508
1786314057692816743,504
1786314057697784116,500
1786314057703782565,495
1786314057708760397,491
1786314057713746756,486
1786314057718731534,481
1786314057724814745,477
1786314057730121227,472
1786314057735105390,468
1786314057739719990,463
1786314057745745604,458
1786314057750952157,454
1786314057755865809,450
1786314057762661054,447
1786314057766812498,442
1786314057771760926,438
1786314057779557617,434
1786314057782717547,431
1786314057787759698,427
1786314057792761614,424
1786314057797714490,421
1786314057803736798,419
1786314057808728063,417
1786314057814663474,415
1786314057818805170,413
1786314057824813583,411
1786314057829782440,410
1786314057835255193,409
1786314057839780881,407
1786314057846212186,407
1786314057851034087,407
1786314057855735591,406
1786314057862145091,405
1786314057866975970,404
1786314057871771205,403
1786314057876957558,403
1786314057881794047,402
1786314057887800844,402
1786314057892808814,402
1786314057897704037,402
1786314057902785523,402
1786314057908770050,402
1786314057913738560,402
1786314057918788359,403
1786314057923790393,404
1786314057929768892,405
1786314057934793288,406
1786314057939770920,407
1786314057946450427,409
1786314057950778766,410
1786314057955776239,412
1786314057960727629,414
1786314057966664150,415
1786314057971754707,417
1786314057976735989,418
1786314057981940470,420
1786314057987764811,421
1786314057992764996,422
1786314057997769029,423
1786314058002783759,423
1786314058008761003,423
1786314058013737312,423
1786314058018757027,423
1786314058023793026,423
1786314058030078242,422
1786314058034740769,421
1786314058039719588,420
1786314058045207807,419
1786314058050787008,418
1786314058055764187,417
1786314058060844208,416
1786314058065847882,414
1786314058071748591,413
1786314058076949878,411
1786314058081772185,409
1786314058086780354,409
1786314058092790594,409
1786314058097791369,408
1786314058102779260,409
1786314058107783717,411
1786314058113990137,414
1786314058118770306,418
1786314058123749836,425
1786314058129140621,435
1786314058134783495,447
1786314058139788531,462
1786314058145287059,480
1786314058149765092,500
1786314058155768862,524
1786314058160944271,549
1786314058165730345,577
1786314058171729189,606
1786314058176771183,636
1786314058181760271,668
1786314058186724725,699
1786314058192739558,730
1786314058197771973,760
1786314058202757514,789
1786314058207754403,816
1786314058213773451,842
1786314058218754987,864
1786314058223706179,883
1786314058229029078,899
1786314058234744376,912
1786314058239803789,922
1786314058245143783,927
1786314058249742021,930
1786314058255744447,929
1786314058260772457,925
1786314058265773814,918
1786314058270711737,907
1786314058276798520,896
1786314058281764459,882
1786314058286820555,865
1786314058291789152,846
1786314058298359642,825
1786314058302779435,804
1786314058307795046,782
1786314058313685436,758
1786314058319346105,734
1786314058323728338,708
1786314058329890317,683
1786314058334737415,658
1786314058340141221,633
1786314058345171390,608
1786314058349993515,585
1786314058355720961,564
1786314058361212990,543
1786314058365726200,524
1786314058371364196,507
1786314058376808245,492
1786314058381854943,479
1786314058386752399,468
1786314058391720857,459
1786314058397796557,452
1786314058402722185,447
1786314058407724587,444
1786314058413463217,443
1786314058419681086,443
1786314058424642684,445
1786314058429322714,449
1786314058434405073,454
1786314058439760421,459
1786314058445037987,466
1786314058449940845,473
1786314058455332392,480
1786314058462081501,488
1786314058465771485,496
1786314058470782965,504
1786314058476658431,511
1786314058482325956,518
1786314058486736786,524
1786314058491776982,530
1786314058499413854,535
1786314058502726816,539
1786314058508111998,542
1786314058513442904,544
1786314058518672569,545
1786314058523736789,546
1786314058529146941,546
1786314058533728705,545
1786314058540112185,543
1786314058544778401,541
1786314058549761931,538
1786314058554757453,534
1786314058561186896,530
1786314058565708274,525
1786314058570708634,520
1786314058576958069,514
1786314058582218930,508
1786314058586704672,501
1786314058591814263,494
1786314058597168834,487
1786314058602724546,480
1786314058607769091,474
1786314058613067884,467
1786314058617967541,461
1786314058623756974,454
1786314058629092495,449
1786314058633710870,443
1786314058640631423,438
1786314058644793635,434
1786314058649734022,430
1786314058654852676,427
1786314058659736039,424
1786314058665800508,421
1786314058670792043,418
1786314058675752076,416
1786314058680744045,413
1786314058686788682,411
1786314058691768095,409
1786314058696764691,407
1786314058702719859,404
1786314058707709875,403
1786314058713750535,401
1786314058717790077,400
1786314058723764634,399
1786314058728963752,398
1786314058733770050,397
1786314058738715133,397
1786314058744759593,397
1786314058749755117,397
1786314058754783032,398
1786314058759774840,397
1786314058765739877,398
1786314058770737060,398
1786314058775697041,398
1786314058780740188,398
1786314058786706849,398
1786314058791755408,398
1786314058796750229,398
1786314058801808732,398
1786314058807805458,399
1786314058812805172,399
1786314058817827567,400
1786314058822977704,401
1786314058828836704,402
1786314058833788634,403
1786314058839131709,405
1786314058843717628,406
1786314058849942007,408
1786314058854800536,409
1786314058859714346,411
1786314058865172737,413
1786314058871647438,414
1786314058875730834,415
1786314058880734867,416
1786314058886723681,417
1786314058891712684,418
1786314058897002873,419
1786314058901712923,420
1786314058908089421,421
1786314058912793299,422
1786314058917801728,422
1786314058922752850,422
1786314058928747103,422
1786314058933752237,421
1786314058938722782,421
1786314058943842606,420
1786314058949866585,420
1786314058954714298,419
1786314058959853230,417
1786314058964960237,416
1786314058970925640,415
1786314058976011514,412
1786314058980950333,410
1786314058985772676,408
1786314058991991010,406
1786314058996801363,403
1786314059001945420,402
1786314059006873478,401
1786314059012724648,399
1786314059017687342,398
1786314059022729974,397
1786314059027766552,397
1786314059033723111,396
1786314059038854172,397
1786314059043742044,397
1786314059048771948,399
1786314059054733968,400
1786314059059734674,403
1786314059064753255,407
1786314059070670999,414
1786314059075752403,423
1786314059080740858,434
1786314059085729917,449
1786314059091800349,466
1786314059096719395,486
1786314059102680272,509
1786314059107332328,533
1786314059112836163,560
1786314059117926767,589
1786314059122740818,620
1786314059127868455,651
1786314059134173374,682
1786314059138834133,713
1786314059143785380,744
1786314059148784188,773
1786314059154752340,801
1786314059160748431,827
1786314059165631061,849
1786314059170073234,869
1786314059175730110,885
1786314059180978731,897
1786314059185908776,907
1786314059190782134,914
1786314059197106590,916
1786314059201774121,915
1786314059206790968,911
1786314059211780713,905
1786314059217814394,895
1786314059222790842,882
1786314059227765351,869
1786314059236082714,852
1786314059239822941,833
1786314059243789172,814
1786314059248984969,793
1786314059257402919,771
1786314059259797596,748
1786314059264869384,725
1786314059270248312,701
1786314059275751111,675
1786314059280876464,651
1786314059289016191,625
1786314059292520424,600
1786314059299844625,577
1786314059301773427,554
1786314059306752739,533
1786314059312187645,514
1786314059317959486,496
1786314059323008693,481
1786314059327829009,468
1786314059332760326,456
1786314059339027667,446
1786314059343731125,439
1786314059348772332,434
1786314059354037566,432
1786314059359704761,430
1786314059364762184,431
1786314059369822975,434
1786314059374743823,436
1786314059380761308,441
1786314059386688546,446
1786314059391085936,453
1786314059396239820,460
1786314059402154472,467
1786314059406747515,475
1786314059411712464,484
1786314059417204740,491
1786314059422795434,498
1786314059427714951,505
1786314059432792591,512
1786314059438871384,517
1786314059443709577,522
1786314059448728101,527
1786314059453752982,530
1786314059459753675,532
1786314059464753431,534
1786314059470506563,535
1786314059474748252,535
1786314059480719025,534
1786314059485897835,534
1786314059491540596,532
1786314059495721434,529
1786314059502664945,525
1786314059506745070,521
1786314059511720163,517
1786314059517153725,511
1786314059522939056,505
1786314059527768295,499
1786314059533103934,493
1786314059537745787,487
1786314059543762539,480
1786314059548718240,474
1786314059553995050,467
1786314059558715684,460
1786314059564723216,454
1786314059569800715,449
1786314059574787594,443
1786314059579792343,438
1786314059586731128,433
1786314059590782291,429
1786314059595768024,425
1786314059602284321,421
1786314059606724914,418
1786314059611722514,415
1786314059616736452,412
1786314059622751889,409
1786314059627739548,407
1786314059634077664,406
1786314059638630116,403
1786314059643766236,402
1786314059650097620,400
1786314059653788091,399
1786314059658712622,397
1786314059664719014,397
1786314059669916646,397
1786314059674727641,395
1786314059679759747,395
1786314059686149771,394
1786314059690738905,394
1786314059695715165,393
1786314059701266182,393
1786314059706789452,392
1786314059711781321,393
1786314059717022785,393
1786314059721853779,393
1786314059727789269,393
1786314059732745101,393
1786314059737765241,393
1786314059742764293,393
1786314059748773611,393
1786314059753813852,393
1786314059758732807,394
1786314059763773243,394
1786314059770638781,396
1786314059775082065,396
1786314059779749984,397
1786314059786235970,398
1786314059790782863,400
1786314059795775916,401
1786314059801039406,402
1786314059806772045,403
1786314059812168191,404
1786314059817009372,404
1786314059822137191,405
1786314059827964937,406
1786314059832904802,406
1786314059837720941,407
1786314059842765545,407
1786314059848781310,408
1786314059854561048,408
1786314059858763294,408
1786314059863880977,408
1786314059870365007,409
1786314059875947555,409
1786314059880564820,408
1786314059887348114,407
1786314059893345327,406
1786314059895871463,405
1786314059900927843,404
1786314059907112822,404
1786314059912423202,404
1786314059917755898,403
1786314059922711467,402
1786314059926782181,401
1786314059936413193,401
1786314059938916463,401
1786314059942881580,400
1786314059948327974,400
1786314059954091633,400
1786314059959384659,399
1786314059963880931,399
1786314059970417423,399
1786314059974755868,398
1786314059979988754,397
1786314059985080322,396
1786314059990823532,395
1786314059995780072,394
1786314060001689583,393
1786314060005836244,392
1786314060011818726,391
1786314060017080991,388
1786314060021797661,386
1786314060026808401,384
1786314060033547644,383
1786314060037764464,380
1786314060043177215,378
1786314060047790472,376
1786314060053759528,375
1786314060058757308,373
1786314060063786242,373
1786314060069238364,373
1786314060075053106,373
1786314060079711627,374
1786314060084799304,376
1786314060089802869,380
1786314060095765199,384
1786314060101222866,392
1786314060106120283,401
1786314060110746229,415
1786314060117063440,430
1786314060121797187,448
1786314060126855749,469
1786314060131754416,493
1786314060137736683,518
1786314060143522798,547
1786314060147735593,577
1786314060153832722,609
1786314060159407439,640
1786314060163733500,671
1786314060170177934,702
1786314060174830155,731
1786314060179715202,758
1786314060185307862,784
1786314060189803241,808
1786314060196191488,828
1786314060200764969,847
1786314060205752168,862
1786314060210766863,874
1786314060216781997,882
1786314060222697376,888
1786314060226741303,889
1786314060231722562,888
1786314060237873104,882
1786314060242760468,874
1786314060247764752,864
1786314060252765244,850
1786314060258720557,834
1786314060263733571,818
1786314060269059216,798
1786314060273748471,778
1786314060279766485,756
1786314060284774373,734
1786314060290141796,710
1786314060295880292,686
1786314060301992096,661
1786314060305736170,638
1786314060310761930,614
1786314060316926164,590
1786314060322370850,567
1786314060326771424,546
1786314060331748780,526
1786314060337883930,506
1786314060342754417,489
1786314060347775133,473
1786314060352904189,460
1786314060358907727,449
1786314060363725709,440
1786314060369071029,434
1786314060373835694,429
1786314060379754876,426
1786314060384898728,426
1786314060389763856,427
1786314060394719266,430
1786314060401418441,433
1786314060405757089,439
1786314060411948169,445
1786314060416112397,452
1786314060421725284,459
1786314060426725366,467
1786314060431735820,475
1786314060437762617,482
1786314060442718725,489
1786314060447750612,496
1786314060453080976,503
1786314060457729852,509
1786314060463779670,514
1786314060469056302,520
1786314060473833092,524
1786314060478845303,526
1786314060484892391,528
1786314060489811648,530
1786314060494728694,530
1786314060500994450,531
1786314060505704878,530
1786314060510888233,530
1786314060515747991,528
1786314060521770006,526
1786314060527027538,523
1786314060531886869,520
1786314060537009093,515
1786314060542922642,512
1786314060547750913,508
1786314060553768194,503
1786314060558072135,498
1786314060563739116,493
1786314060568747976,489
1786314060573759260,484
1786314060578755104,479
1786314060584767874,473
1786314060589789114,468
1786314060595768398,462
1786314060599709886,457
1786314060605719708,452
1786314060610765964,448
1786314060615738505,444
1786314060621361401,440
1786314060626720379,436
1786314060631723363,433
1786314060637906574,430
1786314060641742817,427
1786314060647738886,424
1786314060654069847,421
1786314060657918135,418
1786314060662739972,416
1786314060670064305,413
1786314060673771227,411
1786314060678998847,409
1786314060684657972,408
1786314060689884960,406
1786314060694727774,405
1786314060699714611,403
1786314060705756552,401
1786314060710763864,400
1786314060715784511,399
1786314060720979810,398
1786314060726751339,398
1786314060731797155,398
1786314060736764780,397
1786314060741724730,398
1786314060747780848,399
1786314060752863937,399
1786314060757814049,400
1786314060763047826,401
1786314060768728828,401
1786314060773808366,402
1786314060778812965,402
1786314060784600749,403
1786314060789730847,403
1786314060794775269,403
1786314060799718882,403
1786314060805176465,404
1786314060810726281,405
1786314060815726416,407
1786314060821328536,409
1786314060825847505,410
1786314060831755924,411
1786314060838645714,413
1786314060841783313,414
1786314060846770827,415
1786314060853016410,416
1786314060858134027,418
1786314060862800635,419
1786314060868819574,420
1786314060873777779,421
1786314060878917033,422
1786314060883748055,423
1786314060890371086,424
1786314060894781412,425
1786314060899759183,425
1786314060904891539,425
1786314060910714569,425
1786314060915774791,425
1786314060921153372,425
1786314060925782235,424
1786314060931727760,424
1786314060937872123,423
1786314060941731406,422
1786314060946719332,421
1786314060952793969,420
1786314060957755804,419
1786314060962713782,417
1786314060967728084,416
1786314060975321279,415
1786314060978752345,413
1786314060983696181,411
1786314060988913603,409
1786314060995691947,407
1786314061000152313,406
1786314061006060268,405
1786314061010987376,403
1786314061015703658,401
1786314061021230758,399
1786314061025769328,398
1786314061030748337,396
1786314061037096914,395
1786314061041795166,394
1786314061047668618,394
1786314061053012917,394
1786314061058673379,395
1786314061062757295,397
1786314061070448222,400
1786314061073760211,405
1786314061078739388,410
1786314061084669413,418
1786314061088993422,428
1786314061094791033,440
1786314061099757633,453
1786314061105651440,470
1786314061109838802,488
1786314061115753121,510
1786314061122643231,532
1786314061125698286,556
1786314061131513830,582
1786314061137956933,608
1786314061142096969,633
1786314061146706250,660
1786314061151696646,685
1786314061158644606,708
1786314061162699758,729
1786314061167767784,750
1786314061172908951,767
1786314061178743704,783
1786314061185567670,795
1786314061190643319,805
1786314061193762965,813
1786314061199773177,817
1786314061204982044,819
1786314061211240698,817
1786314061215692915,812
1786314061222774498,805
1786314061225698248,796
1786314061231049738,785
1786314061236818975,772
1786314061241792643,758
1786314061246771678,741
1786314061255552327,724
1786314061257754223,704
1786314061262793279,684
1786314061267775119,664
1786314061272935523,642
1786314061278769623,620
1786314061283794428,599
1786314061288734431,577
1786314061295018216,556
1786314061299783004,535
1786314061305222554,517
1786314061309929510,499
1786314061314761833,484
1786314061322054082,470
1786314061325768339,457
1786314061330768298,446
1786314061335778008,437
1786314061341880166,430
1786314061346751269,426
1786314061351799466,423
1786314061356728574,423
1786314061363429655,423
1786314061367781809,426
1786314061372747010,430
1786314061377768275,435
1786314061383749231,440
1786314061389655915,447
1786314061393792937,454
1786314061398763348,461
1786314061405248217,468
1786314061409844556,476
1786314061415250321,484
1786314061421233303,491
1786314061426108574,498
1786314061430731999,505
1786314061435780836,510
1786314061441759759,515
1786314061446720605,519
1786314061451788958,523
1786314061456756542,525
1786314061463638055,526
1786314061467754945,528
1786314061472745336,528
1786314061477757380,528
1786314061483748295,526
1786314061489111108,524
1786314061493789547,522
1786314061498743906,519
1786314061505301056,515
1786314061509749035,511
1786314061514771478,507
1786314061520186077,502
1786314061526095993,497
1786314061531247995,492
1786314061535749495,486
1786314061540742947,481
1786314061546884652,476
1786314061551704568,471
1786314061558072527,465
1786314061561722585,461
1786314061567712490,457
1786314061573435449,453
1786314061577722746,449
1786314061582730092,446
1786314061589627138,443
1786314061594731663,440
1786314061599571266,437
1786314061605119226,435
1786314061609733189,433
1786314061614722826,431
1786314061619742022,429
1786314061625766990,427
1786314061630782306,426
1786314061635719312,425
1786314061640873093,423
1786314061646730856,422
1786314061651742143,421
1786314061656750632,419
1786314061661742712,418
1786314061667765076,417
1786314061672744168,416
1786314061677746198,415
1786314061682729599,413
1786314061689674607,412
1786314061693921179,412
1786314061700069863,411
1786314061703788624,410
1786314061709760031,411
1786314061714783428,411
1786314061720380567,411
1786314061725054340,412
1786314061730788704,412
1786314061736691409,412
1786314061743227526,412
1786314061745758797,412
1786314061751777197,412
1786314061756749073,412
1786314061761729651,412
1786314061767636532,413
1786314061772724567,414
1786314061777937617,415
1786314061782715936,416
1786314061789140289,417
1786314061793926279,419
1786314061798741223,420
1786314061804110487,422
1786314061809973936,423
1786314061814770961,424
1786314061819886568,425
1786314061824747257,426
1786314061830811807,426
1786314061835761450,427
1786314061840773873,427
1786314061845739631,426
1786314061851753058,426
1786314061856732430,426
1786314061861702778,426
1786314061866793972,426
1786314061872753965,426
1786314061877698293,426
1786314061882753645,427
1786314061888056832,426
1786314061893719734,425
1786314061899652051,424
1786314061903760487,423
1786314061908707369,421
1786314061914686264,420
1786314061919717288,419
1786314061924708751,418
1786314061929757653,417
1786314061935717252,415
1786314061940773093,414
1786314061945762674,413
1786314061950707193,414
1786314061956721195,414
1786314061961738557,415
1786314061966738690,417
1786314061972728113,421
1786314061977753434,426
1786314061982763483,433
1786314061988201152,441
1786314061993740112,452
1786314061999088685,465
1786314062004255948,481
1786314062008765057,500
1786314062014699030,520
1786314062020754989,543
1786314062026064582,569
1786314062029730783,594
1786314062035763243,622
1786314062040725973,650
1786314062045755338,678
1786314062051062634,706
1786314062056994998,734
1786314062061711838,759
1786314062066720683,784
1786314062072150248,806
1786314062077777451,825
1786314062082887219,842
1786314062088408093,856
1786314062094677564,867
1786314062098926449,874
1786314062103778739,879
1786314062108819077,882
1786314062113741044,882
1786314062119756525,879
1786314062124772978,873
1786314062129734821,865
1786314062134877854,854
1786314062140924931,843
1786314062145712654,827
1786314062150711804,812
1786314062156698874,793
1786314062162426600,774
1786314062166697930,754
1786314062172380326,733
1786314062177743515,712
1786314062182743778,690
1786314062188223601,668
1786314062192775243,645
1786314062198746819,622
1786314062203751328,599
1786314062208790542,579
1786314062214181795,558
1786314062219735661,539
1786314062224795411,521
1786314062229730650,506
1786314062234756405,493
1786314062240719832,481
1786314062246154203,471
1786314062250718786,464
1786314062255803211,458
1786314062261718207,454
1786314062266720711,451
1786314062271756012,451
1786314062276718411,452
1786314062282777805,455
1786314062288124910,459
1786314062292767739,463
1786314062297785697,469
1786314062304322262,476
1786314062308983624,483
1786314062314503120,490
1786314062319700328,497
1786314062324724414,505
1786314062329718515,513
1786314062334805745,520
1786314062340776564,526
1786314062345735574,533
1786314062350764518,539
1786314062355750484,544
1786314062361769079,548
1786314062366739793,551
1786314062372536072,554
1786314062376742826,555
1786314062382757826,556
1786314062388242350,557
1786314062392740191,557
1786314062397722929,555
1786314062403772238,553
1786314062408981185,550
1786314062413772950,547
1786314062418714890,543
1786314062424766956,538
1786314062430088087,534
1786314062434716360,529
1786314062439914796,524
1786314062445773982,519
1786314062450778835,514
1786314062456299216,509
1786314062460740372,503
1786314062466764544,497
1786314062471768772,491
1786314062476740405,485
1786314062481734925,479
1786314062488060068,474
1786314062492785679,469
1786314062498301681,464
1786314062504113275,461
1786314062509578684,456
1786314062513705697,452
1786314062518706170,448
1786314062524718962,444
1786314062529712771,441
1786314062534705331,439
1786314062539789128,436
1786314062545965406,433
1786314062550728248,431
1786314062556179104,429
1786314062560772341,426
1786314062566712386,424
1786314062572308153,423
1786314062576768361,421
1786314062582744919,420
1786314062587870244,420
1786314062592940319,419
1786314062597766890,419
1786314062602797184,418
1786314062608744665,418
1786314062613712763,419
1786314062618753129,419
1786314062623747397,419
1786314062629738385,420
1786314062634712577,420
1786314062639770761,420
1786314062649173121,420
1786314062650681967,421
1786314062655724196,420
1786314062660721789,420
1786314062665723184,420
1786314062671711225,420
1786314062676703380,421
1786314062681733311,421
1786314062687717672,422
1786314062693287781,423
1786314062697993094,423
1786314062702736475,424
1786314062708735142,426
1786314062713775225,427
1786314062718729122,429
1786314062723735429,431
1786314062729700301,433
1786314062734720669,434
1786314062739735868,436
1786314062744715546,437
1786314062750849395,438
1786314062755738811,438
1786314062760782505,439
1786314062765718087,439
1786314062771714431,440
1786314062776714206,440
1786314062781701277,441
1786314062787273768,441
1786314062792725323,440
1786314062797729411,439
1786314062802764906,438
1786314062807761994,437
1786314062813765733,436
1786314062818733389,435
1786314062823703713,433
1786314062828742021,431
1786314062834711691,430
1786314062839740218,428
1786314062844724498,426
1786314062849838907,425
1786314062855806129,423
1786314062860789645,422
1786314062865761895,421
1786314062872235107,420
1786314062876790513,419
1786314062881796394,420
1786314062886802728,421
1786314062892760974,423
1786314062898130525,428
1786314062902726706,435
1786314062907781123,444
1786314062913815607,455
1786314062918767227,468
1786314062923751738,485
1786314062929099646,504
1786314062934751366,526
1786314062940050442,551
1786314062945053892,577
1786314062949881112,605
1786314062956038467,633
1786314062960940294,662
1786314062965846232,692
1786314062970724122,720
1786314062976728520,747
1786314062981756750,774
1786314062987906507,799
1786314062991708179,821
1786314062997885300,841
1786314063003024492,858
1786314063008064154,872
1786314063013167651,883
1786314063019146244,890
1786314063024242488,895
1786314063028738463,897
1786314063033905813,896
1786314063039842487,892
1786314063045266525,885
1786314063049710649,876
1786314063055992075,865
1786314063060715967,851
1786314063065725558,836
1786314063071782215,820
1786314063076820073,802
1786314063081937161,782
1786314063086771875,762
1786314063091709354,740
1786314063098227646,718
1786314063102777915,695
1786314063107747142,672
1786314063112767242,649
1786314063118773829,626
1786314063123739978,604
1786314063128764511,583
1786314063134819785,563
1786314063139788349,545
1786314063144769295,528
1786314063149762360,514
1786314063154765609,500
1786314063160964565,489
1786314063165672776,479
1786314063170771102,473
1786314063176660416,468
1786314063182217002,465
1786314063186762415,463
1786314063192492075,464
1786314063198192713,465
1786314063204704160,468
1786314063208067319,472
1786314063212842977,476
1786314063217762062,481
1786314063224344666,486
1786314063229311364,493
1786314063233832897,500
1786314063240918241,506
1786314063245556038,513
1786314063249856110,521
1786314063254744692,527
1786314063261253810,534
1786314063265722383,539
1786314063271107910,544
1786314063275843973,548
1786314063281808624,552
1786314063286754103,555
1786314063291815632,556
1786314063296829083,557
1786314063304300028,557
1786314063308374220,557
1786314063313195727,555
1786314063318612736,553
1786314063324561176,550
1786314063328714359,548
1786314063333697447,544
1786314063339282604,540
1786314063344725358,535
1786314063349746013,531
1786314063355211313,525
1786314063359714641,520
1786314063365728285,515
1786314063371030914,510
1786314063375741157,504
1786314063380730425,498
1786314063386747359,493
1786314063391772122,487
1786314063396718104,481
1786314063402622158,476
1786314063407777162,471
1786314063412723993,466
1786314063417713027,462
1786314063423737925,457
1786314063428760795,453
1786314063433718565,449
1786314063438863361,445
1786314063444707686,441
1786314063449698981,437
1786314063454737634,434
1786314063459773016,430
1786314063465790960,426
1786314063471254891,424
1786314063475760018,421
1786314063480715980,419
1786314063486743961,417
1786314063492117562,415
1786314063497386581,414
1786314063501735228,413
1786314063507782700,412
1786314063512700302,411
1786314063517700252,410
1786314063523281118,410
1786314063528748035,409
1786314063533846857,409
1786314063538841153,409
1786314063544170217,410
1786314063549752524,411
1786314063554797163,412
1786314063559805966,413
1786314063565622566,414
1786314063570746069,415
1786314063575981540,416
1786314063581282196,417
1786314063585729081,418
1786314063591880822,420
1786314063596751679,420
1786314063601794386,421
1786314063608278630,423
1786314063612901356,424
1786314063617900716,425
1786314063623415643,426
1786314063628691703,427
1786314063633746264,429
1786314063638774878,430
1786314063645563107,431
1786314063649875744,432
1786314063655051099,433
1786314063659763925,434
1786314063664781687,434
1786314063670772357,436
1786314063676023074,436
1786314063680846708,436
1786314063685709562,437
1786314063692438909,437
1786314063697667264,436
1786314063701714445,436
1786314063708224551,436
1786314063712716632,434
1786314063717889109,433
1786314063723759844,431
1786314063727779330,430
1786314063733739851,429
1786314063740028180,428
1786314063743762473,426
1786314063748737228,424
1786314063754731915,423
1786314063759753451,421
1786314063764754254,420
1786314063769754633,419
1786314063776155195,418
1786314063780886975,417
1786314063785766515,416
1786314063791775342,416
1786314063796769832,415
1786314063801754797,414
1786314063807607193,414
1786314063812846509,415
1786314063817758509,416
1786314063822748686,420
1786314063828166335,425
1786314063833707683,432
1786314063841005447,441
1786314063843740817,452
1786314063848770190,465
1786314063855060181,482
1786314063859701122,501
1786314063864724012,521
1786314063869762582,546
1786314063875756531,571
1786314063880770756,598
1786314063886349253,626
1786314063890731128,654
1786314063896757019,682
1786314063901775887,709
1786314063907068372,737
1786314063911745750,763
1786314063917761160,788
1786314063923040425,810
1786314063927704147,829
1786314063932728986,846
1786314063938811708,860
1786314063943721865,870
1786314063948751610,878
1786314063953885863,882
1786314063959737580,883
1786314063964757894,882
1786314063969746078,878
1786314063975811766,871
1786314063980695194,862
1786314063985682513,850
1786314063991111804,837
1786314063996697429,822
1786314064001740588,804
1786314064007199623,785
1786314064011697275,766
1786314064017747114,744
1786314064024700862,721
1786314064027716939,698
1786314064032708728,674
1786314064038992710,650
1786314064043771535,625
1786314064048790988,602
1786314064053769868,579
1786314064059868048,557
1786314064064754045,536
1786314064069717680,518
1786314064074718874,500
1786314064080954277,485
1786314064085706950,471
1786314064090918498,460
1786314064095989677,451
1786314064101671673,444
1786314064107066717,439
1786314064111740916,436
1786314064116708533,434
1786314064122708062,434
1786314064127712375,436
1786314064132702239,439
1786314064138148325,444
1786314064143720727,449
1786314064148708086,455
1786314064154600556,461
1786314064159795951,467
1786314064165107437,474
1786314064169737365,481
1786314064174728629,488
1786314064180702099,495
1786314064185741657,501
1786314064190993756,507
1786314064195825486,513
1786314064201707063,517
1786314064207269051,522
1786314064211931377,525
1786314064216686653,527
1786314064223232582,530
1786314064227754294,531
1786314064232746949,532
1786314064237737193,532
1786314064243785307,530
1786314064248718818,528
1786314064253723359,526
1786314064258719167,522
1786314064264707267,519
1786314064269709593,515
1786314064274748632,511
1786314064279728851,507
1786314064285709885,502
1786314064290931682,497
1786314064295700056,491
1786314064300724708,486
1786314064306713257,480
1786314064311797802,475
1786314064316692271,469
1786314064322071426,464
1786314064327718973,458
1786314064332707552,454
1786314064337732496,449
1786314064343742248,444
1786314064348696758,439
1786314064353735358,435
1786314064358740483,431
1786314064365156868,428
1786314064369713921,425
1786314064374751171,421
1786314064379747439,418
1786314064385721478,415
1786314064391661651,413
1786314064395764278,411
1786314064400718182,409
1786314064406739959,407
1786314064413419985,406
1786314064416770137,405
1786314064422035822,404
1786314064427746618,403
1786314064432692777,403
1786314064437729945,402
1786314064442776290,400
1786314064448693141,400
1786314064453661639,400
1786314064458748173,399
1786314064463668102,399
1786314064469695139,398
1786314064474757613,398
1786314064479676396,397
1786314064484668125,397
1786314064490978937,398
1786314064495697042,398
1786314064500677994,398
1786314064506637913,399
1786314064511696888,399
1786314064516668349,400
1786314064521814658,402
1786314064527744684,404
1786314064532698897,405
1786314064537721565,407
1786314064542747488,409
1786314064548702402,411
1786314064553728348,413
1786314064558760359,415
1786314064563715012,417
1786314064569711953,418
1786314064575001680,419
1786314064579700011,420
1786314064584721132,422
1786314064590741872,423
1786314064595709641,424
1786314064600744468,424
1786314064605738248,425
1786314064611748111,426
1786314064616924003,427
1786314064621933283,427
1786314064626740974,427
1786314064632723931,426
1786314064637767109,426
1786314064642751952,425
1786314064647749122,425
1786314064655102829,424
1786314064658749941,423
1786314064663684624,422
1786314064668693894,421
1786314064675362146,420
1786314064679740262,418
1786314064684688663,417
1786314064689801846,416
1786314064696155931,414
1786314064700751402,413
1786314064705686021,412
1786314064711708332,411
1786314064716737971,409
1786314064721769132,409
1786314064726690470,408
1786314064732675230,409
1786314064737702890,409
1786314064742699721,411
1786314064747681024,414
1786314064753689526,417
1786314064758727255,422
1786314064763692862,429
1786314064768713616,437
1786314064774769649,449
1786314064779689410,462
1786314064784681657,479
1786314064789723340,498
1786314064795736266,519
1786314064800748936,542
1786314064805791891,567
1786314064810723976,593
1786314064816692426,620
1786314064821725269,647
1786314064826716396,674
1786314064831650494,701
1786314064837695351,726
1786314064842785291,749
1786314064847698149,772
1786314064852686023,792
1786314064858688089,810
1786314064863717793,825
1786314064868674880,838
1786314064873826011,847
1786314064879730468,852
1786314064884723562,856
1786314064890337938,856
1786314064895740655,853
1786314064900739305,848
1786314064905735676,840
1786314064910990204,831
1786314064916768901,819
1786314064921916334,804
1786314064926764203,788
1786314064931918906,771
1786314064937767727,752
1786314064942952343,731
1786314064947751624,711
1786314064952732938,688
1786314064958766559,664
1786314064963755861,640
1786314064968776414,616
1786314064973751068,594
1786314064979707670,570
1786314064984743975,549
1786314064989789305,529
1786314064994897033,509
1786314065000744573,492
1786314065005741525,477
1786314065010751614,464
1786314065015733769,452
1786314065023897811,443
1786314065026752798,436
1786314065034904433,431
1786314065036807840,428
1786314065043234590,428
1786314065047724585,428
1786314065052714479,431
1786314065057757561,435
1786314065063725418,440
1786314065068739898,447
1786314065073763867,454
1786314065079741105,461
1786314065084738796,469
1786314065089721530,479
1786314065094717118,487
1786314065100712653,495
1786314065105924873,502
1786314065110708683,509
1786314065115715681,515
1786314065121728502,521
1786314065126732631,526
1786314065131745198,531
1786314065136731127,536
1786314065142768560,538
1786314065147742911,541
1786314065152718954,541
1786314065157743019,541
1786314065163707428,541
1786314065168696333,541
1786314065173748888,539
1786314065178737598,536
1786314065184715337,533
1786314065190293140,529
1786314065194775237,525
1786314065199747241,520
1786314065205742463,515
1786314065210742660,511
1786314065215676258,505
1786314065220728992,500
1786314065226710996,494
1786314065231790847,489
1786314065237728274,484
1786314065241815829,478
1786314065248129030,473
1786314065252770314,467
1786314065257780258,462
1786314065263712449,457
1786314065268713001,453
1786314065274865336,449
1786314065278705457,445
1786314065284708723,441
1786314065290042325,438
1786314065294697845,435
1786314065299774695,432
1786314065305730458,431
1786314065310734517,429
1786314065315703668,427
1786314065320717982,424
1786314065326821158,422
1786314065331883097,419
1786314065336764724,417
1786314065342687601,415
1786314065347710089,414
1786314065352716097,413
1786314065357817405,411
1786314065362781896,410
1786314065368689158,410
1786314065373725071,409
1786314065379112273,410
1786314065383728365,410
1786314065389819196,410
1786314065394703781,412
1786314065399721218,413
1786314065404715478,415
1786314065411113756,417
1786314065415733387,418
1786314065420724313,420
1786314065426706433,422
1786314065431834700,424
1786314065436748370,426
1786314065442616402,428
1786314065448391785,430
1786314065452764858,431
1786314065458193646,432
1786314065462701676,432
1786314065468759838,433
1786314065474642490,434
1786314065478759973,434
1786314065483730973,433
1786314065489748973,434
1786314065494743748,434
1786314065499762732,434
1786314065504733116,434
1786314065510696491,433
1786314065515725909,432
1786314065520737420,432
1786314065525755713,432
1786314065531770959,431
1786314065536747224,431
1786314065541979854,431
1786314065546924205,429
1786314065552716733,429
1786314065558231985,428
1786314065562696132,427
1786314065567692085,426
1786314065573746254,424
1786314065578706248,423
1786314065583697910,422
1786314065588743383,421
1786314065594698297,420
1786314065599692746,419
1786314065604694016,420
1786314065609744813,420
1786314065616004782,419
1786314065620721718,420
1786314065625702185,421
1786314065631983189,424
1786314065636697698,425
1786314065642110844,430
1786314065646701868,437
1786314065652711288,444
1786314065658185410,454
1786314065662704400,467
1786314065667684049,482
1786314065676733107,498
1786314065679669213,517
1786314065683762115,538
1786314065688741660,561
1786314065694962029,585
1786314065699724409,609
1786314065704729455,635
1786314065709698586,661
1786314065715733520,686
1786314065722016209,710
1786314065725736472,734
1786314065731089497,756
1786314065736690481,776
1786314065741730057,795
1786314065747233119,811
1786314065751675647,824
1786314065758143288,833
1786314065762698362,840
1786314065767747895,845
1786314065773178916,846
1786314065778700979,844
1786314065783708113,839
1786314065788862780,833
1786314065793732290,824
1786314065799722145,812
1786314065804693663,799
1786314065809765832,783
1786314065815711777,765
1786314065820723094,745
1786314065825786452,724
1786314065830739100,702
1786314065836750406,678
1786314065842000009,655
1786314065846751800,631
1786314065851746934,606
1786314065857703472,583
1786314065862694455,560
1786314065867712436,538
1786314065872759957,517
1786314065878836965,497
1786314065883719281,479
1786314065888793437,464
1786314065893738795,451
1786314065899719686,439
1786314065904695573,430
1786314065909695068,424
1786314065914728406,420
1786314065920725669,418
1786314065925834202,418
1786314065930752098,420
1786314065935706077,423
1786314065941741416,428
1786314065946707469,434
1786314065951711095,440
1786314065957191072,448
1786314065962684495,456
1786314065967695833,464
1786314065973083005,472
1786314065978620334,480
1786314065983693460,488
1786314065991002286,496
1786314065993960676,503
1786314065999708496,510
1786314066004731960,517
1786314066010081858,522
1786314066014768368,527
1786314066020725451,530
1786314066025770226,533
1786314066030671291,535
1786314066035702761,536
1786314066041755771,536
1786314066046889838,535
1786314066051710714,532
1786314066057189326,531
1786314066062695844,527
1786314066067678546,524
1786314066073137498,520
1786314066077731465,517
1786314066083701516,513
1786314066088959722,509
1786314066093762268,504
1786314066098730468,499
1786314066104700660,495
1786314066110086262,489
1786314066114751727,484
1786314066119790156,480
1786314066125737477,476
1786314066130893772,471
1786314066135724627,465
1786314066141406777,461
1786314066146708808,457
1786314066151695740,452
1786314066157130947,447
1786314066162633763,443
1786314066167744816,438
1786314066172758149,435
1786314066177967328,431
1786314066183713909,428
1786314066190871051,426
1786314066193705637,423
1786314066198728937,421
1786314066204701479,419
1786314066209742530,418
1786314066214702044,416
1786314066219923786,415
1786314066225869027,414
1786314066230752666,414
1786314066235751693,413
1786314066241528548,413
1786314066246701793,412
1786314066251668504,412
1786314066256705202,411
1786314066261701980,411
1786314066267711929,411
1786314066274110329,412
1786314066277703831,412
1786314066282707376,414
1786314066288995406,415
1786314066293701551,416
1786314066298706037,417
1786314066303752174,418
1786314066309863141,418
1786314066314772589,419
1786314066319742193,419
1786314066324723386,420
1786314066330693831,421
1786314066335704277,422
1786314066340733772,423
1786314066345711797,425
1786314066351713998,426
1786314066356830489,428
1786314066361772351,429
1786314066367750508,429
1786314066372769483,430
1786314066377731059,430
1786314066382704782,430
1786314066389195509,431
1786314066394364014,431
1786314066398756982,431
1786314066403848949,431
1786314066410175388,431
1786314066414688358,430
1786314066419715294,430
1786314066425034009,430
1786314066430698754,429
1786314066435685703,428
1786314066440712125,427
1786314066445699114,426
1786314066451707271,426
1786314066457142779,424
1786314066461985613,424
1786314066466740491,424
1786314066473129749,423
1786314066478051933,424
1786314066482735465,424
1786314066487706453,427
1786314066493758810,429
1786314066498768045,433
1786314066503692424,439
1786314066508734818,447
1786314066514738851,457
1786314066519738119,470
1786314066524718763,487
1786314066531025049,506
1786314066535707213,527
1786314066541370016,552
1786314066545734573,579
1786314066551755721,607
1786314066557012526,638
1786314066561698813,668
1786314066566709440,699
1786314066572728073,729
1786314066577670686,759
1786314066582701362,787
1786314066587749637,815
1786314066594126508,840
1786314066598760104,863
1786314066603698468,883
1786314066608754258,900
1786314066614719947,914
1786314066619702892,924
1786314066624737101,931
1786314066629694720,935
1786314066635688195,935
1786314066640679056,932
1786314066645698479,925
1786314066650710951,916
1786314066656706493,905
1786314066661731484,891
1786314066666749570,876
1786314066672106782,858
1786314066677726190,839
1786314066682722883,819
1786314066687718484,798
1786314066692732348,776
1786314066698731174,753
1786314066703692959,730
1786314066708734609,706
1786314066714637492,681
1786314066719714544,655
1786314066724753472,631
1786314066731458848,607
1786314066735737454,584
1786314066740768841,562
1786314066746052569,543
1786314066750729996,526
1786314066757228939,509
1786314066761735430,495
1786314066766731757,484
1786314066772242973,475
1786314066777688664,467
1786314066782693729,462
1786314066787700717,459
1786314066792706771,458
1786314066799276332,457
1786314066803711582,459
1786314066809044671,462
1786314066813700787,467
1786314066819717582,472
1786314066824747188,479
1786314066829737475,486
1786314066834737672,495
1786314066840722331,502
1786314066846614585,510
1786314066850732000,518
1786314066855775953,525
1786314066861729261,531
1786314066866729785,538
1786314066871802800,543
1786314066876705536,547
1786314066882711967,551
1786314066887768724,555
1786314066892760856,556
1786314066898730100,557
1786314066903782154,558
1786314066908702040,557
1786314066913715657,556
1786314066919748323,554
1786314066924707310,551
1786314066929719513,548
1786314066934736483,544
1786314066940731934,540
1786314066946123965,535
1786314066950733834,529
1786314066956176928,524
1786314066961812476,517
1786314066966697316,512
1786314066972042155,506
1786314066976727920,499
1786314066982715611,494
1786314066987809249,488
1786314066992764704,482
1786314066997759595,476
1786314067003729070,471
1786314067008844126,465
1786314067013936713,460
1786314067018707250,454
1786314067025899751,449
1786314067029732311,445
1786314067034739532,441
1786314067040973018,436
1786314067045708443,433
1786314067050713541,431
1786314067055760172,428
1786314067060715848,426
1786314067066713075,424
1786314067072663260,421
1786314067076842000,419
1786314067081710396,418
1786314067087788158,416
1786314067092706052,415
1786314067097985336,415
1786314067103789734,414
1786314067108731186,414
1786314067115279072,413
1786314067118729404,413
1786314067124747606,413
1786314067130262077,413
1786314067134890239,412
1786314067140801964,412
1786314067146561209,413
1786314067150717720,413
1786314067155987369,414
1786314067161426407,415
1786314067166781852,416
1786314067171987476,417
1786314067176708049,418
1786314067181869799,419
1786314067187867323,420
1786314067192761568,421
1786314067199543289,421
1786314067207038314,421
1786314067208849976,422
1786314067215601784,423
1786314067220703711,424
1786314067223974285,425
1786314067229856850,426
1786314067234760179,427
1786314067240922954,429
1786314067244794819,430
1786314067250762934,431
1786314067255848398,431
1786314067260723910,431
1786314067266742247,430
1786314067272083810,430
1786314067276941330,430
1786314067282065869,430
1786314067288167676,430
1786314067292839209,430
1786314067298056767,429
1786314067302702463,429
1786314067308702549,429
1786314067313798575,428
1786314067320083131,428
1786314067326423443,427
1786314067330350048,427
1786314067334969527,426
1786314067339751178,425
1786314067344697570,424
1786314067350677716,424
1786314067355680094,423
1786314067360716395,422
1786314067366000785,421
1786314067371726838,420
1786314067376737339,419
1786314067382035588,420
1786314067386718053,420
1786314067393399366,423
1786314067400052781,426
1786314067402697078,432
1786314067407745493,439
1786314067413747221,449
1786314067418764257,462
1786314067423717082,479
1786314067428711916,499
1786314067434733722,522
1786314067439740396,547
1786314067444686322,575
1786314067449975492,604
1786314067455925889,635
1786314067460712445,666
1786314067465999355,698
1786314067471716927,730
1786314067476689111,760
1786314067482069699,791
1786314067486750773,819
1786314067492774314,845
1786314067497752426,869
1786314067502735382,890
1786314067507695263,908
1786314067514080889,922
1786314067518754913,933
1786314067523703921,940
1786314067528710476,945
1786314067534735226,946
1786314067539752016,943
1786314067544697386,938
1786314067549765113,930
1786314067556549882,919
1786314067560775898,907
1786314067565754876,893
1786314067570877197,876
1786314067576706881,857
1786314067581741430,836
1786314067586756399,815
1786314067591721473,792
1786314067597739307,767
1786314067602763192,743
1786314067607772811,718
1786314067612847007,693
1786314067618749679,666
1786314067623764159,640
1786314067628720495,616
1786314067634653306,592
1786314067639700025,569
1786314067644704820,549
1786314067649715603,530
1786314067655692221,513
1786314067660755840,499
1786314067665750844,486
1786314067670780207,475
1786314067676772474,467
1786314067681758060,462
1786314067686767217,459
1786314067691759729,457
1786314067697718636,458
1786314067704673208,460
1786314067707722102,463
1786314067712880709,467
1786314067718751902,473
1786314067723711435,479
1786314067728726353,486
1786314067733715880,493
1786314067739706545,500
1786314067744705741,507
1786314067749699376,514
1786314067754744737,520
1786314067760703553,527
1786314067765991876,533
1786314067770723918,538
1786314067775712568,543
1786314067781768100,548
1786314067786728389,551
1786314067791703591,553
1786314067796699372,554
1786314067802704797,555
1786314067807739621,555
1786314067812689240,554
1786314067818747001,552
1786314067823784301,549
1786314067828748158,546
1786314067833691058,543
1786314067839746011,538
1786314067844704564,534
1786314067849753204,529
1786314067854706509,523
1786314067863025405,517
1786314067865845262,512
1786314067870750164,506
1786314067875736794,500
1786314067881983125,494
1786314067886718544,488
1786314067891763388,482
1786314067896729276,476
1786314067902724954,471
1786314067907665026,466
1786314067912702161,460
1786314067918258451,454
1786314067923712292,449
1786314067928696318,444
1786314067933711385,439
1786314067938707849,434
1786314067944699817,430
1786314067949752858,426
1786314067954734487,422
1786314067959711483,419
1786314067965772697,416
1786314067970739962,412
1786314067975747486,410
1786314067981545838,408
1786314067986773008,406
1786314067991749572,403
1786314067997665821,401
1786314068003035075,400
1786314068007781309,400
1786314068012762948,399
1786314068018648369,398
1786314068023754967,397
1786314068028750693,397
1786314068034677378,397
1786314068038711593,397
1786314068044707252,397
1786314068049722342,398
1786314068054710619,398
1786314068059730703,399
1786314068065733366,400
1786314068070750902,401
1786314068075739616,403
1786314068080724893,404
1786314068086698575,405
1786314068091723350,407
1786314068096710691,407
1786314068101747624,408
1786314068107822949,409
1786314068112726494,410
1786314068117855114,411
1786314068122747522,412
1786314068128772827,413
1786314068134219478,414
1786314068138733565,414
1786314068143699100,416
1786314068149809066,416
1786314068154779722,416
1786314068159785549,417
1786314068166842090,417
1786314068170791258,416
1786314068175785148,416
1786314068180812210,416
1786314068191275010,416
1786314068191798149,416
1786314068196815331,416
1786314068202395018,415
1786314068207778546,415
1786314068212714327,415
1786314068218672586,415
1786314068222794151,415
1786314068228743326,414
1786314068233828196,414
1786314068238683466,413
1786314068243691142,413
1786314068249740848,412
1786314068254964340,411
1786314068259674956,411
1786314068264774097,411
1786314068270829246,411
1786314068275693480,410
1786314068280707901,409
1786314068285733750,409
1786314068292060584,409
1786314068296736959,409
1786314068301738534,409
1786314068306733733,409
1786314068312719326,408
1786314068317741558,408
1786314068322731590,408
1786314068327732878,409
1786314068333754188,409
1786314068338724884,408
1786314068343687588,408
1786314068349665422,408
1786314068354762456,408
1786314068359698505,407
1786314068364741108,405
1786314068371320374,405
1786314068375741501,403
1786314068380739590,402
1786314068387459031,401
1786314068391744224,400
1786314068396756944,397
1786314068402527537,396
1786314068406733563,394
1786314068412735858,392
1786314068417753819,390
1786314068422710336,389
1786314068427706725,387
1786314068433676981,385
1786314068438734598,383
1786314068443663560,383
1786314068448704739,382
1786314068454715995,381
1786314068459732423,382
1786314068464704018,384
1786314068469742172,387
1786314068475757292,392
1786314068480707650,399
1786314068485732580,408
1786314068490719547,421
1786314068496732829,436
1786314068501700373,454
1786314068506808140,476
1786314068511700477,501
1786314068517715592,529
1786314068522715203,560
1786314068527694413,593
1786314068533711317,627
1786314068538736539,662
1786314068543711428,698
1786314068548732756,734
1786314068554778365,769
1786314068559708316,803
1786314068564682398,835
1786314068569770283,864
1786314068575710465,891
1786314068580752894,914
1786314068585766208,935
1786314068590758028,951
1786314068596744267,963
1786314068601687653,970
1786314068607099819,972
1786314068611755868,972
1786314068617758262,972
1786314068622724739,966
1786314068627742977,957
1786314068632857044,945
1786314068638867785,930
1786314068644066406,914
1786314068648717441,895
1786314068654811260,874
1786314068659826796,852
1786314068665279149,829
1786314068670992002,804
1786314068674892344,778
1786314068681686699,752
1786314068686695683,726
1786314068691726195,699
1786314068695847653,672
1786314068701855841,646
1786314068706813411,621
1786314068711825055,596
1786314068717875072,572
1786314068722869845,551
1786314068727826636,531
1786314068732756926,513
1786314068739301304,498
1786314068743958003,484
1786314068748718008,475
1786314068753681218,466
1786314068759763913,460
1786314068764724168,456
1786314068769744595,455
1786314068774763816,455
1786314068780732933,456
1786314068785795793,459
1786314068790697183,463
1786314068795686390,469
1786314068801738721,475
1786314068806726753,481
1786314068811688851,489
1786314068817585358,496
1786314068822684094,503
1786314068827692255,511
1786314068832678048,518
1786314068837723388,525
1786314068843772516,531
1786314068848765482,537
1786314068853733073,542
1786314068858698620,547
1786314068864670625,550
1786314068869713023,553
1786314068874774310,554
1786314068879716143,556
1786314068885697204,556
1786314068890706697,555
1786314068895688123,553
1786314068901770750,551
1786314068906794990,548
1786314068911754711,543
1786314068916752119,539
1786314068922736081,534
1786314068927729951,529
1786314068932685416,523
1786314068937790490,518
1786314068943906295,512
1786314068948712405,505
1786314068954006421,499
1786314068958708964,492
1786314068964701289,486
1786314068969691782,481
1786314068974716862,475
1786314068979704481,469
1786314068985723864,463
1786314068990743230,458
1786314068995988319,453
1786314069000742149,449
1786314069007357056,443
1786314069011717924,439
1786314069016729761,434
1786314069021962517,430
1786314069027839630,426
1786314069032749890,422
1786314069037819313,419
1786314069042759555,416
1786314069048743959,413
1786314069053813510,411
1786314069058745205,408
1786314069063778703,406
1786314069069786212,404
1786314069074806915,401
1786314069079732899,399
1786314069085711346,398
1786314069090703556,397
1786314069095815768,396
1786314069100678426,395
1786314069106702756,394
1786314069111668976,393
1786314069116887127,392
1786314069121675472,392
1786314069128241486,392
1786314069132766108,392
1786314069137806048,392
1786314069142727706,393
1786314069148718399,394
1786314069154193020,395
1786314069158746132,396
1786314069166800512,397
1786314069169762982,398
1786314069174710094,400
1786314069179737816,401
1786314069185441382,403
1786314069190729494,404
1786314069195764977,405
1786314069201077845,407
1786314069205714917,408
1786314069211687111,408
1786314069216740505,408
1786314069222649408,409
1786314069226739444,410
1786314069232745673,410
1786314069237829274,410
1786314069242751343,411
1786314069248651961,412
1786314069253742807,412
1786314069258774331,413
1786314069263720606,414
1786314069269811253,415
1786314069274759259,415
1786314069279817208,415
1786314069284728956,415
1786314069290983545,416
1786314069295709199,415
1786314069301126111,415
1786314069305874991,415
1786314069311672857,415
1786314069316783373,416
1786314069322293867,415
1786314069326909728,416
1786314069332962049,416
1786314069338213864,417
1786314069343008021,417
1786314069347756549,417
1786314069354137902,417
1786314069358959270,416
1786314069364058823,416
1786314069368900888,415
1786314069374709161,414
1786314069379687855,412
1786314069385038576,411
1786314069389987469,410
1786314069396706700,408
1786314069400714686,408
1786314069406208967,407
1786314069411133394,406
1786314069417630951,405
1786314069421720455,405
1786314069426758115,405
1786314069432683040,404
1786314069437707774,403
1786314069442717945,403
1786314069447726525,403
1786314069453737639,402
1786314069458673309,402
1786314069463746099,402
1786314069469545797,402
1786314069474705957,400
1786314069479707949,400
1786314069484731060,399
1786314069489696074,398
1786314069495690768,397
1786314069500680641,396
1786314069505698451,396
1786314069510723565,395
1786314069516789465,393
1786314069521738883,392
1786314069526741059,391
1786314069531735263,390
1786314069537745940,388
1786314069542716150,388
1786314069547703956,388
1786314069552679730,388
1786314069558721710,389
1786314069563774961,390
1786314069568708811,392
1786314069573764787,395
1786314069579712490,399
1786314069584762361,404
1786314069589975304,412
1786314069594769631,422
1786314069600822883,435
1786314069605770569,450
1786314069610718410,469
1786314069616940947,490
1786314069621671324,514
1786314069626673828,541
1786314069631669924,570
1786314069637730141,600
1786314069642737717,631
1786314069647757720,664
1786314069652712183,697
1786314069658844914,728
1786314069663745148,760
1786314069668767609,789
1786314069673765872,816
1786314069679776584,841
1786314069684727694,863
1786314069689699852,881
1786314069694735681,897
1786314069700743977,910
1786314069705822381,918
1786314069710796502,922
1786314069715712241,923
1786314069721699819,921
1786314069726673450,916
1786314069731672284,907
1786314069736766062,896
1786314069742678591,881
1786314069747702185,865
1786314069753704293,847
1786314069757683272,827
1786314069764066001,805
1786314069768683100,782
1786314069773719593,757
1786314069778721499,732
1786314069784690513,708
1786314069789708650,682
1786314069794690280,656
1786314069801105995,630
1786314069805746742,606
1786314069810806498,582
1786314069815779338,559
1786314069825696618,538
1786314069826885921,518
1786314069831715902,501
1786314069837192181,486
1786314069843197910,473
1786314069847724978,462
1786314069852877665,454
1786314069857863932,448
1786314069863681280,444
1786314069868696840,443
1786314069873676564,444
1786314069878722151,445
1786314069884738194,449
1786314069889675536,453
1786314069894739917,458
1786314069899784466,464
1786314069905832535,472
1786314069910780378,480
1786314069915771706,488
1786314069920923183,496
1786314069926759378,504
1786314069932314401,512
1786314069936981658,519
1786314069942518243,525
1786314069947790279,531
1786314069953483159,536
1786314069957699606,540
1786314069962764980,545
1786314069969069224,548
1786314069973690726,549
1786314069979121044,550
1786314069985182860,550
1786314069989735200,548
1786314069995250301,546
1786314069999762451,543
1786314070006641915,539
1786314070011212077,534
1786314070015684490,530
1786314070020720815,525
1786314070027090749,521
1786314070031734604,515
1786314070037247553,509
1786314070042067202,504
1786314070047739791,499
1786314070052723166,493
1786314070057710182,487
1786314070062759604,481
1786314070069599356,475
1786314070073748800,469
1786314070078689014,464
1786314070083784146,458
1786314070089694293,455
1786314070094725002,451
1786314070099781836,448
1786314070104763454,445
1786314070110760902,442
1786314070115773818,438
1786314070121177346,435
1786314070125698640,433
1786314070131690691,430
1786314070136735340,427
1786314070141687220,424
1786314070150733844,422
1786314070152707081,420
1786314070157726784,418
1786314070162749731,416
1786314070168722017,414
1786314070173761067,411
1786314070178807549,409
1786314070183812187,408
1786314070189726352,406
1786314070194753088,405
1786314070199729343,404
1786314070204802598,404
1786314070210685867,403
1786314070215732322,402
1786314070220753636,402
1786314070225729775,402
1786314070231761388,401
1786314070236735397,400
1786314070241743042,401
1786314070246757207,402
1786314070252684930,403
1786314070257677423,404
1786314070262733281,405
1786314070268678856,405
1786314070273744621,406
1786314070278707271,406
1786314070283756725,407
1786314070288813707,407
1786314070294765884,408
1786314070299716480,408
1786314070305367283,409
1786314070309791137,409
1786314070315713507,409
1786314070320937681,408
1786314070325753647,408
1786314070330755257,407
1786314070336771909,407
1786314070341762494,408
1786314070346729473,408
1786314070352614960,409
1786314070357729120,411
1786314070362685181,411
1786314070367793130,412
1786314070373680567,414
1786314070378747445,415
1786314070383745393,416
1786314070388693915,417
1786314070394783975,418
1786314070399749277,418
1786314070404688432,419
1786314070409692663,419
1786314070416173905,419
1786314070420743830,419
1786314070425770790,419
1786314070430758002,419
1786314070436713792,418
1786314070441731981,418
1786314070446725070,418
1786314070452013477,419
1786314070457721649,419
1786314070462726596,419
1786314070467800629,419
1786314070472683952,417
1786314070478824446,417
1786314070483721549,416
1786314070488773242,415
1786314070493729200,413
1786314070499724375,411
1786314070504784140,410
1786314070509935012,408
1786314070514743640,406
1786314070520727370,405
1786314070525677194,404
1786314070530701558,403
1786314070535702085,401
1786314070541699594,400
1786314070546689703,400
1786314070551693447,399
1786314070557688068,397
1786314070562730311,397
1786314070567763921,398
1786314070572702310,399
1786314070578733264,402
1786314070583720877,407
1786314070588684365,413
1786314070593728427,421
1786314070599732584,433
1786314070604748142,447
1786314070609686524,463
1786314070614742242,483
1786314070621079267,504
1786314070625696500,530
1786314070630690165,558
1786314070635755675,588
1786314070641715426,619
1786314070646725583,651
1786314070651672925,684
1786314070656694474,716
1786314070662684498,748
1786314070668604862,780
1786314070672721002,808
1786314070677774987,836
1786314070683747845,860
1786314070688903180,882
1786314070693683246,901
1786314070698682850,915
1786314070704677130,927
1786314070709714516,935
1786314070714718915,938
1786314070720630796,938
1786314070725730697,935
1786314070730699078,930
1786314070735751337,921
1786314070741733122,910
1786314070746727545,896
1786314070751671064,880
1786314070756703744,863
1786314070762682230,844
1786314070767709504,823
1786314070772867934,802
1786314070777743712,780
1786314070783727742,758
1786314070788772392,735
1786314070793710311,711
1786314070798743493,687
1786314070807794829,663
1786314070810222569,639
1786314070814768160,615
1786314070819757432,592
1786314070825743110,571
1786314070830724180,551
1786314070835749610,531
1786314070840754264,514
1786314070846768082,500
1786314070851672328,486
1786314070856697167,475
1786314070861692494,467
1786314070867665399,460
1786314070872729684,456
1786314070877749284,454
1786314070882714059,453
1786314070888799320,454
1786314070893717827,457
1786314070898709394,460
1786314070904615712,465
1786314070909682729,471
1786314070914682445,478
1786314070919693970,485
1786314070925757372,493
1786314070930681902,501
1786314070935740485,508
1786314070940686883,515
1786314070946704008,522
1786314070951758882,528
1786314070957042997,533
1786314070961767375,538
1786314070967736402,543
1786314070972707907,546
1786314070978148304,549
1786314070982729140,551
1786314070988726129,552
1786314070993665216,551
1786314070998680364,551
1786314071003849493,549
1786314071009690058,547
1786314071014728880,543
1786314071020230679,540
1786314071025196078,537
1786314071030714685,532
1786314071036103893,527
1786314071040715323,522
1786314071045705520,516
1786314071051730989,510
1786314071057788173,504
1786314071061733115,498
1786314071066747342,491
1786314071072823619,485
1786314071077868886,479
1786314071082752988,473
1786314071088709332,468
1786314071094543180,463
1786314071100342093,458
1786314071103705582,453
1786314071109739829,448
1786314071114784652,444
1786314071120120726,439
1786314071124785781,436
1786314071130878654,432
1786314071137890224,428
1786314071141157635,425
1786314071145764874,422
1786314071151703686,419
1786314071157042353,417
1786314071162030811,415
1786314071167017410,413
1786314071173284176,411
1786314071178143345,409
1786314071183979697,408
1786314071188226070,406
1786314071194191001,404
1786314071200707574,402
1786314071204724366,401
1786314071209577485,399
1786314071215685417,398
1786314071219783724,396
1786314071227063578,396
1786314071230372551,396
1786314071237968454,396
1786314071241735208,396
1786314071245815686,397
1786314071258340691,397
1786314071260826789,397
1786314071262620909,397
1786314071267668187,398
1786314071273709701,398
1786314071278760639,399
1786314071282783831,399
1786314071288743847,400
1786314071294379524,400
1786314071299108191,402
1786314071303725328,403
1786314071309316663,404
1786314071314732485,406
1786314071319776978,406
1786314071324961570,408
1786314071330659147,409
1786314071336107664,410
1786314071340910040,411
1786314071346176953,412
1786314071351351970,414
1786314071356872952,415
1786314071361754544,416
1786314071366715590,416
1786314071372700742,417
1786314071378709749,418
1786314071382978491,418
1786314071388022774,419
1786314071392742743,419
1786314071398730081,419
1786314071403878838,419
1786314071409078169,420
1786314071414146901,419
1786314071419855450,420
1786314071424886910,419
1786314071429742067,419
1786314071435763812,418
1786314071440873303,417
1786314071445970630,416
1786314071450874433,416
1786314071456920200,414
1786314071462996989,413
1786314071467522739,412
1786314071472534815,411
1786314071477729452,409
1786314071484632283,408
1786314071488288756,406
1786314071492848049,405
1786314071500575378,403
1786314071503719915,403
1786314071508699821,402
1786314071514386338,401
1786314071520008186,401
1786314071524717036,401
1786314071529717108,401
1786314071534714331,399
1786314071540747139,398
1786314071545765278,398
1786314071551656979,397
1786314071555750258,396
1786314071561756058,396
1786314071568668934,397
1786314071572577754,398
1786314071576927552,400
1786314071583813219,404
1786314071588099442,409
1786314071593724881,416
1786314071597734754,425
1786314071604773567,438
1786314071608702465,452
1786314071613658039,469
1786314071619649167,489
1786314071625092591,511
1786314071629712065,537
1786314071635594337,564
1786314071640743408,593
1786314071645756375,622
1786314071651251085,653
1786314071655730035,684
1786314071661751544,715
1786314071667054463,747
1786314071672954232,777
1786314071677721171,805
1786314071683656771,831
1786314071688674208,855
1786314071692701891,876
1786314071697725221,894
1786314071703937188,908
1786314071709007807,919
1786314071713702053,927
1786314071718748772,931
1786314071724691201,933
1786314071729720572,932
1786314071734676536,927
1786314071739739369,919
1786314071745770101,909
1786314071750728825,896
1786314071755693973,880
1786314071760759337,863
1786314071766830489,845
1786314071771737929,825
1786314071776743034,803
1786314071781761058,781
1786314071787767553,758
1786314071792718100,734
1786314071797752045,710
1786314071803675025,685
1786314071808707523,660
1786314071813760663,635
1786314071818687808,610
1786314071824710915,588
1786314071829745622,566
1786314071834701423,545
1786314071839688107,527
1786314071845691696,510
1786314071850694828,496
1786314071855713725,483
1786314071860697401,472
1786314071866794951,464
1786314071871771262,458
1786314071876752099,453
1786314071881732788,450
1786314071887711700,449
1786314071892721436,450
1786314071897740812,452
1786314071902740179,455
1786314071910218158,459
1786314071913735978,463
1786314071918747436,469
1786314071923684922,476
1786314071929735873,483
1786314071934731599,489
1786314071940008944,497
1786314071944702213,505
1786314071951378142,512
1786314071955656361,518
1786314071960732272,524
1786314071965726948,530
1786314071971671836,534
1786314071976719983,537
1786314071981703442,540
1786314071987680296,542
1786314071992697351,544
1786314071997731200,545
1786314072002829245,545
1786314072008672584,544
1786314072013672580,543
1786314072019803980,540
1786314072023926185,538
1786314072030015357,534
1786314072035573293,530
1786314072039728345,525
1786314072044705748,520
1786314072050770347,514
1786314072055715330,508
1786314072060771982,502
1786314072065722056,496
1786314072071707413,489
1786314072076775125,481
1786314072081799968,475
1786314072086779440,469
1786314072094270728,463
1786314072097673796,457
1786314072104317074,452
1786314072107685142,447
1786314072113673943,442
1786314072120088194,438
1786314072123751398,433
1786314072128725529,429
1786314072135088655,424
1786314072139687833,421
1786314072144700448,417
1786314072150639827,414
1786314072155668867,410
1786314072160714752,407
1786314072166794724,405
1786314072172142330,402
1786314072176781774,400
1786314072181766930,399
1786314072186788852,397
1786314072192788999,396
1786314072198107766,395
1786314072203295950,393
1786314072207791312,392
1786314072213697018,391
1786314072219730488,391
1786314072224058100,391
1786314072228720681,392
1786314072235644999,392
1786314072239904461,393
1786314072244672040,394
1786314072249723874,395
1786314072255720086,394
1786314072260724504,395
1786314072265668172,396
1786314072270720157,396
1786314072277158244,396
1786314072282999944,396
1786314072287940472,396
1786314072291787074,397
1786314072297705160,397
1786314072302697510,397
1786314072308218413,398
1786314072312734933,398
1786314072319280975,399
1786314072324168606,401
1786314072328822808,402
1786314072334061051,404
1786314072339742509,405
1786314072344723962,406
1786314072349750091,408
1786314072355774739,408
1786314072360744490,408
1786314072366170470,409
1786314072372352544,410
1786314072376696131,410
1786314072381695200,411
1786314072386794049,411
1786314072391711988,411
1786314072398046161,410
1786314072402701127,410
1786314072408153238,410
1786314072412748372,411
1786314072418883798,411
1786314072424657945,412
1786314072428665106,412
1786314072433808149,412
1786314072439845606,411
1786314072447331665,411
1786314072449688342,411
1786314072454745723,410
1786314072460743040,409
1786314072465692874,409
1786314072471984190,408
1786314072475782380,407
1786314072481698817,406
1786314072486724574,406
1786314072491684144,405
1786314072497166055,404
1786314072502744409,403
1786314072507763165,403
1786314072512715644,401
1786314072518637853,398
1786314072523734858,397
1786314072528710485,395
1786314072533714701,393
1786314072539695349,392
1786314072544714337,391
1786314072549843736,389
1786314072554729745,388
1786314072560685375,388
1786314072568755749,388
1786314072570743618,389
1786314072575797636,392
1786314072588722761,395
1786314072589275401,401
1786314072591917782,408
1786314072598229173,418
1786314072602969283,430
1786314072608484131,445
1786314072613138605,462
1786314072617705906,482
1786314072623713041,504
1786314072628647486,528
1786314072633638055,555
1786314072638676475,582
1786314072644666249,612
1786314072649678420,641
1786314072654850179,671
1786314072659714919,701
1786314072665674326,730
1786314072670702601,757
1786314072675730297,783
1786314072680712088,806
1786314072686725982,827
1786314072691695634,845
1786314072696721693,859
1786314072701751732,870
1786314072707709714,878
1786314072712701999,883
1786314072717720796,884
1786314072723705024,883
1786314072730336344,879
1786314072733724470,871
1786314072738690789,861
1786314072744705056,850
1786314072749727969,836
1786314072755291189,819
1786314072759727306,802
1786314072765740508,782
1786314072770697034,762
1786314072775700525,740
1786314072780702434,718
1786314072786697728,695
1786314072791690982,671
1786314072796733744,648
1786314072801729419,623
1786314072807717137,600
1786314072812737784,577
1786314072819090947,555
1786314072822676727,534
1786314072828767421,515
1786314072833707538,496
1786314072838696960,480
1786314072843691984,465
1786314072849745541,453
1786314072854745053,442
1786314072859751137,433
1786314072864729363,427
1786314072870733960,423
1786314072875747928,421
1786314072880713018,420
1786314072885691970,422
1786314072891687735,425
1786314072896697972,429
1786314072901761287,434
1786314072907723800,440
1786314072912751289,447
1786314072917940765,455
1786314072922732113,462
1786314072928733892,471
1786314072933770526,479
1786314072938737390,487
1786314072943724936,495
1786314072949694785,502
1786314072954687282,509
1786314072959714445,515
1786314072964716072,521
1786314072970694370,525
1786314072975712059,529
1786314072980721554,531
1786314072985723754,534
1786314072991690342,535
1786314072996667342,535
1786314073003521473,535
1786314073006718300,534
1786314073012686547,532
1786314073018107722,529
1786314073023646399,525
1786314073027695781,521
1786314073033720733,516
1786314073038807813,511
1786314073043817599,505
1786314073048704260,500
1786314073055297543,493
1786314073059787600,488
1786314073064728178,482
1786314073069747452,477
1786314073075745454,471
1786314073081056230,466
1786314073086595734,460
1786314073091751634,454
1786314073096790029,448
1786314073101702584,443
1786314073106739337,438
1786314073112764728,433
1786314073117720090,429
1786314073122722751,425
1786314073127734453,422
1786314073133731892,419
1786314073138896473,415
1786314073143676777,413
1786314073148653128,411
1786314073154766421,408
1786314073159760875,405
1786314073164736663,403
1786314073169736414,400
1786314073175773643,398
1786314073180748888,397
1786314073185787482,395
1786314073190864022,395
1786314073196767345,393
1786314073201694483,392
1786314073206688605,392
1786314073211674069,391
1786314073219342957,390
1786314073222836423,389
1786314073227687208,389
1786314073232734615,389
1786314073238714475,389
1786314073243721132,389
1786314073248719131,391
1786314073254621389,391
1786314073259724948,392
1786314073264693238,394
1786314073269746509,395
1786314073275686595,396
1786314073280688471,398
1786314073285759979,399
1786314073290684512,401
1786314073296676951,402
1786314073301738420,403
1786314073306672506,403
1786314073311697982,404
1786314073317706874,404
1786314073322668062,405
1786314073327687106,406
1786314073332741737,407
1786314073338682675,408
1786314073344109375,409
1786314073350407751,410
1786314073353780130,411
1786314073359743781,412
1786314073364734913,412
1786314073370341469,413
1786314073374739197,413
1786314073380728762,414
1786314073385779742,414
1786314073390713526,414
1786314073395760145,416
1786314073401721283,416
1786314073406795234,416
1786314073411675416,416
1786314073416783843,416
1786314073422756002,416
1786314073427731061,416
1786314073432716612,415
1786314073437737774,415
1786314073443707477,413
1786314073449711127,413
1786314073454077794,411
1786314073459624915,410
1786314073464698484,408
1786314073470526299,407
1786314073474913272,405
1786314073480757821,403
1786314073485997413,402
1786314073490745786,401
1786314073495723976,399
1786314073501664099,398
1786314073507052993,397
1786314073511799352,397
1786314073516749782,397
1786314073523099637,396
1786314073528162428,396
1786314073533051369,396
1786314073538237454,395
1786314073544101790,396
1786314073548688332,397
1786314073553729985,399
1786314073558707418,402
1786314073564719996,407
1786314073569913017,414
1786314073574782658,424
1786314073579746336,435
1786314073585788610,449
1786314073590726723,465
1786314073595733793,484
1786314073600678819,506
1786314073606675020,530
1786314073611742812,556
1786314073616734783,583
1786314073621697984,610
1786314073627771778,638
1786314073632759872,666
1786314073638678463,693
1786314073643709185,719
1786314073648690760,744
1786314073653705854,766
1786314073658737971,787
1786314073664691559,806
1786314073669755212,821
1786314073674706612,833
1786314073680158023,841
1786314073685756409,847
1786314073690704076,850
1786314073695681424,851
1786314073700747643,848
1786314073706989115,843
1786314073712247898,836
1786314073716746038,826
1786314073721746939,815
1786314073727764542,802
1786314073732738593,786
1786314073737787547,769
1786314073743113248,750
1786314073748793053,730
1786314073753772108,709
1786314073759269117,687
1786314073764190863,665
1786314073769786324,642
1786314073774806675,618
1786314073779736767,596
1786314073785106512,574
1786314073790743386,554
1786314073796114306,533
1786314073800759680,514
1786314073805757891,497
1786314073812094700,482
1786314073816742334,468
1786314073821714858,457
1786314073827667039,448
1786314073832716520,441
1786314073837774075,435
1786314073842722306,432
1786314073848714118,431
1786314073853686159,431
1786314073858732059,433
1786314073863745070,436
1786314073870214130,441
1786314073874845861,447
1786314073879674959,454
1786314073885688971,463
1786314073890730510,471
1786314073895736343,480
1786314073900751494,488
1786314073905840013,497
1786314073911697341,505
1786314073916727698,512
1786314073921699562,519
1786314073926681253,525
1786314073932717865,530
1786314073937669769,535
1786314073942680084,538
1786314073947687001,541
1786314073953686562,543
1786314073958719034,544
1786314073964037462,545
1786314073969122312,545
1786314073974671958,543
1786314073979678083,541
1786314073984671388,539
1786314073990999562,536
1786314073995732330,532
1786314074001737702,527
1786314074005761414,524
1786314074011661679,518
1786314074016724802,513
1786314074021778534,506
1786314074026736648,501
1786314074032744832,495
1786314074038320036,490
1786314074042669815,485
1786314074047707636,480
1786314074055653931,475
1786314074058727880,469
1786314074063746091,465
1786314074068781653,460
1786314074074682411,455
1786314074079673239,450
1786314074085145029,446
1786314074089769611,441
1786314074095722597,437
1786314074100677122,434
1786314074105700953,430
1786314074111083065,427
1786314074116767977,423
1786314074121758872,420
1786314074126672141,417
1786314074131686990,414
1786314074138001919,412
1786314074142673562,410
1786314074147694044,409
1786314074153024522,407
1786314074158667188,406
1786314074163658926,405
1786314074168734186,404
1786314074174613716,403
1786314074179730364,403
1786314074184684386,403
1786314074189724134,403
1786314074195740655,402
1786314074201084107,403
1786314074205725960,404
1786314074210766828,404
1786314074216858123,405
1786314074222263092,405
1786314074226659089,406
1786314074231665906,407
1786314074237720778,408
1786314074242702542,410
1786314074247691065,412
1786314074252735618,413
1786314074258712203,415
1786314074263733725,416
1786314074268742403,418
1786314074273676020,418
1786314074279669088,419
1786314074284739634,420
1786314074289827002,420
1786314074294778626,421
1786314074302378729,421
1786314074305689259,422
1786314074310727648,423
1786314074315730163,423
1786314074321750092,423
1786314074326754652,424
1786314074331727999,424
1786314074336742599,422
1786314074342767015,422
1786314074347763265,421
1786314074352740519,421
1786314074357760039,420
1786314074363729425,420
1786314074368706651,419
1786314074373727600,419
1786314074379739906,417
1786314074384692840,416
1786314074389782212,414
1786314074394672057,413
1786314074400726780,412
1786314074405687635,412
1786314074410692462,412
1786314074415714846,412
1786314074421676596,413
1786314074426710048,416
1786314074431706569,420
1786314074436803820,425
1786314074442746473,432
1786314074447699711,441
1786314074452785133,452
1786314074457703822,465
1786314074463769001,481
1786314074468739746,499
1786314074473805489,518
1786314074478697592,540
1786314074484854396,564
1786314074489676519,590
1786314074494716167,617
1786314074499983148,645
1786314074505726107,672
1786314074510725926,700
1786314074515791055,726
1786314074520677692,752
1786314074526730488,776
1786314074531691313,798
1786314074536752015,817
1786314074541770313,833
1786314074547767406,847
1786314074552838093,857
1786314074557699181,865
1786314074563655308,870
1786314074568730704,872
1786314074574135093,872
1786314074578707168,868
1786314074584729816,861
1786314074591285661,852
1786314074594712624,840
1786314074599743801,826
1786314074605682028,811
1786314074610707124,794
1786314074615709650,775
1786314074620677200,756
1786314074626742077,735
1786314074631718942,714
1786314074636745266,691
1786314074641712357,669
1786314074647682899,646
1786314074652713292,623
1786314074657687748,600
1786314074662671312,578
1786314074668696782,557
1786314074673792085,537
1786314074678719718,518
1786314074683677210,501
1786314074689716834,485
1786314074694748160,472
1786314074701647520,460
1786314074704771506,450
1786314074710706313,442
1786314074715662355,436
1786314074720815167,433
1786314074726639103,432
1786314074731740203,432
1786314074736729299,434
1786314074741746293,438
1786314074747773525,443
1786314074752769959,448
1786314074757785047,454
1786314074762719893,461
1786314074768756474,468
1786314074773740108,475
1786314074778703188,483
1786314074783674394,491
1786314074789783966,498
1786314074794682261,505
1786314074799762729,512
1786314074804721522,518
1786314074810709951,524
1786314074815760025,528
1786314074820721211,532
1786314074825701674,537
1786314074831765352,540
1786314074836725162,541
1786314074841723039,542
1786314074846709923,543
1786314074852748189,542
1786314074857687899,541
1786314074862692647,538
1786314074867707395,536
1786314074873677908,532
1786314074878687573,527
1786314074883708795,523
1786314074888683848,519
1786314074894682819,514
1786314074900071015,509
1786314074904661383,504
1786314074910626981,498
1786314074915729984,492
1786314074920672599,487
1786314074925695860,481
1786314074931738610,476
1786314074936709157,471
1786314074941687150,466
1786314074946716965,461
1786314074952691387,457
1786314074957686345,452
1786314074962724711,449
1786314074967749388,445
1786314074973748728,441
1786314074978694956,438
1786314074983724392,435
1786314074988862199,432
1786314074994724427,429
1786314074999991203,426
1786314075004667203,423
1786314075009666944,421
1786314075015775769,419
1786314075020736371,417
1786314075025733976,415
1786314075030727770,413
1786314075036878291,410
1786314075041737665,408
1786314075046740041,406
1786314075051713711,405
1786314075057728380,403
1786314075062704654,403
1786314075067688427,403
1786314075072677134,403
1786314075078686324,402
1786314075083699507,403
1786314075088766119,403
1786314075094742390,403
1786314075099733684,404
1786314075104666438,405
1786314075109762329,406
1786314075115743944,406
1786314075120958454,407
1786314075125739496,408
1786314075130735033,409
1786314075136716534,411
1786314075141726071,412
1786314075146737409,413
1786314075151728845,415
1786314075157678835,415
1786314075162664708,416
1786314075167757126,418
1786314075172676425,418
1786314075178678486,420
1786314075183726921,420
1786314075188792481,420
1786314075193749826,420
1786314075199665397,419
1786314075204665806,418
1786314075209655242,418
1786314075214657417,417
1786314075220721336,416
1786314075225761976,416
1786314075230739748,417
1786314075235729850,416
1786314075241677306,417
1786314075246738731,418
1786314075252647177,417
1786314075256699777,416
1786314075262666639,416
1786314075267700132,416
1786314075272727469,415
1786314075278632722,416
1786314075284128434,418
1786314075288704549,421
1786314075293744700,426
1786314075299784599,432
1786314075304721497,441
1786314075309739587,453
1786314075314774023,467
1786314075321690585,485
1786314075325734612,505
1786314075330759643,528
1786314075335690409,553
1786314075341758376,580
1786314075346726315,609
1786314075352747482,638
1786314075357771957,669
1786314075362731090,699
1786314075367699121,730
1786314075372851528,759
1786314075377760347,787
1786314075383971307,814
1786314075389879670,839
1786314075393784974,861
1786314075399415661,880
1786314075404785565,896
1786314075409718640,909
1786314075414739619,919
1786314075419874508,925
1786314075425736201,928
1786314075430710206,928
1786314075437785671,925
1786314075440711770,919
1786314075446715367,910
1786314075453064127,898
1786314075456813797,884
1786314075462615132,868
1786314075467724216,851
1786314075472711482,832
1786314075477950185,812
1786314075484069945,790
1786314075488785407,768
1786314075493710531,745
1786314075499511254,721
1786314075504762014,697
1786314075509675651,671
1786314075514669677,647
1786314075519691712,622
1786314075525713970,598
1786314075530669745,576
1786314075535729483,554
1786314075540756327,534
1786314075546715863,517
1786314075551696325,501
1786314075556764564,488
1786314075561726142,476
1786314075567731872,467
1786314075572828985,459
1786314075577669926,454
1786314075582735301,450
1786314075588673771,449
1786314075593677254,450
1786314075598714496,451
1786314075604760938,454
1786314075609656383,458
1786314075614661125,464
1786314075619712167,470
1786314075624741442,476
1786314075630718590,484
1786314075635683253,492
1786314075640689087,499
1786314075646706069,507
1786314075651668127,516
1786314075656731376,523
1786314075661664284,530
1786314075667682891,536
1786314075672768489,541
1786314075677679793,545
1786314075682721140,549
1786314075688657098,553
1786314075693684129,555
1786314075698724994,556
1786314075703705501,557
1786314075709717688,556
1786314075714669269,555
1786314075719699987,553
1786314075724651140,551
1786314075730680622,548
1786314075735734544,543
1786314075740654525,538
1786314075745642275,533
1786314075751818137,527
1786314075756715583,520
1786314075761676962,514
1786314075767048446,508
1786314075772698362,502
1786314075777696653,496
1786314075782759031,490
1786314075787672473,484
1786314075793682424,479
1786314075798718056,473
1786314075803736784,468
1786314075809597322,462
1786314075814672733,456
1786314075819684084,450
1786314075824690395,445
1786314075830714567,440
1786314075835720751,435
1786314075840658995,430
1786314075845737605,425
1786314075851752781,420
1786314075856749651,416
1786314075861744702,412
1786314075866686994,408
1786314075872688742,404
1786314075877717348,401
1786314075884857197,399
1786314075887724449,398
1786314075893699569,396
1786314075898782614,395
1786314075903709682,394
1786314075908690829,393
1786314075914675555,393
1786314075919690614,393
1786314075924695108,394
1786314075929731561,395
1786314075935836399,396
1786314075940687658,398
1786314075945727102,400
1786314075950779560,401
1786314075956706660,402
1786314075961685742,404
1786314075966741630,406
1786314075971685289,407
1786314075977681177,408
1786314075982914119,409
1786314075987768878,411
1786314075993603147,412
1786314075998727722,413
1786314076004227984,416
1786314076008721058,417
1786314076014715769,419
1786314076019735048,421
1786314076024770988,423
1786314076029736303,424
1786314076035724803,425
1786314076040717607,426
1786314076045715552,427
1786314076050699631,428
1786314076056729291,428
1786314076061667362,429
1786314076067147083,430
1786314076071661310,430
1786314076077712456,429
1786314076082725465,429
1786314076087937141,430
1786314076092689777,429
1786314076098761763,428
1786314076103751463,427
1786314076108724108,427
1786314076113667637,425
1786314076119659078,424
1786314076124683759,422
1786314076129697002,421
1786314076134733009,419
1786314076140688361,416
1786314076145696702,414
1786314076150720412,412
1786314076155750898,409
1786314076161696889,407
1786314076166721205,405
1786314076171783034,404
1786314076177603497,402
1786314076182984106,401
1786314076187759430,401
1786314076192696002,402
1786314076198730713,402
1786314076203710215,405
1786314076208719292,407
1786314076213747309,411
1786314076219831640,417
1786314076224677495,425
1786314076229726054,435
1786314076234743018,449
1786314076240658231,465
1786314076245623021,485
1786314076250708416,507
1786314076255663673,532
1786314076261651562,560
1786314076266711248,590
1786314076271688109,621
1786314076276815515,654
1786314076282870898,687
1786314076287677625,720
1786314076292697885,752
1786314076297721911,783
1786314076303711319,813
1786314076308720580,841
1786314076313777146,866
1786314076318862479,888
1786314076324663316,908
1786314076329728473,924
1786314076334799650,937
1786314076339687255,945
1786314076345738386,950
1786314076350748657,952
1786314076355701670,950
1786314076360696232,945
1786314076366710228,938
1786314076371666414,927
1786314076376676396,913
1786314076382753855,898
1786314076387683774,880
1786314076392664018,861
1786314076398812456,840
1786314076403685183,818
1786314076408674595,796
1786314076413692262,772
1786314076418746369,748
1786314076424693688,723
1786314076429641024,698
1786314076434710400,672
1786314076439679937,647
1786314076445663599,623
1786314076450719746,599
1786314076455714599,576
1786314076460711413,555
1786314076466722188,535
1786314076471686196,517
1786314076476694442,502
1786314076481725496,489
1786314076487666825,478
1786314076492694592,470
1786314076498656193,464
1786314076502707317,460
1786314076508787163,457
1786314076513739128,456
1786314076518745345,457
1786314076523730367,460
1786314076529680652,463
1786314076534707619,468
1786314076539692974,474
1786314076545682633,481
1786314076550699856,488
1786314076555694987,496
1786314076560677586,503
1786314076566668153,510
1786314076571818734,517
1786314076576683018,523
1786314076581771524,529
1786314076587709784,534
1786314076592726235,538
1786314076598041307,541
1786314076602665492,544
1786314076608668396,546
1786314076613646871,548
1786314076618678567,549
1786314076623664746,550
1786314076629660323,549
1786314076634726547,548
1786314076639735143,547
1786314076644727674,545
1786314076650726895,542
1786314076655698992,538
1786314076660670678,534
1786314076665812913,530
1786314076671813660,525
1786314076676716375,519
1786314076681679281,513
1786314076686749995,507
1786314076692724650,500
1786314076697710562,493
1786314076702675282,487
1786314076707724068,480
1786314076713683014,473
1786314076718712251,467
1786314076723688834,460
1786314076729685480,455
1786314076734732070,449
1786314076739681246,445
1786314076744677508,440
1786314076750705975,435
1786314076755745113,431
1786314076760693117,426
1786314076765683323,422
1786314076771731725,418
1786314076776657809,414
1786314076781747001,412
1786314076786668494,409
1786314076792724431,407
1786314076797712175,406
1786314076802755241,404
1786314076807701988,403
1786314076813647274,402
1786314076818731065,400
1786314076823677428,399
1786314076828622108,398
1786314076835280074,396
1786314076839669794,395
1786314076844676131,394
1786314076849728730,393
1786314076855689562,392
1786314076860748268,392
1786314076865735551,392
1786314076870729085,392
1786314076876735960,392
1786314076881721571,393
1786314076886695977,394
1786314076892632315,394
1786314076897730036,395
1786314076902712276,397
1786314076907723909,398
1786314076913752177,399
1786314076918733354,399
1786314076923731450,400
1786314076928740694,401
1786314076934659376,401
1786314076939654153,401
1786314076944660048,403
1786314076949734515,403
1786314076955708462,403
1786314076960699455,404
1786314076965975205,405
1786314076970703287,407
1786314076976707643,406
1786314076981728059,408
1786314076986662418,409
1786314076991696299,408
1786314076997749634,409
1786314077002728424,409
1786314077007702333,411
1786314077012681943,411
1786314077018767025,412
1786314077023722488,413
1786314077028741309,413
1786314077033673604,413
1786314077039664783,413
1786314077044684429,413
1786314077049670952,413
1786314077054861226,413
1786314077060808797,412
1786314077065723618,412
1786314077070714214,412
1786314077075705929,412
1786314077081832946,413
1786314077086845586,413
1786314077091892870,412
1786314077097742743,412
1786314077102712866,411
1786314077107698196,411
1786314077112720734,410
1786314077119239538,408
1786314077123763439,407
1786314077128763447,406
1786314077133712043,404
1786314077139717010,402
1786314077144734888,401
1786314077149717379,399
1786314077154722769,397
1786314077160738146,395
1786314077165829285,393
1786314077170719841,390
1786314077175745598,388
1786314077181862355,386
1786314077186725579,385
1786314077191732670,383
1786314077196778747,382
1786314077202729257,381
1786314077207711852,380
1786314077212726961,380
1786314077217871734,380
1786314077223680576,380
1786314077228737410,382
1786314077233733973,384
1786314077238677453,388
1786314077244668180,395
1786314077249877529,404
1786314077254694448,416
1786314077260610902,431
1786314077267581286,449
1786314077270675749,470
1786314077275689368,495
1786314077281753199,521
1786314077286807503,551
1786314077291703722,583
1786314077296677864,616
1786314077302668904,650
1786314077307715050,685
1786314077312709430,719
1786314077317738690,753
1786314077323721170,785
1786314077328725860,816
1786314077333677670,844
1786314077338779749,870
1786314077344746612,893
1786314077350509734,912
1786314077354763600,927
1786314077359680301,940
1786314077365657083,948
1786314077370670559,952
1786314077375644800,952
1786314077380708021,950
1786314077386726209,944
1786314077391719084,934
1786314077396784480,921
1786314077401709132,907
1786314077407756061,890
1786314077412689545,870
1786314077417711217,849
1786314077422719728,827
1786314077428792706,804
1786314077433671072,780
1786314077438680208,755
1786314077444690663,730
1786314077449666666,704
1786314077454750513,678
1786314077459766974,652
1786314077465735751,626
1786314077470722725,600
1786314077475715168,576
1786314077480756207,553
1786314077486717584,532
1786314077491730503,511
1786314077497456848,493
1786314077501738418,478
1786314077507784489,465
1786314077512701675,455
1786314077517883851,447
1786314077522706395,440
1786314077528665283,436
1786314077534236277,434
1786314077538727280,434
1786314077543663872,436
1786314077549744584,439
1786314077554717041,443
1786314077559722865,447
1786314077565606902,453
1786314077570759006,460
1786314077575694349,468
1786314077580733499,475
1786314077585707561,483
1786314077591787744,491
1786314077596734283,498
1786314077601694051,506
1786314077606679374,513
1786314077612684640,520
1786314077617971943,525
1786314077622691539,530
1786314077628721670,536
1786314077633778602,540
1786314077638692318,542
1786314077643678845,544
1786314077649741017,545
1786314077654723336,544
1786314077659743901,543
1786314077664823979,542
1786314077670796860,540
1786314077675699626,537
1786314077680723389,534
1786314077685737012,530
1786314077691761766,526
1786314077696681205,521
1786314077701884744,515
1786314077706703796,510
1786314077712756487,504
1786314077717709880,497
1786314077722703639,491
1786314077727695501,486
1786314077733676954,480
1786314077738711604,474
1786314077743738172,468
1786314077748725016,462
1786314077754716936,457
1786314077759691490,451
1786314077764752535,447
1786314077770202354,442
1786314077775723221,436
1786314077780734072,431
1786314077785676280,426
1786314077790660787,422
1786314077796732600,418
1786314077801685702,414
1786314077806678133,412
1786314077812689472,408
1786314077817738866,406
1786314077822670883,404
1786314077827683935,402
1786314077833713711,401
1786314077838688604,398
1786314077843686852,397
1786314077848745549,396
1786314077854711177,395
1786314077859689487,394
1786314077864687581,395
1786314077869711739,395
1786314077875642295,395
1786314077880664008,395
1786314077885893961,395
1786314077890638179,395
1786314077896672729,396
1786314077901693170,397
1786314077906660250,399
1786314077911690820,400
1786314077917714607,403
1786314077922726714,403
1786314077927668954,405
1786314077932724051,406
1786314077938753838,406
1786314077943718185,407
1786314077948727098,408
1786314077953742516,410
1786314077959722526,411
1786314077965900426,412
1786314077969811982,412
1786314077974727460,413
1786314077980809135,413
1786314077985727086,414
1786314077990698559,414
1786314077996731926,416
1786314078005099363,416
1786314078006728448,417
1786314078011723766,418
1786314078018658811,418
1786314078022900311,418
1786314078027768250,419
1786314078033157239,420
1786314078038934499,420
1786314078043715093,420
1786314078049537465,420
1786314078054309265,421
1786314078059799871,421
1786314078065072876,420
1786314078069749881,420
1786314078074836788,420
1786314078081700181,420
1786314078085808964,419
1786314078090800383,419
1786314078095765318,418
1786314078101761096,417
1786314078106802030,417
1786314078111772674,416
1786314078118669494,415
1786314078122703589,415
1786314078127703956,414
1786314078132731263,412
1786314078137731635,410
1786314078143732522,409
1786314078148736190,408
1786314078153768471,406
1786314078158746339,404
1786314078164792403,402
1786314078169714717,401
1786314078174727706,399
1786314078180801177,397
1786314078185786165,396
1786314078192669769,395
1786314078195913992,393
1786314078202656058,392
1786314078206988012,391
1786314078212288761,390
1786314078216756032,389
1786314078223671896,388
1786314078227790158,389
1786314078232842923,391
1786314078237705448,393
1786314078243708024,398
1786314078248699217,405
1786314078253865685,413
1786314078258711809,424
1786314078264904737,438
1786314078269796821,454
1786314078274708138,473
1786314078280821069,494
1786314078285838624,518
1786314078290695347,544
1786314078295712288,572
1786314078301528712,601
1786314078306752927,631
1786314078311715657,660
1786314078316717264,690
1786314078321709608,719
1786314078327718483,746
1786314078332778026,772
1786314078337749477,796
1786314078343583025,817
1786314078349899098,835
1786314078353748497,851
1786314078358712203,863
1786314078364723540,874
1786314078369699122,880
1786314078374667181,883
1786314078379697395,883
1786314078385695769,880
1786314078390669583,873
1786314078395749309,863
1786314078400711588,852
1786314078406678613,837
1786314078411652118,821
1786314078416742025,802
1786314078421714689,782
1786314078427713510,761
1786314078432734685,738
1786314078437673145,714
1786314078442710041,691
1786314078449141677,666
1786314078453707809,642
1786314078458695144,617
1786314078463681415,594
1786314078469663877,570
1786314078474654424,548
1786314078479775456,527
1786314078484726311,508
1786314078490707538,491
1786314078495701986,475
1786314078500717876,462
1786314078505675081,452
1786314078511678670,444
1786314078517498223,438
1786314078521753597,433
1786314078526672996,431
1786314078532742259,431
1786314078537738148,433
1786314078542653093,437
1786314078548712230,441
1786314078553711584,447
1786314078558658868,453
1786314078563717367,461
1786314078569808354,469
1786314078574716108,477
1786314078579757308,485
1786314078584713592,494
1786314078590714533,502
1786314078595743206,510
1786314078600752492,517
1786314078605672329,523
1786314078611740633,529
1786314078616735978,533
1786314078621644277,537
1786314078626672453,541
1786314078632695304,543
1786314078637674457,544
1786314078642670732,545
1786314078647713261,545
1786314078653716306,544
1786314078658819586,542
1786314078663787264,539
1786314078668862982,535
1786314078674733169,530
1786314078679731335,526
1786314078684721420,521
1786314078689721954,516
1786314078695725546,510
1786314078700702978,504
1786314078705734671,499
1786314078711610373,494
1786314078716702934,488
1786314078721686737,483
1786314078726649793,479
1786314078732725028,473
1786314078737693539,468
1786314078742669456,463
1786314078747679011,458
1786314078753698115,453
1786314078758737477,449
1786314078763720287,446
1786314078768692990,443
1786314078774681860,439
1786314078779687785,435
1786314078784657327,433
1786314078789681151,430
1786314078795707574,427
1786314078800657756,424
1786314078805677120,421
1786314078810709460,419
1786314078816666664,417
1786314078821667016,415
1786314078826708406,414
1786314078831702536,412
1786314078837720269,410
1786314078842757989,409
1786314078849597439,408
1786314078852786536,407
1786314078858738257,406
1786314078863687331,405
1786314078868864526,404
1786314078873671332,403
1786314078879883776,402
1786314078884767576,402
1786314078891702236,401
1786314078897810989,401
1786314078900710997,401
1786314078905703702,401
1786314078910705722,402
1786314078916784313,401
1786314078921661322,401
1786314078926661531,402
1786314078931686357,402
1786314078937672986,403
1786314078942745417,404
1786314078947692109,406
1786314078952754495,407
1786314078958653080,408
1786314078963672142,411
1786314078968658302,412
1786314078973850087,414
1786314078979672032,415
1786314078984644210,417
1786314078989730963,418
1786314078994748452,419
1786314079000721406,420
1786314079005775628,422
1786314079010711208,423
1786314079015707224,424
1786314079021705399,425
1786314079026663966,426
1786314079031833653,426
1786314079036901011,425
1786314079042754825,425
1786314079047662762,425
1786314079052821462,424
1786314079057742026,423
1786314079063692529,422
1786314079068653347,421
1786314079073666693,420
1786314079079600649,419
1786314079084683029,419
1786314079089667925,418
1786314079094682829,417
1786314079100690508,416
1786314079105806799,414
1786314079110683182,413
1786314079115679411,412
1786314079121703309,411
1786314079126667407,409
1786314079131681730,408
1786314079136727702,408
1786314079142658947,408
1786314079147667225,409
1786314079152748399,412
1786314079157712563,417
1786314079163678057,423
1786314079168671174,433
1786314079173722775,444
1786314079178698089,458
1786314079184728786,474
1786314079189669168,493
1786314079194706719,515
1786314079199683031,539
1786314079205743215,566
1786314079210709013,594
1786314079215665808,623
1786314079220729342,653
1786314079226747799,683
1786314079231685396,713
1786314079236682369,743
1786314079241706214,772
1786314079247662400,800
1786314079252679055,825
1786314079257727057,848
1786314079263735788,868
1786314079268723578,886
1786314079275707328,900
1786314079278693426,911
1786314079284880182,919
1786314079291702124,923
1786314079294708207,923
1786314079299712616,921
1786314079305832330,915
1786314079310810790,907
1786314079315704233,895
1786314079320702277,881
1786314079326921579,865
1786314079331705196,847
1786314079336735906,828
1786314079341745023,808
1786314079347707553,786
1786314079352718717,763
1786314079359154584,739
1786314079362709999,715
1786314079368699801,692
1786314079375943327,666
1786314079378672140,641
1786314079383662552,617
1786314079389690941,593
1786314079394690720,571
1786314079399638026,549
1786314079404690895,529
1786314079410936087,511
1786314079415658108,495
1786314079420642375,482
1786314079425715040,471
1786314079431686405,462
1786314079436659096,455
1786314079441669660,450
1786314079447744795,447
1786314079452751185,446
1786314079457671872,447
1786314079462712349,449
1786314079468706524,452
1786314079473727904,456
1786314079478776745,461
1786314079483765092,468
1786314079489780233,474
1786314079494762217,482
1786314079499775893,490
1786314079504736182,498
1786314079510739545,506
1786314079515717407,513
1786314079520701171,520
1786314079525721640,527
1786314079531720575,533
1786314079536720472,538
1786314079541741065,543
1786314079546738852,548
1786314079552715730,551
1786314079557710428,553
1786314079564675982,553
1786314079567703439,554
1786314079573705542,553
1786314079578711182,551
1786314079583689324,549
1786314079588699110,546
1786314079594731437,542
1786314079599693980,538
1786314079604705049,533
1786314079609696230,528
1786314079615718293,521
1786314079620657220,515
1786314079625725345,510
1786314079631691127,504
1786314079636681471,498
1786314079641695952,492
1786314079646713296,486
1786314079652681420,480
1786314079657728885,475
1786314079662707609,470
1786314079667640075,464
1786314079673666353,458
1786314079678667566,453
1786314079683712656,448
1786314079688629652,443
1786314079694659711,438
1786314079699788077,434
1786314079704668885,430
1786314079709691228,427
1786314079715792241,423
1786314079720644881,420
1786314079725693764,417
1786314079730801083,415
1786314079736687978,413
1786314079741691522,411
1786314079747538688,410
1786314079751674772,409
1786314079757778096,407
1786314079762692073,406
1786314079767671937,405
1786314079772671810,404
1786314079778673970,403
1786314079783664947,403
1786314079788665534,402
1786314079793671194,402
1786314079799666289,403
1786314079804681851,403
1786314079809653956,403
1786314079814798006,404
1786314079820712190,404
1786314079827428556,405
1786314079830692026,405
1786314079836728345,406
1786314079842084840,406
1786314079846705260,406
1786314079851729236,407
1786314079858732721,408
1786314079863075952,408
1786314079867744099,409
1786314079872696502,411
1786314079878744909,411
1786314079883702186,413
1786314079888713338,415
1786314079893692652,416
1786314079899664821,417
1786314079904734593,418
1786314079909684550,419
1786314079914706830,420
1786314079920663970,421
1786314079925665386,423
1786314079930702335,423
1786314079935719612,424
1786314079941750795,424
1786314079946718411,425
1786314079951815092,425
1786314079956698154,424
1786314079962713448,424
1786314079967709420,424
1786314079972724785,424
1786314079977727135,423
1786314079983689288,423
1786314079988722569,423
1786314079993706875,422
1786314079998679722,422
1786314080004756155,421
1786314080009945596,421
1786314080014710104,419
1786314080020610429,418
1786314080025738354,417
1786314080030743395,416
1786314080035707080,415
1786314080041714830,414
1786314080046691674,413
1786314080051703192,412
1786314080056656055,412
1786314080062743906,412
1786314080067683061,413
1786314080072692004,413
1786314080077659107,415
1786314080083787106,418
1786314080088629792,423
1786314080093677324,430
1786314080098644137,438
1786314080104635338,450
1786314080110235840,463
1786314080114637397,480
1786314080119685628,499
1786314080125737239,523
1786314080130705244,548
1786314080135767967,576
1786314080140686735,606
1786314080146696544,638
1786314080151674003,670
1786314080156677627,703
1786314080161661785,735
1786314080167673454,767
1786314080172673571,799
1786314080177681296,828
1786314080182752800,854
1786314080188682727,878
1786314080193739497,899
1786314080198807042,918
1786314080204594888,932
1786314080209723394,944
1786314080214702305,952
1786314080219735875,957
1786314080225711166,958
1786314080230671511,956
1786314080235705822,950
1786314080240711577,943
1786314080246758627,932
1786314080251686399,919
1786314080256698639,904
1786314080261737745,887
1786314080267695684,868
1786314080272683734,848
1786314080278735254,827
1786314080282658024,804
1786314080288669381,781
1786314080294543606,756
1786314080298666527,731
1786314080303656305,706
1786314080309797865,680
1786314080314660006,655
1786314080319674549,631
1786314080324743634,608
1786314080330756107,587
1786314080335759661,567
1786314080340734293,549
1786314080345688839,533
1786314080351683220,518
1786314080356903097,505
1786314080361730463,494
1786314080366686419,485
1786314080372664881,478
1786314080377664712,473
1786314080382649121,471
1786314080388671041,470
1786314080393673146,470
1786314080398666342,472
1786314080403668445,476
1786314080409677525,481
1786314080414696119,487
1786314080419673844,493
1786314080424666233,500
1786314080430649089,506
1786314080435702910,513
1786314080440732446,521
1786314080445754803,527
1786314080451920340,534
1786314080456689675,539
1786314080461700849,545
1786314080466794379,550
1786314080472670109,554
1786314080477737072,557
1786314080482668355,560
1786314080487654844,561
1786314080493666406,561
1786314080498673180,560
1786314080503666876,558
1786314080508670170,556
1786314080514662502,553
1786314080519678844,549
1786314080524692475,545
1786314080529647107,540
1786314080535696690,535
1786314080540718864,530
1786314080545910949,524
1786314080550683602,518
1786314080556829593,511
1786314080561813650,505
1786314080566840075,499
1786314080572722650,492
1786314080577718083,485
1786314080582660531,479
1786314080587677950,473
1786314080593704444,467
1786314080598736384,462
1786314080603702865,457
1786314080608713964,453
1786314080614650154,447
1786314080619674448,443
1786314080624687361,439
1786314080629685077,436
1786314080635699618,432
1786314080640646596,429
1786314080645687640,427
1786314080650671877,424
1786314080656662318,422
1786314080661730424,419
1786314080666766903,418
1786314080671640118,416
1786314080677673677,414
1786314080682612867,412
1786314080687651984,411
1786314080692705088,409
1786314080698715976,407
1786314080703726918,406
1786314080708734745,404
1786314080713689601,402
1786314080719669475,400
1786314080724704791,399
1786314080729754347,399
1786314080734725230,398
1786314080740715278,397
1786314080745660095,397
1786314080750668562,397
1786314080756732067,398
1786314080761747675,399
1786314080766700594,400
1786314080771715613,401
1786314080777692981,402
1786314080782661612,403
1786314080787667086,405
1786314080792672717,406
1786314080798713117,407
1786314080803709329,408
1786314080808671445,408
1786314080813691490,409
1786314080819659958,410
1786314080824660449,410
1786314080829669940,410
1786314080834720026,411
1786314080840754889,411
1786314080845757194,412
1786314080850729235,413
1786314080855696860,414
1786314080862255330,414
1786314080866642875,415
1786314080871685827,417
1786314080876747499,418
1786314080882669552,418
1786314080887702932,418
1786314080892762957,418
1786314080897784837,418
1786314080903724762,419
1786314080908737318,418
1786314080913651748,418
1786314080918701689,419
1786314080924698796,419
1786314080929696969,418
1786314080934689834,417
1786314080940614780,416
1786314080945704640,417
1786314080950877594,416
1786314080955685800,416
1786314080961704749,415
1786314080966643192,414
1786314080971675387,413
1786314080976657829,412
1786314080982685694,411
1786314080987773563,410
1786314080992737017,409
1786314080997732552,408
1786314081003740982,407
1786314081008837335,406
1786314081013746685,405
1786314081018708129,404
1786314081024879841,402
1786314081029657590,401
1786314081034676700,401
1786314081039723501,399
1786314081045705516,398
1786314081050675708,397
1786314081055667470,395
1786314081060663783,394
1786314081066678477,394
1786314081071717637,394
1786314081076706068,394
1786314081081702464,396
1786314081087742549,400
1786314081092740563,406
1786314081097722690,414
1786314081104014370,424
1786314081108740299,437
1786314081113741897,453
1786314081118723574,472
1786314081124725525,493
1786314081129670191,518
1786314081134699881,545
1786314081139739586,575
1786314081145664971,607
1786314081150637018,641
1786314081155710003,674
1786314081160678892,707
1786314081166661943,741
1786314081171650095,772
1786314081176648257,803
1786314081181651596,832
1786314081187651154,858
1786314081192726764,881
1786314081197692115,900
1786314081202680828,917
1786314081209998191,930
1786314081213656638,939
1786314081218701461,944
1786314081223685487,946
1786314081229678107,945
1786314081234656896,941
1786314081239663800,933
1786314081244685203,922
1786314081250677497,909
1786314081255801138,893
1786314081260670045,875
1786314081265688888,856
1786314081271749233,834
1786314081276736541,812
1786314081281800896,788
1786314081287606608,763
1786314081292815061,737
1786314081297702679,711
1786314081303691039,685
1786314081308919900,659
1786314081315247821,632
1786314081318714716,606
1786314081324597003,582
1786314081329715393,559
1786314081334746701,537
1786314081339661169,517
1786314081344658900,499
1786314081350704512,483
1786314081355671316,468
1786314081361665355,458
1786314081365660608,448
1786314081371673280,442
1786314081376706806,437
1786314081381652274,435
1786314081386682149,433
1786314081392687991,434
1786314081397699600,436
1786314081402680526,439
1786314081407724813,444
1786314081413690285,449
1786314081418690201,455
1786314081423683052,461
1786314081428707283,469
1786314081434695374,476
1786314081439718165,483
1786314081444698272,491
1786314081449674203,498
1786314081455716901,505
1786314081460801698,512
1786314081466058539,519
1786314081473657070,524
1786314081476643800,528
1786314081481641406,532
1786314081486654649,535
1786314081492737955,536
1786314081497684178,536
1786314081502636265,535
1786314081507816027,533
1786314081513680516,530
1786314081518673471,527
1786314081523714913,522
1786314081528679587,519
1786314081534705273,513
1786314081539654493,507
1786314081544676476,502
1786314081549679749,496
1786314081555654703,489
1786314081560726521,483
1786314081565798813,476
1786314081570663100,469
1786314081576688290,463
1786314081581659178,457
1786314081586678488,452
1786314081591708965,447
1786314081597718476,440
1786314081602717876,435
1786314081608281241,430
1786314081612692194,425
1786314081618677037,420
1786314081623694956,416
1786314081628677059,412
1786314081633669961,408
1786314081639668903,405
1786314081644739196,402
1786314081649668361,399
1786314081655591202,397
1786314081660707803,396
1786314081665842438,394
1786314081670984950,392
1786314081676668598,390
1786314081681678614,389
1786314081686646253,388
1786314081691680400,387
1786314081697744239,386
1786314081702732231,386
1786314081707840408,385
1786314081712666708,385
1786314081718684541,385
1786314081723715633,386
1786314081730306608,386
1786314081733683967,386
1786314081739686603,387
1786314081744644642,388
1786314081749648859,389
1786314081754658758,389
1786314081760658457,390
1786314081765701930,391
1786314081770682764,392
1786314081775756202,392
1786314081781686460,393
1786314081786702618,395
1786314081791737399,396
1786314081796721795,396
1786314081802702179,397
1786314081807718146,399
1786314081812715292,400
1786314081817715736,401
1786314081823638212,402
1786314081828743716,403
1786314081833784807,403
1786314081839716881,403
1786314081844772255,403
1786314081849671150,404
1786314081854960091,404
1786314081860975796,403
1786314081866704903,404
1786314081870686144,404
1786314081875704190,404
1786314081881835392,405
1786314081886802979,404
1786314081891912855,404
1786314081897034283,404
1786314081902738655,404
1786314081907872880,404
1786314081913161108,404
1786314081918259746,404
1786314081923953072,405
1786314081928713467,405
1786314081935108444,405
1786314081938757482,405
1786314081945078679,405
1786314081950253404,405
1786314081954970338,405
1786314081959731353,405
1786314081966139398,404
1786314081971690660,403
1786314081975909915,403
1786314081981049784,402
1786314081986864022,401
1786314081991864917,401
1786314081997036495,400
1786314082002876187,400
1786314082007759955,400
1786314082012753752,400
1786314082017727719,400
1786314082024395512,401
1786314082028747843,401
1786314082033737908,402
1786314082038788058,401
1786314082044884041,401
1786314082050047283,401
1786314082054665474,400
1786314082059672411,400
1786314082065664260,400
1786314082070729301,399
1786314082075664973,396
1786314082081267642,395
1786314082087693118,393
1786314082091713202,392
1786314082097062737,390
1786314082101723448,389
1786314082107708458,387
1786314082113100973,386
1786314082117852871,384
1786314082122692699,383
1786314082128712215,382
1786314082133708636,381
1786314082139021022,381
1786314082143720561,382
1786314082150709765,385
1786314082155238965,388
1786314082160663263,393
1786314082165164580,401
1786314082172657182,411
1786314082176073709,423
1786314082181945823,437
1786314082187652382,455
1786314082193681221,476
1786314082198571805,499
1786314082201715762,525
1786314082207650058,553
1786314082212786984,583
1786314082217697813,615
1786314082223615270,648
1786314082229016701,681
1786314082233705481,714
1786314082238687926,745
1786314082243711976,775
1786314082250975900,804
1786314082255662116,829
1786314082259737066,853
1786314082265634174,873
1786314082270907460,890
1786314082275699936,904
1786314082282152536,914
1786314082285717891,921
1786314082291694487,924
1786314082297455227,923
1786314082301693989,918
1786314082306701842,911
1786314082313194478,900
1786314082317665525,887
1786314082322669689,872
1786314082328610442,856
1786314082333892631,837
1786314082338716317,817
1786314082343749222,795
1786314082348712662,772
1786314082354670100,749
1786314082359666180,725
1786314082364907055,701
1786314082369680758,676
1786314082375747326,651
1786314082381595694,627
1786314082385703078,603
1786314082391738216,580
1786314082397268910,559
1786314082401703555,538
1786314082406746524,520
1786314082412720403,504
1786314082417709208,489
1786314082422771216,476
1786314082427747774,466
1786314082433729919,458
1786314082438762334,452
1786314082444370781,449
1786314082449104975,448
1786314082454664229,449
1786314082459696753,451
1786314082465184149,455
1786314082469710084,460
1786314082475700229,465
1786314082481203599,472
1786314082485670139,479
1786314082490657658,487
1786314082497091635,495
1786314082501688162,504
1786314082506653053,512
1786314082511662958,520
1786314082517666850,527
1786314082522661597,534
1786314082527670814,540
1786314082532805463,545
1786314082538689126,549
1786314082543733573,552
1786314082548963562,554
1786314082553654647,556
1786314082559703759,557
1786314082565306578,557
1786314082569645609,556
1786314082575679337,553
1786314082580742489,551
1786314082585724101,547
1786314082590711025,543
1786314082598748963,539
1786314082601671076,535
1786314082606714838,530
1786314082611669370,525
1786314082617652279,520
1786314082622656525,514
1786314082627671228,507
1786314082633624806,501
1786314082638699775,495
1786314082643653794,488
1786314082649667649,482
1786314082653720534,476
1786314082659689470,469
1786314082665241839,463
1786314082669681311,457
1786314082674675645,451
1786314082681201576,446
1786314082685673401,441
1786314082690666682,437
1786314082695715655,432
1786314082701698281,428
1786314082706682068,425
1786314082711719497,421
1786314082716683668,417
1786314082722677362,415
1786314082727669997,412
1786314082732748905,409
1786314082738642727,407
1786314082743764006,406
1786314082748714052,404
1786314082753687666,402
1786314082759723471,400
1786314082764702004,399
1786314082769675643,398
1786314082774713462,397
1786314082782151218,397
1786314082785652282,397
1786314082790685930,397
1786314082795731979,397
1786314082801655538,396
1786314082806655359,397
1786314082811727822,397
1786314082816687691,398
1786314082822669865,399
1786314082827705548,400
1786314082832672001,400
1786314082837659004,400
1786314082843704530,401
1786314082848699682,401
1786314082853743288,402
1786314082858714356,403
1786314082864654501,404
1786314082869699393,405
1786314082874636817,406
1786314082879803843,407
1786314082885664916,409
1786314082890625289,409
1786314082895676328,410
1786314082900679715,412
1786314082906698119,413
1786314082911674599,413
1786314082916743396,414
1786314082921665484,414
1786314082927663171,415
1786314082932737678,416
1786314082937676698,416
1786314082943710707,417
1786314082949084000,418
1786314082953736334,418
1786314082958804547,419
1786314082964705493,419
1786314082969756888,420
1786314082974762356,420
1786314082979805443,420
1786314082985752335,420
1786314082990716361,419
1786314082995757799,418
1786314083001297194,417
1786314083006705822,416
1786314083011720219,414
1786314083017686542,413
1786314083022651137,412
1786314083027660280,411
1786314083033638710,409
1786314083037702273,407
1786314083042703096,405
1786314083048998469,403
1786314083054729133,401
1786314083058796788,398
1786314083063692660,397
1786314083069828321,397
1786314083074680082,395
1786314083080257156,394
1786314083084704918,394
1786314083090695344,395
1786314083095934227,394
1786314083100702503,395
1786314083105716093,396
1786314083112073318,398
1786314083116658646,401
1786314083121922020,407
1786314083127726023,413
1786314083132748625,422
1786314083137665395,434
1786314083142861640,448
1786314083149900338,465
1786314083153742317,484
1786314083158724979,506
1786314083163758303,531
1786314083170047772,557
1786314083174794920,584
1786314083180057657,613
1786314083185109838,644
1786314083191667777,674
1786314083196202328,705
1786314083202698046,734
1786314083205724058,763
1786314083212379005,788
1786314083217630884,812
1786314083222634000,834
1786314083227667741,853
1786314083233670340,870
1786314083238025259,882
1786314083242728394,893
1786314083248065722,899
1786314083253708939,903
1786314083258800181,904
1786314083264061154,901
1786314083269048003,895
1786314083275217831,886
1786314083280957640,875
1786314083284767116,862
1786314083290160080,847
1786314083296084891,830
1786314083300717466,811
1786314083306649861,791
1786314083312445373,771
1786314083317709456,749
1786314083323660268,726
1786314083327700552,703
1786314083333267972,679
1786314083338105746,655
1786314083346121342,629
1786314083349317410,605
1786314083354590524,582
1786314083359708487,559
1786314083364524706,538
1786314083370975040,519
1786314083375669767,501
1786314083380551626,484
1786314083386066913,471
1786314083389960724,460
1786314083395973936,450
1786314083400764030,443
1786314083406233562,438
1786314083412553300,435
1786314083417766034,434
1786314083422117648,435
1786314083427057987,438
1786314083432849471,441
1786314083438374917,446
1786314083442983512,451
1786314083447770144,458
1786314083453309184,465
1786314083459536554,472
1786314083463794198,481
1786314083469686231,489
1786314083475583302,496
1786314083479702860,503
1786314083484671193,510
1786314083490637162,515
1786314083495715036,521
1786314083500661884,526
1786314083506681220,530
1786314083510673228,534
1786314083517691726,536
1786314083522900813,538
1786314083526694614,539
1786314083531670568,538
1786314083537653128,538
1786314083542717808,537
1786314083547662579,535
1786314083553349101,532
1786314083558905310,529
1786314083563819147,525
1786314083570348401,521
1786314083573931607,516
1786314083580124759,510
1786314083585653575,505
1786314083589907356,500
1786314083594770715,494
1786314083601599477,488
1786314083606883312,482
1786314083611656331,475
1786314083616007827,469
1786314083623537057,463
1786314083626828427,458
1786314083631788602,452
1786314083637779079,446
1786314083643669809,441
1786314083647760920,436
1786314083655143201,431
1786314083659030162,426
1786314083663927522,421
1786314083668818175,417
1786314083674740181,414
1786314083679703000,411
1786314083685184286,407
1786314083689884092,404
1786314083694840310,402
1786314083700770832,399
1786314083706031822,398
1786314083710801709,395
1786314083715783274,394
1786314083722009615,394
1786314083727029592,393
1786314083731841847,393
1786314083736745528,392
1786314083742697353,392
1786314083747729561,392
1786314083752762250,391
1786314083758156591,392
1786314083763684341,392
1786314083768676845,392
1786314083774212018,393
1786314083778637731,393
1786314083784668857,394
1786314083789691576,395
1786314083794676205,395
1786314083799719750,396
1786314083805864256,397
1786314083810678535,398
1786314083815727119,398
1786314083821263239,398
1786314083826692707,399
1786314083831792124,401
1786314083837511571,401
1786314083842777937,403
1786314083848043971,404
1786314083852711384,405
1786314083857929154,406
1786314083864845690,407
1786314083868772795,409
1786314083874094322,410
1786314083878825689,412
1786314083884763971,413
1786314083890004404,415
1786314083894865063,416
1786314083899763440,417
1786314083905793698,418
1786314083910948626,419
1786314083915818777,419
1786314083920785264,418
1786314083927291694,418
1786314083931803109,418
1786314083936786585,417
1786314083942145952,417
1786314083947738363,416
1786314083952747838,415
1786314083957961014,414
1786314083963060383,413
1786314083968694079,411
1786314083973875188,408
1786314083978735804,406
1786314083983742883,404
1786314083989765026,403
1786314083994733039,401
1786314083999729529,400
1786314084004711779,399
1786314084010732461,398
1786314084015692238,396
1786314084020715789,395
1786314084026739337,395
1786314084031684962,395
1786314084036682435,394
1786314084041867173,396
1786314084047729706,399
1786314084052684626,403
1786314084057800288,407
1786314084062719208,415
1786314084068708782,424
1786314084074429611,435
1786314084078727697,450
1786314084083714708,468
1786314084090135979,489
1786314084094714462,511
1786314084099667071,536
1786314084105174727,563
1786314084110688978,592
1786314084115661726,622
1786314084120632576,653
1786314084125708555,685
1786314084131657984,716
1786314084136667964,747
1786314084141714154,776
1786314084146747956,804
1786314084152687227,828
1786314084158044741,850
1786314084162661462,870
1786314084167655442,887
1786314084173996838,900
1786314084178670932,909
1786314084183677459,916
1786314084189322135,919
1786314084194685210,918
1786314084199670387,913
1786314084204715717,907
1786314084210792115,896
1786314084215697524,884
1786314084220708271,869
1786314084225673248,853
1786314084231683548,836
1786314084236684356,817
1786314084241802320,797
1786314084246680418,777
1786314084252653703,755
1786314084258023750,732
1786314084262683049,709
1786314084267703027,686
1786314084274163747,662
1786314084278694220,637
1786314084283736548,614
1786314084288767767,592
1786314084294662523,570
1786314084299671934,550
1786314084304758814,531
1786314084309771264,513
1786314084315667839,497
1786314084320675381,484
1786314084325765533,472
1786314084330796756,463
1786314084336652027,456
1786314084342838610,451
1786314084346676322,448
1786314084351662602,446
1786314084358204115,446
1786314084362675554,449
1786314084367670326,452
1786314084372884249,456
1786314084378670520,461
1786314084383668944,467
1786314084388726317,475
1786314084394687616,481
1786314084399674293,488
1786314084404662652,495
1786314084409666104,502
1786314084415671473,510
1786314084420677698,516
1786314084425684564,524
1786314084430830765,530
1786314084436703931,535
1786314084442192391,539
1786314084446646502,543
1786314084451677767,546
1786314084458130762,548
1786314084463021252,549
1786314084467732962,549
1786314084472707962,548
1786314084478737218,547
1786314084483819277,544
1786314084488743870,541
1786314084493795428,537
1786314084499711752,533
1786314084504667683,527
1786314084509852265,521
1786314084514739350,515
1786314084520734570,508
1786314084526108414,501
1786314084530713471,495
1786314084535728726,488
1786314084542006366,482
1786314084546666459,476
1786314084551685270,470
1786314084558080655,463
1786314084562667052,458
1786314084567673756,452
1786314084572723408,447
1786314084578671441,442
1786314084583748041,437
1786314084588720760,433
1786314084593751336,429
1786314084599675480,425
1786314084604682259,422
1786314084610047433,420
1786314084614679976,416
1786314084620713016,414
1786314084626815379,411
1786314084630624940,408
1786314084635610048,405
1786314084642070640,403
1786314084646647067,400
1786314084651592704,398
1786314084656696600,396
1786314084663101187,394
1786314084667668568,393
1786314084674695603,392
1786314084677656401,391
1786314084683684714,391
1786314084688706234,392
1786314084693664442,392
1786314084698680514,392
1786314084704678879,392
1786314084709967392,392
1786314084714680852,393
1786314084719730816,393
1786314084726043688,393
1786314084730707367,393
1786314084735725125,394
1786314084740736775,394
1786314084746709316,396
1786314084751703902,397
1786314084756732067,398
1786314084762706822,399
1786314084767667731,400
1786314084772645115,401
1786314084777813002,401
1786314084783743074,402
1786314084788740731,403
1786314084793784320,403
1786314084798679313,404
1786314084804697616,405
1786314084810144983,406
1786314084814682317,407
1786314084819661504,408
1786314084825701409,409
1786314084830703838,410
1786314084835645205,411
1786314084840921296,412
1786314084846663030,413
1786314084851721332,413
1786314084856753316,414
1786314084861698630,415
1786314084867714512,415
1786314084872704562,416
1786314084877680614,416
1786314084882710629,415
1786314084888723218,415
1786314084893712451,414
1786314084898716387,413
1786314084903740837,413
1786314084909805053,412
1786314084914674172,411
1786314084919652518,410
1786314084925660170,410
1786314084930666950,409
1786314084935701434,408
1786314084940766194,406
1786314084946669079,405
1786314084951729523,404
1786314084956706961,403
1786314084961859360,402
1786314084967663516,401
1786314084972702200,400
1786314084977708757,399
1786314084982694892,398
1786314084988692943,397
1786314084993786308,395
1786314084998687102,395
1786314085003706143,395
1786314085009797199,396
1786314085014710656,397
1786314085019776795,399
1786314085024669278,404
1786314085030726560,410
1786314085035672411,418
1786314085040865961,429
1786314085045757951,442
1786314085051662984,458
1786314085056662088,476
1786314085061788138,498
1786314085066693285,521
1786314085072718367,548
1786314085077692278,576
1786314085082708290,606
1786314085087687712,637
1786314085093715539,668
1786314085098717217,700
1786314085103709750,730
1786314085109775521,759
1786314085114699159,787
1786314085119644858,813
1786314085125029897,837
1786314085130713283,857
1786314085135739009,874
1786314085141062719,889
1786314085145776176,900
1786314085151698246,908
1786314085157296352,912
1786314085161679945,912
1786314085166714624,910
1786314085172674115,905
1786314085177745811,896
1786314085182667618,885
1786314085187700079,872
1786314085193740337,856
1786314085198686830,839
1786314085203657791,820
1786314085209192311,800
1786314085214671100,778
1786314085220068448,755
1786314085225090867,732
1786314085229663387,708
1786314085235720633,683
1786314085241085128,658
1786314085245718382,633
1786314085250707619,608
1786314085256830560,585
1786314085261717430,562
1786314085266707050,540
1786314085271702335,520
1786314085277836323,502
1786314085282659849,486
1786314085287643716,472
1786314085293678807,459
1786314085298724843,448
1786314085303739971,441
1786314085309222497,435
1786314085314655607,431
1786314085319682480,429
1786314085325049824,430
1786314085329692981,431
1786314085335710393,433
1786314085340763543,438
1786314085345661529,444
1786314085350688057,450
1786314085356739562,457
1786314085361666871,464
1786314085366832491,472
1786314085371641117,479
1786314085377866140,486
1786314085383950629,493
1786314085388059519,500
1786314085393149861,506
1786314085399303251,511
1786314085403837308,517
1786314085408967125,521
1786314085413697835,525
1786314085419678973,528
1786314085424924830,530
1786314085431136537,531
1786314085434686229,531
1786314085440968640,531
1786314085446667032,530
1786314085450750901,527
1786314085456687347,524
1786314085462010596,521
1786314085466720717,517
1786314085472047387,513
1786314085477946170,507
1786314085482856270,502
1786314085488333999,497
1786314085493141150,492
1786314085498898348,487
1786314085503937501,482
1786314085509127369,477
1786314085513697529,471
1786314085519779079,466
1786314085524995417,461
1786314085529784011,455
1786314085534780747,450
1786314085540946373,444
1786314085546553004,440
1786314085550873544,435
1786314085555867178,430
1786314085562020060,425
1786314085566644096,421
1786314085571681505,417
1786314085576803184,413
1786314085582839461,409
1786314085588031523,406
1786314085592836278,402
1786314085597738722,400
1786314085603667304,397
1786314085609246530,395
1786314085613727900,393
1786314085618682986,391
1786314085625226506,389
1786314085629731669,388
1786314085634688420,386
1786314085639666340,385
1786314085645730568,385
1786314085650673902,385
1786314085655671934,385
1786314085661745117,385
1786314085666698747,386
1786314085671652692,387
1786314085677020848,386
1786314085682732704,388
1786314085687711803,389
1786314085692810491,390
1786314085697692759,391
1786314085703706893,393
1786314085708736870,394
1786314085713648507,396
1786314085718634325,397
1786314085724701924,399
1786314085729960280,400
1786314085734637188,402
1786314085739630235,403
1786314085745696598,404
1786314085750688012,405
1786314085755667793,405
1786314085760726840,406
1786314085766726887,406
1786314085771717316,407
1786314085776721961,408
1786314085781717239,408
1786314085787724387,410
1786314085792708448,411
1786314085797740087,411
1786314085802716099,412
1786314085808791462,415
1786314085813802152,416
1786314085818717754,416
1786314085824634399,417
1786314085829806074,418
1786314085834700989,419
1786314085839677074,420
1786314085845740938,420
1786314085850669240,420
1786314085855670163,421
1786314085860785836,420
1786314085866759126,421
1786314085871755527,420
1786314085876983117,419
1786314085881976751,419
1786314085888732787,419
1786314085893088806,418
1786314085897654533,417
1786314085902981187,416
1786314085909080628,415
1786314085914781738,412
1786314085918684741,410
1786314085923750768,408
1786314085929692393,406
1786314085934830824,404
1786314085939733095,402
1786314085946050149,401
1786314085950913218,398
1786314085955628755,397
1786314085960691708,395
1786314085965730343,393
1786314085971917654,392
1786314085977103138,390
1786314085981713311,388
1786314085986726068,388
1786314085992668367,388
1786314085997672520,389
1786314086003007024,391
1786314086008756693,393
1786314086013829278,398
1786314086018835185,403
1786314086023819438,412
1786314086030744371,422
1786314086034804751,434
1786314086039732618,450
1786314086045185114,468
1786314086050750617,489
1786314086056130863,513
1786314086061598671,538
1786314086065717979,566
1786314086071696969,594
1786314086076761026,623
1786314086081685391,652
1786314086086819309,682
1786314086092951987,711
1786314086097651766,738
1786314086102930253,764
1786314086107733797,788
1786314086114281659,809
1786314086118689671,827
1786314086123667192,843
1786314086129228701,856
1786314086134681900,866
1786314086139703022,872
1786314086144687126,875
1786314086149727474,875
1786314086155668289,872
1786314086160685463,865
1786314086166000030,856
1786314086170674233,845
1786314086177689081,830
1786314086181734469,815
1786314086186816419,797
1786314086193186388,777
1786314086197765557,756
1786314086202722189,734
1786314086207687875,711
1786314086213752153,687
1786314086219059883,663
1786314086223643083,639
1786314086228640949,615
1786314086234693118,591
1786314086239656404,569
1786314086244679429,548
1786314086249660709,528
1786314086255662780,508
1786314086260985863,492
1786314086265860068,477
1786314086270669618,464
1786314086277206891,453
1786314086281712755,444
1786314086286646519,437
1786314086292561598,432
1786314086297739129,430
1786314086302658748,430
1786314086307620727,432
1786314086312708060,435
1786314086318691499,438
1786314086323620985,444
1786314086328686198,450
1786314086333694287,457
1786314086339623108,465
1786314086344631997,473
1786314086349660589,481
1786314086355567634,489
1786314086361071492,497
1786314086365750918,506
1786314086370672477,513
1786314086376686382,521
1786314086381692252,527
1786314086386648640,533
1786314086391626958,538
1786314086398004785,543
1786314086402654316,546
1786314086407691589,548
1786314086412870132,549
1786314086418673779,549
1786314086423703792,548
1786314086428908043,547
1786314086433810247,546
1786314086439677182,543
1786314086444974384,541
1786314086449749115,538
1786314086454735178,535
1786314086461611048,531
1786314086465709394,527
1786314086470665888,522
1786314086475700468,517
1786314086481745865,512
1786314086486678721,506
1786314086491629185,501
1786314086496700610,495
1786314086502683399,490
1786314086507718628,485
1786314086512692180,480
1786314086517670737,474
1786314086523687168,469
1786314086528814609,464
1786314086533678600,459
1786314086539602413,454
1786314086544930530,449
1786314086550081097,446
1786314086554737385,441
1786314086561180159,437
1786314086565731056,433
1786314086570716348,429
1786314086575695466,426
1786314086581807178,422
1786314086587095551,419
1786314086591698608,416
1786314086597019487,414
1786314086603006765,412
1786314086607631971,410
1786314086613017747,409
1786314086617730868,407
1786314086623663248,407
1786314086629405128,406
1786314086633734746,404
1786314086638703623,404
1786314086644944960,404
1786314086649719870,404
1786314086654662220,404
1786314086659710097,405
1786314086665956055,405
1786314086670689392,406
1786314086675700204,407
1786314086680708014,408
1786314086686697536,410
1786314086691709099,412
1786314086696720975,413
1786314086701666161,415
1786314086707677385,417
1786314086712679029,418
1786314086718651631,418
1786314086722712886,419
1786314086730002170,420
1786314086733677325,421
1786314086738710182,422
1786314086744696184,423
1786314086749672603,423
1786314086754634058,424
1786314086759614294,425
1786314086765663412,426
1786314086770650891,426
1786314086775667637,426
1786314086780727106,425
1786314086786728043,425
1786314086791727690,424
1786314086796715312,423
1786314086801676008,423
1786314086809709138,423
1786314086813703764,422
1786314086818339288,421
1786314086822637153,420
1786314086829269709,419
1786314086833735662,417
1786314086838707268,416
1786314086845098380,415
1786314086851674835,414
1786314086854712510,413
1786314086859704941,411
1786314086865674666,409
1786314086870696930,409
1786314086876643968,408
1786314086882646403,408
1786314086886315195,409
1786314086891710753,410
1786314086896880587,412
1786314086901736106,417
1786314086906691169,422
1786314086913022027,429
1786314086917744524,438
1786314086922712588,449
1786314086929121813,464
1786314086933684068,480
1786314086938657578,500
1786314086943667067,521
1786314086950029861,544
1786314086954701431,568
1786314086959648295,594
1786314086964737285,621
1786314086971214560,649
1786314086975644844,676
1786314086981439900,703
1786314086985659201,729
1786314086991645226,754
1786314086997726520,778
1786314087002702116,799
1786314087006658840,819
1786314087013167784,835
1786314087018093151,848
1786314087022665380,859
1786314087027717625,866
1786314087033731087,871
1786314087038725581,873
1786314087044728091,872
1786314087048698170,867
1786314087054734591,860
1786314087059665938,851
1786314087064699152,839
1786314087069665316,825
1786314087075672289,809
1786314087080713881,792
1786314087085688883,774
1786314087090687490,754
1786314087096687894,734
1786314087101670837,713
1786314087106663269,691
1786314087113214635,668
1786314087118279095,645
1786314087122666125,622
1786314087127632321,599
1786314087133711678,576
1786314087138707302,555
1786314087143711948,535
1786314087148662664,517
1786314087154645107,500
1786314087159653706,485
1786314087164705157,472
1786314087169682002,461
1786314087175685014,452
1786314087180706573,445
1786314087185710709,440
1786314087190734221,436
1786314087196710359,435
1786314087201692024,435
1786314087206676547,436
1786314087212142437,439
1786314087220696916,443
1786314087222702056,448
1786314087227764534,455
1786314087232663335,463
1786314087239093439,470
1786314087243645677,478
1786314087248674902,486
1786314087253664661,493
1786314087259615489,500
1786314087264679107,507
1786314087269994998,513
1786314087274626217,520
1786314087281259395,525
1786314087285956427,530
1786314087290737877,534
1786314087296694959,538
1786314087301704951,541
1786314087306694964,543
1786314087312126604,544
1786314087317881665,544
1786314087322671839,544
1786314087327702136,543
1786314087333093105,541
1786314087338719059,538
1786314087343692741,535
1786314087348712492,531
1786314087353706373,527
1786314087359678143,522
1786314087364688852,516
1786314087369673161,512
1786314087374643485,506
1786314087380682597,500
1786314087385872005,495
1786314087391341978,490
1786314087395662491,484
1786314087401685081,478
1786314087406673858,473
1786314087411774113,467
1786314087416651591,462
1786314087422878511,457
1786314087427714421,451
1786314087432653958,446
1786314087437775641,441
1786314087443744944,436
1786314087448805279,432
1786314087453787339,427
1786314087458698307,423
1786314087464710512,420
1786314087469712148,418
1786314087474713371,415
1786314087480652398,413
1786314087485684299,410
1786314087490668259,409
1786314087495783919,407
1786314087501749510,406
1786314087506721406,405
1786314087511739161,405
1786314087517258487,404
1786314087522665504,404
1786314087528179189,405
1786314087533822486,404
1786314087537647097,404
1786314087543671626,404
1786314087548674441,404
1786314087553700327,404
1786314087558647622,405
1786314087564696683,405
1786314087569962143,407
1786314087574970532,407
1786314087579842364,408
1786314087585930610,409
1786314087590918450,411
1786314087595875740,412
1786314087600794454,413
1786314087606715552,414
1786314087611988399,415
1786314087616731026,416
1786314087621677620,418
1786314087627732342,418
1786314087632769772,419
1786314087638232687,419
1786314087643661638,420
1786314087649530189,421
1786314087653713383,422
1786314087658730469,423
1786314087664724087,424
1786314087669739515,424
1786314087674729408,425
1786314087680164008,425
1786314087685707055,425
1786314087690717938,426
1786314087695754546,426
1786314087700691711,426
1786314087706683367,425
1786314087712241008,425
1786314087716709502,423
1786314087721941077,423
1786314087727703195,422
1786314087732679020,421
1786314087737656997,419
1786314087742644701,418
1786314087749250680,418
1786314087754078964,417
1786314087758662648,416
1786314087764101373,416
1786314087769975783,416
1786314087775058808,417
1786314087779775381,421
1786314087784936742,426
1786314087790953397,433
1786314087796223104,442
1786314087800737702,453
1786314087806124837,467
1786314087812046995,484
1786314087817028935,503
1786314087821938832,525
1786314087826704293,550
1786314087832725175,577
1786314087837713015,605
1786314087842662228,635
1786314087849851540,666
1786314087853728952,696
1786314087858893809,727
1786314087863812440,757
1786314087869681962,785
1786314087874728360,813
1786314087879667799,838
1786314087884809121,861
1786314087890662150,881
1786314087896068359,898
1786314087900909900,912
1786314087905674588,922
1786314087911691861,929
1786314087917872560,933
1786314087921660437,932
1786314087926655251,928
1786314087932975618,922
1786314087938052970,913
1786314087942783353,901
1786314087948070917,888
1786314087953729478,872
1786314087958713256,854
1786314087964216822,836
1786314087968970629,815
1786314087974651827,794
1786314087980205557,772
1786314087984692454,750
1786314087989731619,727
1786314087995931683,703
1786314088000717466,680
1786314088005693209,657
1786314088011739466,633
1786314088016701142,611
1786314088021700889,589
1786314088026671974,568
1786314088032727568,548
1786314088037696316,531
1786314088042653274,515
1786314088047712913,501
1786314088053724209,489
1786314088058666306,480
1786314088063684416,472
1786314088068669220,465
1786314088074675307,462
1786314088079949868,460
1786314088084723761,460
1786314088089670069,462
1786314088096696473,464
1786314088101432910,468
1786314088105893599,474
1786314088110709661,479
1786314088116792400,486
1786314088121691100,493
1786314088126647794,501
1786314088131716009,509
1786314088137671085,516
1786314088142633059,524
1786314088147654717,531
1786314088152736464,537
1786314088158723008,543
1786314088163830647,549
1786314088168660374,553
1786314088174016220,555
1786314088179877851,558
1786314088184768775,560
1786314088189675390,560
1786314088195773881,560
1786314088201217676,559
1786314088205665315,557
1786314088210703086,553
1786314088216754861,551
1786314088221631387,547
1786314088226663462,543
1786314088231722710,539
1786314088237663008,533
1786314088242650578,528
1786314088247797606,522
1786314088252655673,516
1786314088258663115,510
1786314088263697182,503
1786314088268667828,498
1786314088273687974,492
1786314088279653621,485
1786314088284690386,479
1786314088289701093,473
1786314088295286452,466
1786314088301016288,461
1786314088306046301,456
1786314088310723857,450
1786314088315947174,446
1786314088321648570,442
1786314088326676566,437
1786314088331659436,433
1786314088336662836,430
1786314088342609555,427
1786314088347721431,424
1786314088352668778,421
1786314088357657555,419
1786314088363669796,418
1786314088368661070,416
1786314088373654747,414
1786314088379282184,413
1786314088384654358,411
1786314088389672448,410
1786314088394718300,409
1786314088400671340,408
1786314088405630332,407
1786314088410672952,406
1786314088415713024,405
1786314088421638974,405
1786314088426596727,405
1786314088432681336,405
1786314088436640724,405
1786314088442604636,405
1786314088447648231,406
1786314088452702118,407
1786314088457660236,407
1786314088463678929,408
1786314088468850238,409
1786314088473691966,410
1786314088479090431,412
1786314088484827869,413
1786314088489624901,414
1786314088495134201,416
1786314088499715392,417
1786314088506140896,419
1786314088510730152,421
1786314088515708107,421
1786314088520715041,423
1786314088526705990,424
1786314088531673953,426
1786314088536751246,426
1786314088541652758,428
1786314088547989143,428
1786314088552896686,428
1786314088557969676,428
1786314088563909294,429
1786314088568716905,430
1786314088574005970,430
1786314088578786206,429
1786314088584741717,428
1786314088590808018,428
1786314088594763028,426
1786314088599752467,425
1786314088605933069,423
1786314088610739195,423
1786314088615664598,421
1786314088621625391,419
1786314088626730715,418
1786314088631668578,417
1786314088636919692,416
1786314088641663932,415
1786314088647785050,414
1786314088652917205,413
1786314088657642170,412
1786314088663119990,411
1786314088668670205,411
1786314088673630611,411
1786314088678679688,413
1786314088683688125,414
1786314088689670057,417
1786314088694711351,423
1786314088699670293,431
1786314088704720557,442
1786314088710673021,456
1786314088715719061,471
1786314088720699738,490
1786314088725667920,512
1786314088731710916,536
1786314088736728575,563
1786314088741707084,592
1786314088747762842,623
1786314088752705872,654
1786314088757724209,685
1786314088763458712,717
1786314088770687263,749
1786314088774891602,779
1786314088778736112,808
1786314088783881771,835
1786314088789631425,859
1786314088796376617,880
1786314088800250887,898
1786314088804711681,913
1786314088812268213,924
1786314088816258039,932
1786314088820653410,937
1786314088826759302,939
1786314088831685052,936
1786314088836697479,931
1786314088842703251,923
1786314088848148649,913
1786314088853640952,899
1786314088857866300,884
1786314088863663668,867
1786314088867979762,848
1786314088873665367,828
1786314088880370997,806
1786314088883728343,783
1786314088889145731,760
1786314088894683873,735
1786314088899696008,710
1786314088905071261,685
1786314088910075546,660
1786314088916212312,635
1786314088921109906,610
1786314088925995005,588
1786314088930742317,566
1786314088937083085,545
1786314088941659109,526
1786314088946705612,509
1786314088953318820,494
1786314088957667685,481
1786314088962717146,469
1786314088967782010,460
1786314088973696043,453
1786314088978769333,448
1786314088984465880,446
1786314088988721227,446
1786314088994696903,447
1786314088999681983,450
1786314089005409458,454
1786314089010226661,458
1786314089015885258,463
1786314089020872019,469
1786314089025739152,475
1786314089032208602,482
1786314089037078258,489
1786314089041712358,496
1786314089046744845,503
1786314089052197370,510
1786314089058005754,515
1786314089064175872,521
1786314089068609621,527
1786314089072747551,531
1786314089078653067,535
1786314089084005874,538
1786314089088724180,540
1786314089093780547,540
1786314089099758445,540
1786314089104699942,539
1786314089110112119,538
1786314089114753508,534
1786314089121180486,531
1786314089126232030,528
1786314089131124786,523
1786314089136718028,518
1786314089141974634,512
1786314089147494849,507
1786314089152158130,500
1786314089158069610,494
1786314089164657977,487
1786314089167717950,480
1786314089172780045,473
1786314089178657386,467
1786314089184627557,461
1786314089188733296,454
1786314089193789284,447
1786314089199765494,441
1786314089204674886,434
1786314089209663924,429
1786314089215083328,423
1786314089220743396,417
1786314089226091110,413
1786314089231156771,409
1786314089235869608,405
1786314089242138509,401
1786314089247998531,398
1786314089252136317,394
1786314089256735367,390
1786314089262759265,388
1786314089269234244,385
1786314089272797545,383
1786314089277745673,382
1786314089283727570,380
1786314089288709753,379
1786314089293744467,379
1786314089300676549,378
1786314089305240077,378
1786314089309731067,377
1786314089315166362,377
1786314089321001484,377
1786314089325655270,378
1786314089330915856,379
1786314089335700352,379
1786314089341743450,380
1786314089347050546,381
1786314089351906957,381
1786314089356743348,381
1786314089362728666,382
1786314089367654501,384
1786314089372653623,385
1786314089377648737,386
1786314089383751699,388
1786314089388653855,389
1786314089394164257,391
1786314089399693918,393
1786314089405401241,395
1786314089409736188,397
1786314089415609023,398
1786314089419751916,400
1786314089425792181,402
1786314089431927078,403
1786314089436189907,404
1786314089440705326,405
1786314089447654382,406
1786314089451645397,407
1786314089456649870,407
1786314089461645541,409
1786314089467662843,410
1786314089472649507,411
1786314089477642964,412
1786314089483087606,413
1786314089488673015,414
1786314089494007757,415
1786314089499687876,414
1786314089504656472,414
1786314089509660767,414
1786314089514978774,412
1786314089519641646,411
1786314089525800678,410
1786314089530660669,409
1786314089535693944,408
1786314089540665974,407
1786314089546742789,406
1786314089551742902,404
1786314089556712360,403
1786314089561819849,402
1786314089567683620,402
1786314089572675543,401
1786314089577638566,400
1786314089582664352,399
1786314089588909100,399
1786314089593702519,397
1786314089598773534,395
1786314089603652145,394
1786314089609663606,392
1786314089614958836,391
1786314089619979980,389
1786314089624618347,389
1786314089630670588,389
1786314089635703191,389
1786314089640736203,389
1786314089645718629,392
1786314089651700682,396
1786314089656729156,402
1786314089661722661,409
1786314089666742675,419
1786314089672655117,432
1786314089677717119,449
1786314089682691970,468
1786314089688665952,490
1786314089693706817,515
1786314089699936156,543
1786314089703737344,573
1786314089709669345,604
1786314089714655346,636
1786314089720048106,669
1786314089724686914,703
1786314089731111356,735
1786314089735658052,766
1786314089740721590,795
1786314089745698908,823
1786314089751911160,848
1786314089757061917,871
1786314089761659613,889
1786314089766693408,906
1786314089772674816,918
1786314089777659642,927
1786314089782716296,932
1786314089787737386,934
1786314089793723864,932
1786314089798687893,926
1786314089803670525,918
1786314089808747654,907
1786314089814660565,894
1786314089819697560,878
1786314089824646528,860
1786314089829751559,841
1786314089835687990,819
1786314089840990722,797
1786314089845773585,773
1786314089851637363,749
1786314089856727903,723
1786314089861723426,698
1786314089866684319,672
1786314089872746742,646
1786314089877717795,619
1786314089882685462,594
1786314089888089751,570
1786314089893647135,548
1786314089898683860,527
1786314089903681374,509
1786314089908742461,492
1786314089914696144,478
1786314089919680061,465
1786314089924683685,456
1786314089932209548,449
1786314089935650222,444
1786314089940763903,440
1786314089945723444,440
1786314089950693650,441
1786314089956659686,444
1786314089961678650,448
1786314089966710691,453
1786314089971658801,460
1786314089977660162,467
1786314089982690987,475
1786314089987695537,484
1786314089992725327,493
1786314089998730738,501
1786314090003882948,510
1786314090008675739,518
1786314090013793529,526
1786314090019721710,532
1786314090024667594,538
1786314090029827178,542
1786314090036350246,545
1786314090041193889,548
1786314090045719256,550
1786314090051260247,551
1786314090056735139,551
1786314090062684256,550
1786314090066706046,549
1786314090071667366,547
1786314090077679598,544
1786314090082729950,541
1786314090087668834,537
1786314090092628010,532
1786314090098692843,527
1786314090103648641,522
1786314090108602156,516
1786314090115632349,511
1786314090119651572,505
1786314090124624429,499
1786314090129655545,493
1786314090134718167,486
1786314090140697987,480
1786314090145709183,474
1786314090150793575,469
1786314090155656172,463
1786314090161652185,457
1786314090166699140,452
1786314090171717861,448
1786314090176663704,443
1786314090182946231,438
1786314090187658532,434
1786314090192674958,431
1786314090197708621,428
1786314090203847181,425
1786314090208646852,422
1786314090213793505,420
1786314090220082094,417
1786314090224669937,415
1786314090229777975,413
1786314090234694057,411
1786314090240825340,411
1786314090245707574,410
1786314090250635142,409
1786314090255646234,409
1786314090261669882,408
1786314090266638599,408
1786314090271644823,408
1786314090276644831,408
1786314090282690980,407
1786314090287828623,407
1786314090292644687,407
1786314090299225491,408
1786314090304021740,407
1786314090308662772,408
1786314090313714471,408
1786314090318706757,408
1786314090324666755,409
1786314090329783716,410
1786314090334682479,410
1786314090340118169,410
1786314090345700039,412
1786314090350647830,413
1786314090355656368,414
1786314090360653103,416
1786314090366636032,418
1786314090371642786,420
1786314090376648731,422
1786314090381669407,423
1786314090387647153,425
1786314090392661661,427
1786314090397727229,429
1786314090403640012,431
1786314090408735518,432
1786314090413751965,433
1786314090418666504,434
1786314090424708786,435
1786314090429721029,435
1786314090435117607,436
1786314090439649015,435
1786314090445732376,436
1786314090450787967,435
1786314090456062687,434
1786314090460675028,432
1786314090466716890,432
1786314090471727056,431
1786314090476709655,430
1786314090482025037,429
1786314090487670685,428
1786314090492700954,428
1786314090497709317,426
1786314090502737026,424
1786314090508700372,421
1786314090513685382,419
1786314090518699465,415
1786314090523666995,414
1786314090529731335,412
1786314090534708392,409
1786314090539721129,406
1786314090544692706,404
1786314090550655225,403
1786314090555959064,401
1786314090560738958,400
1786314090565764666,399
1786314090572097593,398
1786314090576660385,399
1786314090582125696,400
1786314090587653419,403
1786314090592641610,408
1786314090598270444,413
1786314090602667891,421
1786314090608691504,432
1786314090614165959,445
1786314090618684413,461
1786314090623676501,481
1786314090629657004,503
1786314090634941998,527
1786314090639655888,554
1786314090644669707,583
1786314090650700441,614
1786314090655654478,644
1786314090660639629,677
1786314090665678677,709
1786314090671615798,740
1786314090676611092,770
1786314090681899677,799
1786314090686678104,825
1786314090692628019,849
1786314090698565002,871
1786314090702648670,888
1786314090707592184,903
1786314090713655474,914
1786314090718697878,922
1786314090723639530,926
1786314090729647315,927
1786314090735305404,925
1786314090739660756,920
1786314090744697640,911
1786314090749700564,900
1786314090755704175,886
1786314090760689995,871
1786314090765686377,854
1786314090771720592,834
1786314090776702708,813
1786314090782744482,791
1786314090786938589,768
1786314090792699305,743
1786314090798131459,718
1786314090802668293,692
1786314090807693824,668
1786314090813645135,641
1786314090818677982,616
1786314090823999442,592
1786314090828724067,569
1786314090834648197,547
1786314090839644899,526
1786314090844648773,508
1786314090849687702,493
1786314090855703869,479
1786314090860689328,468
1786314090866271440,459
1786314090871093057,451
1786314090877060534,447
1786314090881696217,444
1786314090887091024,442
1786314090891657462,443
1786314090897903198,445
1786314090902693198,448
1786314090907721014,453
1786314090912689581,458
1786314090918751994,465
1786314090923705714,472
1786314090928774200,480
1786314090933686213,487
1786314090940125830,495
1786314090944642802,502
1786314090949693148,510
1786314090955742662,517
1786314090960692131,524
1786314090965738081,530
1786314090970647168,535
1786314090976641575,539
1786314090981732136,543
1786314090986757219,544
1786314090991665354,546
1786314090997686988,545
1786314091003125997,544
1786314091007701868,543
1786314091012715069,540
1786314091018677450,537
1786314091023658511,532
1786314091028693036,528
1786314091033673910,523
1786314091039692623,518
1786314091044657290,512
1786314091049715465,506
1786314091054675087,500
1786314091061133830,495
1786314091065696540,488
1786314091071711125,482
1786314091075838914,475
1786314091083653737,469
1786314091086757394,463
1786314091091740450,457
1786314091097186794,452
1786314091102710375,447
1786314091107682093,442
1786314091112698539,437
1786314091117714290,433
1786314091123673200,429
1786314091128695392,425
1786314091133656916,421
1786314091139648808,418
1786314091144652818,414
1786314091149753910,410
1786314091154658982,407
1786314091160654074,404
1786314091165711189,402
1786314091170697922,399
1786314091175695235,397
1786314091181684196,395
1786314091186684827,393
1786314091191689193,391
1786314091196647840,390
1786314091202677498,389
1786314091207613585,388
1786314091212637809,388
1786314091217934037,387
1786314091223693891,388
1786314091228665872,387
1786314091233700061,388
1786314091238733714,388
1786314091244746542,388
1786314091250085447,388
1786314091254717704,388
1786314091259733735,389
1786314091265652996,390
1786314091270661674,392
1786314091275670649,394
1786314091281299832,396
1786314091286677516,399
1786314091291671044,401
1786314091296762416,403
1786314091302625491,405
1786314091307724156,407
1786314091312704592,409
1786314091318200464,410
1786314091323646992,412
1786314091328654887,413
1786314091333693046,414
1786314091338694549,415
1786314091344671685,416
1786314091349677024,417
1786314091354651175,418
1786314091359636635,419
1786314091365637176,420
1786314091370733591,421
1786314091375649973,421
1786314091381072243,421
1786314091386703652,421
1786314091391711728,420
1786314091396702073,420
1786314091401697474,420
1786314091407694357,420
1786314091412721955,419
1786314091417664902,418
1786314091422694816,417
1786314091428729104,416
1786314091434530291,415
1786314091438774530,413
1786314091443672461,412
1786314091449703762,411
1786314091454653824,409
1786314091459675461,408
1786314091464701609,406
1786314091470673385,404
1786314091475687638,404
1786314091480659452,402
1786314091486602695,401
1786314091491859437,400
1786314091496696236,399
1786314091501781675,398
1786314091507664873,398
1786314091512681449,396
1786314091517660994,395
1786314091522634511,396
1786314091528662263,397
1786314091533859129,399
1786314091538651750,403
1786314091543649465,409
1786314091549696364,417
1786314091554651989,429
1786314091559684939,443
1786314091564674814,461
1786314091570681564,481
1786314091575650296,504
1786314091581116344,531
1786314091585634379,560
1786314091591708732,591
1786314091596767629,624
1786314091601697121,658
1786314091606719634,693
1786314091612697475,727
1786314091617663359,762
1786314091622648305,795
1786314091627717959,826
1786314091633729126,856
1786314091639065645,882
1786314091643725869,906
1786314091648915936,927
1786314091654678731,945
1786314091659658382,958
1786314091665084500,967
1786314091669655233,971
1786314091675664999,972
1786314091680679775,972
1786314091685674483,972
1786314091691618742,964
1786314091696648742,954
1786314091701655561,942
1786314091706667579,927
1786314091712717257,911
1786314091717678930,892
1786314091722635643,872
1786314091727630245,850
1786314091733660067,827
1786314091738703997,803
1786314091743717054,779
1786314091748701861,753
1786314091754677277,727
1786314091759691660,700
1786314091764646611,673
1786314091769717573,647
1786314091775716636,620
1786314091780708369,595
1786314091785707882,572
1786314091790714490,550
1786314091796739767,531
1786314091801709211,514
1786314091806697406,499
1786314091811659614,488
1786314091817675555,478
1786314091822734791,469
1786314091827714393,464
1786314091833684183,460
1786314091838976948,459
1786314091844083093,459
1786314091849061259,460
1786314091854092802,463
1786314091860109716,466
1786314091866243243,471
1786314091870093725,477
1786314091876981116,482
1786314091880724714,488
1786314091886029247,496
1786314091890858237,502
1786314091897581629,509
1786314091902066652,516
1786314091907833838,523
1786314091912193427,528
1786314091918441996,533
1786314091923283514,537
1786314091927677373,541
1786314091933105490,543
1786314091938965460,545
1786314091943724297,545
1786314091949193192,545
1786314091953730276,544
1786314091959727330,542
1786314091965441591,540
1786314091970354628,537
1786314091974754329,533
1786314091982576974,529
1786314091985757885,524
1786314091990719749,519
1786314091995698864,513
1786314092001782466,508
1786314092006812861,502
1786314092012747744,495
1786314092017210093,489
1786314092022653452,483
1786314092027687074,478
1786314092032742979,471
1786314092037743329,465
1786314092043744230,459
1786314092048736510,454
1786314092053755323,448
1786314092059676142,443
1786314092064654272,439
1786314092069658535,434
1786314092074679881,429
1786314092080708419,425
1786314092085660996,421
1786314092090688048,417
1786314092095674517,414
1786314092101779387,410
1786314092106687681,407
1786314092111698130,405
1786314092116677791,402
1786314092122970270,400
1786314092127690136,398
1786314092133065649,395
1786314092137983265,393
1786314092143735939,391
1786314092149220407,390
1786314092153641942,388
1786314092158631856,387
1786314092164746179,386
1786314092169703852,385
1786314092174707455,384
1786314092179698615,384
1786314092185629111,385
1786314092190635483,385
1786314092195602458,385
1786314092200720420,386
1786314092206682152,386
1786314092211624747,387
1786314092216671568,388
1786314092222583755,389
1786314092227689695,390
1786314092232894263,390
1786314092237677633,391
1786314092243650391,392
1786314092248675154,393
1786314092253711087,393
1786314092258672475,394
1786314092264699633,396
1786314092269680960,397
1786314092274640507,397
1786314092279913945,399
1786314092285668518,400
1786314092290998353,400
1786314092295716972,401
1786314092301105415,401
1786314092306722034,401
1786314092311934349,401
1786314092316667759,402
1786314092321896268,402
1786314092327684486,403
1786314092333046486,403
1786314092337711373,404
1786314092342688233,404
1786314092348681051,405
1786314092353649959,405
1786314092358697943,406
1786314092363701919,406
1786314092369732031,407
1786314092375029756,407
1786314092379760341,407
1786314092385043424,406
1786314092391063739,406
1786314092395712175,405
1786314092400707619,406
1786314092406620301,406
1786314092412028613,406
1786314092416691832,405
1786314092421732248,405
1786314092427662670,405
1786314092433099033,405
1786314092437731638,404
1786314092442648948,404
1786314092449050932,403
1786314092454039171,402
1786314092458644855,401
1786314092463770147,400
1786314092469691781,399
1786314092475121124,397
1786314092480125248,396
1786314092484753028,395
1786314092490732449,394
1786314092495666997,392
1786314092500672162,391
1786314092505701524,390
1786314092511657933,388
1786314092517717601,387
1786314092521811050,385
1786314092526642222,384
1786314092532647484,383
1786314092537681081,382
1786314092542652868,382
1786314092547690644,383
1786314092553715851,384
1786314092558653010,386
1786314092564005784,391
1786314092568675367,399
1786314092574688010,408
1786314092579731733,421
1786314092584699889,436
1786314092590696066,455
1786314092595673038,477
1786314092600863738,502
1786314092605697420,530
1786314092611702712,561
1786314092616657413,595
1786314092622096676,630
1786314092626709457,666
1786314092632652466,703
1786314092637651029,739
1786314092642643533,775
1786314092648120533,810
1786314092653645421,842
1786314092658644861,871
1786314092664065779,898
1786314092668646638,922
1786314092674666382,942
1786314092679711578,958
1786314092684670973,970
1786314092689701056,972
1786314092695692203,972
1786314092700731193,972
1786314092705662361,972
1786314092710666867,972
1786314092717216340,971
1786314092721656853,955
1786314092726668628,941
1786314092731706782,924
1786314092737708042,905
1786314092742702816,884
1786314092747657132,862
1786314092755328778,838
1786314092759065652,814
1786314092764006647,789
1786314092768653661,763
1786314092774657751,736
1786314092779709188,708
1786314092785977650,681
1786314092789669551,653
1786314092795697083,626
1786314092800728470,600
1786314092805685221,575
1786314092810654997,552
1786314092816711826,530
1786314092821993161,511
1786314092826643641,492
1786314092831699326,477
1786314092837682834,464
1786314092842731592,453
1786314092847652612,446
1786314092852647714,440
1786314092858657727,436
1786314092863695450,434
1786314092868688953,434
1786314092873653239,436
1786314092879691958,438
1786314092884709230,442
1786314092889678188,447
1786314092894617027,451
1786314092900684288,457
1786314092905644860,464
1786314092910619259,470
1786314092915684658,478
1786314092921663813,485
1786314092926659063,493
1786314092931699520,499
1786314092937583189,505
1786314092942686164,511
1786314092947671240,516
1786314092952689594,520
1786314092958680778,523
1786314092963636432,526
1786314092968654650,527
1786314092973707128,528
1786314092979675660,527
1786314092984653956,526
1786314092989688600,524
1786314092994705311,521
1786314093000736406,518
1786314093005717607,514
1786314093010666681,509
1786314093015686190,503
1786314093021676419,497
1786314093026687087,491
1786314093032161674,484
1786314093036631912,478
1786314093042652813,472
1786314093049631749,466
1786314093052707956,460
1786314093057912898,454
1786314093064051997,448
1786314093069890340,442
1786314093074351909,437
1786314093079728648,431
1786314093084666189,427
1786314093090500089,423
1786314093094694898,419
1786314093099680291,415
1786314093105813165,411
1786314093110700413,408
1786314093115993000,404
1786314093122609717,401
1786314093126689476,399
1786314093132155416,397
1786314093137689325,394
1786314093142709512,392
1786314093148089118,390
1786314093152879794,387
1786314093157751362,386
1786314093165851296,384
1786314093168669257,382
1786314093173751955,380
1786314093178711077,378
1786314093184687956,377
1786314093190067504,376
1786314093194702769,375
1786314093199649777,374
1786314093205890824,373
1786314093211535568,372
1786314093216204180,372
1786314093221011415,371
1786314093226885546,371
1786314093232152117,372
1786314093236762703,372
1786314093241855120,373
1786314093248123148,375
1786314093253041759,376
1786314093257689032,378
1786314093262710187,380
1786314093268696224,381
1786314093273686346,383
1786314093278715576,384
1786314093283739222,386
1786314093289660635,387
1786314093295601613,388
1786314093299684593,390
1786314093305554813,392
1786314093310661109,394
1786314093315704857,395
1786314093320668930,397
1786314093326672000,398
1786314093331677072,398
1786314093336657941,400
1786314093341649561,400
1786314093347769885,401
1786314093352733588,402
1786314093358891826,402
1786314093362732793,402
1786314093368689565,403
1786314093373674233,402
1786314093379319806,402
1786314093383669144,402
1786314093389710079,403
1786314093395905508,402
1786314093399665269,402
1786314093404666516,402
1786314093410656831,402
1786314093415782891,401
1786314093420727661,401
1786314093425645261,401
1786314093431697767,400
1786314093436660817,399
1786314093441629917,399
1786314093446733786,398
1786314093452691475,397
1786314093457680373,396
1786314093462735512,396
1786314093467717642,395
1786314093473665229,395
1786314093478667471,395
1786314093483697597,395
1786314093489755021,395
1786314093494639573,394
1786314093499640423,394
1786314093504631216,394
1786314093510664251,393
1786314093516778430,391
1786314093520665280,390
1786314093525642522,390
1786314093532091532,389
1786314093536668426,388
1786314093541635990,387
1786314093546702156,385
1786314093552679838,384
1786314093557696209,382
1786314093562667927,381
1786314093567759742,380
1786314093573698489,379
1786314093578706358,378
1786314093583682997,378
1786314093588639372,377
1786314093594647422,378
1786314093599696615,381
1786314093604682155,384
1786314093609703118,390
1786314093615706500,397
1786314093620762148,408
1786314093625684058,422
1786314093630641344,437
1786314093636642680,457
1786314093641669671,479
1786314093646704969,503
1786314093652607717,530
1786314093657770353,559
1786314093662743104,591
1786314093667661248,622
1786314093673701228,655
1786314093678748779,687
1786314093683691248,720
1786314093688653094,752
1786314093694683936,782
1786314093699690381,811
1786314093704637186,836
1786314093709682314,860
1786314093715647863,879
1786314093720780552,896
1786314093725664480,909
1786314093730737782,919
1786314093736689280,926
1786314093741707736,928
1786314093748947307,928
1786314093751666295,924
1786314093757690433,918
1786314093762773858,908
1786314093767773562,896
1786314093772643621,881
1786314093778653318,864
1786314093784022963,846
1786314093788651769,825
1786314093793650490,802
1786314093799682990,779
1786314093804626521,756
1786314093809670469,730
1786314093814684215,704
1786314093820724040,679
1786314093825683343,653
1786314093831590505,628
1786314093836661314,603
1786314093841716816,580
1786314093846720089,557
1786314093852433255,537
1786314093857698860,517
1786314093862751253,499
1786314093867696854,484
1786314093872849060,471
1786314093878694291,460
1786314093883658928,452
1786314093888686261,446
1786314093893689097,441
1786314093899702754,440
1786314093904783951,440
1786314093909650274,442
1786314093914654928,445
1786314093920687773,450
1786314093925661774,457
1786314093932006492,463
1786314093935665170,471
1786314093941652194,479
1786314093946700529,487
1786314093952111481,495
1786314093956704826,502
1786314093962748268,510
1786314093968442479,517
1786314093972662100,523
1786314093977652833,529
1786314093983638289,534
1786314093988716952,539
1786314093993676851,543
1786314093998665222,546
1786314094004820443,548
1786314094009677117,549
1786314094014677190,549
1786314094020698433,549
1786314094025643843,548
1786314094030964740,545
1786314094035659855,543
1786314094041761808,539
1786314094046695216,535
1786314094052052078,531
1786314094056670595,525
1786314094062710178,520
1786314094067680212,514
1786314094072656575,508
1786314094077738575,502
1786314094083708959,495
1786314094088734893,490
1786314094093635501,483
1786314094098701229,476
1786314094104660479,471
1786314094109663873,465
1786314094115082998,458
1786314094119656262,452
1786314094125666808,447
1786314094130979661,442
1786314094135643113,437
1786314094140647477,432
1786314094147925499,428
1786314094151698602,425
1786314094156664478,420
1786314094161711187,416
1786314094167681468,413
1786314094172683491,410
1786314094177635884,407
1786314094183770110,405
1786314094188663753,402
1786314094193644257,400
1786314094198645690,397
1786314094204676350,395
1786314094209741493,393
1786314094214653471,391
1786314094219797685,390
1786314094225668257,388
1786314094230722782,388
1786314094235654729,386
1786314094240651574,386
1786314094247024111,386
1786314094251717645,386
1786314094256733340,386
1786314094261694436,387
1786314094267624564,388
1786314094272719649,388
1786314094277711300,388
1786314094282936347,389
1786314094288714009,389
1786314094293699235,390
1786314094298703444,390
1786314094303694828,391
1786314094309645039,391
1786314094314673787,392
1786314094320207772,393
1786314094324637195,394
1786314094331137502,395
1786314094335659540,397
1786314094340669619,399
1786314094345737749,401
1786314094351698436,402
1786314094356644928,403
1786314094361659484,405
1786314094367601418,408
1786314094372709836,409
1786314094377721611,411
1786314094382675339,413
1786314094388699418,415
1786314094393676991,416
1786314094398704560,416
1786314094403706014,417
1786314094409714144,417
1786314094414783776,417
1786314094419712305,418
1786314094424690340,417
1786314094430690987,416
1786314094435691726,415
1786314094440692383,413
1786314094445709233,411
1786314094451998875,409
1786314094457123464,407
1786314094462740764,405
1786314094466671392,404
1786314094472652538,402
1786314094477673717,400
1786314094482632581,398
1786314094487724268,396
1786314094493719278,394
1786314094498650902,393
1786314094503718175,392
1786314094508677376,390
1786314094515197783,390
1786314094519869808,389
1786314094524712550,390
1786314094531661516,390
1786314094535698184,391
1786314094540699553,393
1786314094545733056,397
1786314094551671042,402
1786314094556658370,408
1786314094561688707,418
1786314094566684096,430
1786314094572647819,444
1786314094577622605,460
1786314094582640528,479
1786314094587624463,501
1786314094593610292,525
1786314094598722921,550
1786314094603655763,578
1786314094608642003,607
1786314094614678374,637
1786314094619683847,667
1786314094624647744,697
1786314094629675933,727
1786314094635708703,755
1786314094640683409,783
1786314094645661087,808
1786314094650643380,831
1786314094656669421,850
1786314094661821402,868
1786314094666700077,882
1786314094671700467,892
1786314094677727738,899
1786314094682723612,903
1786314094687700737,904
1786314094692649830,903
1786314094698636816,897
1786314094703683361,890
1786314094708717486,880
1786314094714603926,867
1786314094721310269,852
1786314094724674961,836
1786314094730683685,818
1786314094735678695,798
1786314094740661977,777
1786314094745645463,755
1786314094750674900,732
1786314094756681558,708
1786314094761742533,684
1786314094766653930,660
1786314094771890475,635
1786314094777687823,611
1786314094782938104,588
1786314094787644612,565
1786314094792647227,543
1786314094799011183,523
1786314094803687930,505
1786314094808704471,489
1786314094813700307,474
1786314094819679486,461
1786314094824637032,451
1786314094829664937,444
1786314094834652657,438
1786314094840643310,435
1786314094845639692,432
1786314094850653092,431
1786314094855632707,432
1786314094861668681,435
1786314094866723869,440
1786314094871634738,445
1786314094876621283,450
1786314094882723222,457
1786314094887655163,464
1786314094892643608,472
1786314094898663961,480
1786314094903658802,489
1786314094908639873,497
1786314094913667037,504
1786314094919656808,511
1786314094924661366,517
1786314094929697732,523
1786314094935030661,527
1786314094940634357,532
1786314094945656570,535
1786314094950648564,537
1786314094955653127,538
1786314094961673990,538
1786314094966645901,537
1786314094971630103,534
1786314094976639219,531
1786314094982687416,529
1786314094987659096,525
1786314094992628346,521
1786314094997712488,516
1786314095003741833,511
1786314095008621017,506
1786314095013830089,499
1786314095018763937,493
1786314095024622328,488
1786314095029745246,482
1786314095034657628,476
1786314095039622714,471
1786314095045678673,466
1786314095050692112,461
1786314095055705582,456
1786314095061978770,450
1786314095067047391,445
1786314095071685235,440
1786314095076684458,435
1786314095082661804,430
1786314095087658538,426
1786314095092636444,422
1786314095097667433,419
1786314095103649890,416
1786314095108594452,413
1786314095113715481,410
1786314095118671553,407
1786314095124628784,405
1786314095130134154,403
1786314095134626001,400
1786314095139612299,398
1786314095145602425,397
1786314095150641168,395
1786314095155676776,393
1786314095160698912,391
1786314095166714724,390
1786314095171671304,388
1786314095177655180,387
1786314095182065371,386
1786314095187711997,386
1786314095192688516,385
1786314095197664058,385
1786314095202637895,385
1786314095208643679,385
1786314095213981914,385
1786314095219709401,386
1786314095223688777,386
1786314095231386843,387
1786314095234653181,387
1786314095239650889,389
1786314095244672802,390
1786314095250627088,392
1786314095255723297,393
1786314095260747479,395
1786314095266729914,397
1786314095271701745,397
1786314095276705343,398
1786314095281670970,399
1786314095287691088,400
1786314095292645412,401
1786314095297720748,402
1786314095302688357,402
1786314095308642913,403
1786314095314644583,403
1786314095318849541,404
1786314095323653207,405
1786314095330643483,406
1786314095334699304,407
1786314095339667623,408
1786314095344759966,409
1786314095350687524,409
1786314095355649395,409
1786314095360728155,410
1786314095365747075,409
1786314095371736260,409
1786314095376710772,407
1786314095381664784,407
1786314095386739243,407
1786314095392654147,406
1786314095397647753,405
1786314095402623420,405
1786314095407667591,404
1786314095413704016,402
1786314095418835498,400
1786314095423705649,399
1786314095428707832,398
1786314095434734373,396
1786314095439721319,395
1786314095444755319,394
1786314095450618920,393
1786314095455632422,392
1786314095460691805,392
1786314095465648223,392
1786314095471657019,393
1786314095476632834,394
1786314095481738972,397
1786314095486692276,402
1786314095492640812,408
1786314095497661237,417
1786314095502654762,428
1786314095507634082,443
1786314095513654950,459
1786314095518762657,478
1786314095523642651,500
1786314095529162506,525
1786314095534957464,551
1786314095539674020,580
1786314095544777347,611
1786314095549708271,642
1786314095555676213,674
1786314095560702475,707
1786314095565698906,738
1786314095570684791,769
1786314095576702996,798
1786314095581709269,825
1786314095586981327,850
1786314095591663991,873
1786314095598172985,891
1786314095602647434,906
1786314095607673055,918
1786314095612736925,926
1786314095618721779,930
1786314095623623477,931
1786314095628653608,930
1786314095634634233,924
1786314095639603387,916
1786314095644617993,905
1786314095649764180,892
1786314095655604078,876
1786314095660601191,859
1786314095665628921,840
1786314095670608828,819
1786314095676617443,797
1786314095681693277,774
1786314095686705374,751
1786314095691659134,726
1786314095697677158,701
1786314095702701080,676
1786314095707657890,651
1786314095712656097,627
1786314095718674171,602
1786314095723628230,579
1786314095728704267,558
1786314095734923038,538
1786314095739640324,519
1786314095744732303,502
1786314095749670817,487
1786314095754637135,474
1786314095760676655,464
1786314095765668920,455
1786314095770643466,449
1786314095775660026,445
1786314095781679304,443
1786314095786675190,442
1786314095791672378,442
1786314095796676788,444
1786314095802646729,447
1786314095807643714,452
1786314095812675870,457
1786314095818703242,464
1786314095823723540,471
1786314095828687736,479
1786314095835676373,486
1786314095839684245,494
1786314095844731782,500
1786314095849715938,507
1786314095854636952,513
1786314095860703361,519
1786314095865649944,524
1786314095870647748,529
1786314095875622450,533
1786314095881627891,536
1786314095886713578,540
1786314095891695075,540
1786314095896689962,540
1786314095902693417,541
1786314095907672490,540
1786314095912660617,538
1786314095917681594,535
1786314095923676588,532
1786314095928835147,528
1786314095933627481,524
1786314095938684441,518
1786314095944690176,513
1786314095949715073,507
1786314095954703889,501
1786314095959645392,495
1786314095965660568,488
1786314095970639898,482
1786314095975728083,476
1786314095980700086,469
1786314095986963541,464
1786314095991699576,458
1786314095997064353,452
1786314096003702877,446
1786314096007902066,441
1786314096012924324,436
1786314096017634176,430
1786314096023667567,426
1786314096028664574,422
1786314096033779728,418
1786314096038632188,414
1786314096045135330,411
1786314096049610593,408
1786314096054656907,405
1786314096059665892,403
1786314096065647935,402
1786314096070606059,400
1786314096075607989,399
1786314096082027134,397
1786314096086634081,396
1786314096092673781,395
1786314096096693025,394
1786314096103425494,393
1786314096107667335,393
1786314096112938590,393
1786314096117669779,392
1786314096122622041,391
1786314096130307701,392
1786314096133628315,391
1786314096138621036,392
1786314096143625217,392
1786314096150541416,393
1786314096154677111,393
1786314096160643255,393
1786314096164690812,394
1786314096170630596,395
1786314096175638809,395
1786314096181800066,396
1786314096186650036,397
1786314096191631410,398
1786314096196673121,399
1786314096201641637,400
1786314096207705455,400
1786314096212745366,400
1786314096219487425,400
1786314096222607482,400
1786314096229129228,401
1786314096233661978,401
1786314096238694343,402
1786314096243726626,404
1786314096249673398,405
1786314096254691823,406
1786314096259696892,408
1786314096264673041,409
1786314096270681871,410
1786314096275680062,411
1786314096280657505,412
1786314096285698795,412
1786314096291675855,413
1786314096296646835,413
1786314096301642240,413
1786314096306657050,413
1786314096312686873,412
1786314096317673713,411
1786314096322721186,411
1786314096327703448,410
1786314096333728940,409
1786314096338705804,408
1786314096343692343,407
1786314096349548692,406
1786314096354673813,405
1786314096359697636,404
1786314096364681775,403
1786314096370646594,402
1786314096375640377,401
1786314096380673071,399
1786314096385708637,399
1786314096391661970,398
1786314096396649339,398
1786314096401686584,398
1786314096406663997,399
1786314096412638333,400
1786314096417652560,403
1786314096422638196,408
1786314096427709389,414
1786314096433672828,423
1786314096438675081,434
1786314096443704291,448
1786314096448666045,464
1786314096454642684,484
1786314096459678206,506
1786314096464692450,530
1786314096469672788,557
1786314096475683612,585
1786314096480688468,616
1786314096485698092,647
1786314096490638967,678
1786314096496665219,709
1786314096503401580,738
1786314096506638952,767
1786314096511652317,794
1786314096517738611,819
1786314096522646777,841
1786314096527696962,861
1786314096533641596,877
1786314096538634710,891
1786314096543709350,901
1786314096548688473,908
1786314096554650075,910
1786314096559684504,909
1786314096564650548,905
1786314096569669681,898
1786314096575668281,888
1786314096580673041,875
1786314096585636589,860
1786314096590626312,843
1786314096596653008,824
1786314096601664904,803
1786314096606659963,781
1786314096611892641,758
1786314096617698381,734
1786314096622672955,709
1786314096627667485,684
1786314096632664279,658
1786314096638687684,633
1786314096643694953,607
1786314096648664001,583
1786314096653677754,559
1786314096659706848,536
1786314096664693847,515
1786314096669643553,496
1786314096674641004,478
1786314096681370581,463
1786314096685637681,450
1786314096690652626,438
1786314096695667746,428
1786314096701643732,422
1786314096706641971,417
1786314096711698074,414
1786314096717700108,413
1786314096722676007,414
1786314096727679280,416
1786314096732940681,419
1786314096738661539,424
1786314096743748077,430
1786314096748771591,437
1786314096754672467,443
1786314096759694910,451
1786314096765750710,458
1786314096769740895,465
1786314096774748193,472
1786314096781391392,479
1786314096785985410,487
1786314096790707046,494
1786314096798696356,500
1786314096801722111,507
1786314096806665467,511
1786314096811865369,515
1786314096816678021,517
1786314096822745654,519
1786314096827684226,520
1786314096833616847,520
1786314096837638897,520
1786314096843695938,519
1786314096848625675,517
1786314096853642759,514
1786314096858695166,511
1786314096864631403,507
1786314096869638405,503
1786314096874647933,498
1786314096879660918,493
1786314096885693962,488
1786314096890673752,483
1786314096895656197,477
1786314096901601438,471
1786314096906682927,465
1786314096911629215,460
1786314096916678527,454
1786314096922727303,449
1786314096927630774,444
1786314096932662595,438
1786314096937680546,433
1786314096943674584,429
1786314096948782828,423
1786314096953763036,419
1786314096958674659,415
1786314096964692052,411
1786314096969653414,407
1786314096974621678,404
1786314096979634752,400
1786314096985654806,398
1786314096990653577,396
1786314096995639827,394
1786314097000712191,391
1786314097006606057,390
1786314097011728911,388
1786314097016668075,387
1786314097021663945,387
1786314097027713181,386
1786314097032657055,385
1786314097037665875,384
1786314097042679998,384
1786314097048640621,384
1786314097053664208,384
1786314097058636930,384
1786314097063706965,384
1786314097069631276,384
1786314097074628663,383
1786314097079693439,383
1786314097085682860,384
1786314097090651189,384
1786314097095629485,384
1786314097100655442,385
1786314097106661705,386
1786314097111789117,387
1786314097116803322,388
1786314097121627614,389
1786314097127677274,391
1786314097132675449,393
1786314097137633141,395
1786314097142643592,396
1786314097148659407,397
1786314097153661961,399
1786314097158679905,400
1786314097163820606,400
1786314097169716002,401
1786314097174682477,401
1786314097179801777,402
1786314097184645263,402
1786314097190645823,403
1786314097195979012,403
1786314097200673086,404
1786314097205601693,404
1786314097211682904,404
1786314097217452256,404
1786314097221662027,404
1786314097226676624,403
1786314097232816315,403
1786314097237661325,402
1786314097242681912,401
1786314097247655434,400
1786314097253673108,399
1786314097258624390,399
1786314097263635218,397
1786314097269636767,396
1786314097274668610,395
1786314097279680008,394
1786314097284673413,393
1786314097290696558,393
1786314097295806151,391
1786314097300695325,390
1786314097305706005,389
1786314097311937480,388
1786314097316680074,388
1786314097321669473,389
1786314097326691704,391
1786314097332675458,393
1786314097337693805,398
1786314097342721899,405
1786314097347697805,414
1786314097353633675,424
1786314097358651558,438
1786314097363631670,454
1786314097368672413,473
1786314097374678779,494
1786314097379674788,518
1786314097384697160,543
1786314097389650064,570
1786314097395691161,598
1786314097400615909,627
1786314097405614533,656
1786314097410654576,685
1786314097416938993,712
1786314097421650552,739
1786314097426590563,764
1786314097431768230,786
1786314097437620321,806
1786314097442637728,824
1786314097447681194,839
1786314097453655313,850
1786314097458637511,859
1786314097463645049,864
1786314097468689835,866
1786314097474691328,866
1786314097479694823,861
1786314097484767078,854
1786314097489646827,844
1786314097495746235,833
1786314097500656925,819
1786314097505650507,803
1786314097510672889,784
1786314097516637913,764
1786314097521619455,743
1786314097526608997,720
1786314097532695984,696
1786314097538579046,671
1786314097544677568,647
1786314097547635673,621
1786314097552750827,595
1786314097558658825,571
1786314097563644381,548
1786314097568660915,527
1786314097573605327,506
1786314097581644160,488
1786314097584954383,471
1786314097589651646,456
1786314097594669851,442
1786314097600636810,432
1786314097605669608,423
1786314097610678832,417
1786314097615637831,413
1786314097621683966,411
1786314097626652481,411
1786314097631852317,413
1786314097637686588,417
1786314097642677288,422
1786314097647696824,429
1786314097652684312,436
1786314097658725846,443
1786314097663684373,451
1786314097668672539,459
1786314097673667289,467
1786314097681209313,475
1786314097685644911,484
1786314097690608860,492
1786314097696660587,500
1786314097701113910,508
1786314097705704341,513
1786314097711111821,521
1786314097716184232,527
1786314097721611353,532
1786314097726603629,536
1786314097731867896,539
1786314097736783765,541
1786314097742619336,541
1786314097748578841,541
1786314097752663649,540
1786314097757595545,538
1786314097764677262,536
1786314097768649968,532
1786314097773608160,528
1786314097780090698,524
1786314097784637050,519
1786314097789651217,513
1786314097794814796,507
1786314097799630813,501
1786314097805593870,495
1786314097810649775,490
1786314097815671922,484
1786314097821642567,479
1786314097826614582,474
1786314097831666736,469
1786314097836626888,464
1786314097842615998,460
1786314097847674560,455
1786314097852628493,450
1786314097857669443,445
1786314097863640255,441
1786314097868649410,437
1786314097873728289,433
1786314097878683079,430
1786314097884697088,426
1786314097889646240,424
1786314097894689063,421
1786314097899847949,418
1786314097905694829,416
1786314097910945064,413
1786314097915675315,412
1786314097920984770,410
1786314097926639658,409
1786314097931620250,408
1786314097936631320,406
1786314097941688889,405
1786314097947682418,404
1786314097952745748,402
1786314097957708468,402
1786314097963759900,402
1786314097968664988,402
1786314097973680746,402
1786314097979141219,402
1786314097983684923,403
1786314097989683913,404
1786314097996511859,404
1786314097999646202,404
1786314098005572400,405
1786314098010734823,406
1786314098015621869,407
1786314098020638393,408
1786314098026951704,409
1786314098031667192,409
1786314098036660807,409
1786314098042197623,411
1786314098047626367,412
1786314098052618751,412
1786314098058677466,413
1786314098062658967,414
1786314098068639239,414
1786314098073665361,415
1786314098078734564,414
1786314098083674743,414
1786314098089682071,414
1786314098095152491,413
1786314098099693335,413
1786314098104691681,412
1786314098111143592,411
1786314098115747391,411
1786314098120761013,410
1786314098125666700,409
1786314098131681275,407
1786314098136686239,406
1786314098141631707,405
1786314098146680941,405
1786314098152684737,404
1786314098157645587,405
1786314098162704987,406
1786314098167731754,408
1786314098173747996,412
1786314098178799783,417
1786314098183808069,424
1786314098189781396,433
1786314098195195487,443
1786314098199660252,457
1786314098204777029,473
1786314098211118349,491
1786314098217677862,512
1786314098220685064,535
1786314098225814795,559
1786314098231695195,585
1786314098236635626,612
1786314098241856803,639
1786314098246619059,667
1786314098252647670,695
1786314098257666665,720
1786314098262696278,745
1786314098267697911,768
1786314098273691067,790
1786314098278917261,809
1786314098283651550,825
1786314098288653807,839
1786314098295126144,849
1786314098299669683,856
1786314098304668137,861
1786314098310204574,862
1786314098315619338,860
1786314098320647377,856
1786314098326090603,849
1786314098330630998,840
1786314098336694164,828
1786314098341663512,814
1786314098346644913,799
1786314098351677968,781
1786314098357657787,762
1786314098362621506,742
1786314098367699075,721
1786314098373773312,699
1786314098378721227,675
1786314098383672780,652
1786314098388704588,628
1786314098395145245,604
1786314098399607930,581
1786314098404659532,559
1786314098410037358,536
1786314098415643605,515
1786314098420643362,495
1786314098425679163,478
1786314098430680007,462
1786314098436651681,448
1786314098441653617,436
1786314098446681346,427
1786314098451683481,420
1786314098457699861,415
1786314098462924571,412
1786314098467669462,411
1786314098472665354,411
1786314098478632875,414
1786314098483665899,418
1786314098488638316,423
1786314098494111732,428
1786314098499640176,435
1786314098504651747,442
1786314098510212450,450
1786314098514628089,458
1786314098520654411,466
1786314098526088690,475
1786314098530638212,483
1786314098535645340,490
1786314098542146001,498
1786314098546621196,503
1786314098551615679,509
1786314098557634030,514
1786314098562621568,518
1786314098567623282,520
1786314098572633420,523
1786314098578668257,524
1786314098583650867,524
1786314098588701492,524
1786314098594017924,523
1786314098599626191,523
1786314098604666315,521
1786314098610687114,519
1786314098614638909,515
1786314098620650381,512
1786314098625932765,508
1786314098630616795,504
1786314098635602608,499
1786314098642016741,495
1786314098646646733,490
1786314098651611411,484
1786314098656629572,478
1786314098662623762,473
1786314098667607053,468
1786314098672636489,463
1786314098677671034,458
1786314098683657445,454
1786314098688672622,449
1786314098693658208,444
1786314098698681236,439
1786314098704673149,435
1786314098709963313,430
1786314098714890739,427
1786314098719637328,423
1786314098728000426,420
1786314098730735300,417
1786314098735679899,413
1786314098742138731,411
1786314098746623330,408
1786314098751630611,406
1786314098756662811,404
1786314098762683367,403
1786314098767670252,402
1786314098773501684,401
1786314098777666582,400
1786314098783688587,399
1786314098788639659,398
1786314098793670505,398
1786314098798684641,397
1786314098804662036,397
1786314098809682291,397
1786314098814639523,397
1786314098819623396,397
1786314098825673443,398
1786314098830635128,399
1786314098835652269,399
1786314098840679238,400
1786314098846676313,402
1786314098851663483,402
1786314098856689337,403
1786314098861660814,405
1786314098867645623,406
1786314098872627767,407
1786314098877642280,407
1786314098882619225,407
1786314098888635944,407
1786314098893628115,406
1786314098898876431,406
1786314098903663173,406
1786314098909635412,406
1786314098914675180,406
1786314098920700951,406
1786314098925680953,407
1786314098930675924,407
1786314098935689390,407
1786314098940711517,408
1786314098946617282,408
1786314098951650704,408
1786314098956739285,407
1786314098961607689,408
1786314098967633683,408
1786314098972665705,408
1786314098977591014,408
1786314098982615535,410
1786314098988664160,412
1786314098993631417,415
1786314098998688126,419
1786314099003868900,425
1786314099009642756,434
1786314099014681775,444
1786314099019726404,458
1786314099024715421,474
1786314099030697462,493
1786314099036948721,515
1786314099040813577,539
1786314099045678821,566
1786314099051666753,594
1786314099056825731,624
1786314099061702497,655
1786314099066680097,687
1786314099072628958,717
1786314099077683299,747
1786314099082655598,776
1786314099087699591,804
1786314099093709054,829
1786314099098629332,851
1786314099104182869,872
1786314099110060214,889
1786314099114637740,902
1786314099119657001,912
1786314099124681655,920
1786314099130677186,924
1786314099135703502,924
1786314099140744761,921
1786314099145659131,915
1786314099151655838,906
1786314099156696744,894
1786314099161625301,881
1786314099166662520,865
1786314099172692633,847
1786314099177672943,828
1786314099182650821,806
1786314099188181114,785
1786314099193669937,761
1786314099198933988,736
1786314099203758872,711
1786314099208700657,685
1786314099215349088,659
1786314099220567544,633
1786314099225051187,608
1786314099229722839,584
1786314099235706121,561
1786314099240724280,539
1786314099245752159,520
1786314099250702039,502
1786314099259608652,485
1786314099262147066,472
1786314099266757908,459
1786314099272863547,449
1786314099277730993,441
1786314099282706703,436
1786314099287926291,432
1786314099293715996,431
1786314099298709144,431
1786314099303912825,433
1786314099308758615,436
1786314099314752958,441
1786314099320790350,447
1786314099324976280,454
1786314099329715375,461
1786314099335862413,470
1786314099341050854,477
1786314099345789393,485
1786314099350834583,493
1786314099356696375,501
1786314099361685193,508
1786314099366813925,515
1786314099371671212,522
1786314099377634840,527
1786314099382752132,532
1786314099387676250,535
1786314099392643611,537
1786314099398649692,539
1786314099403722581,540
1786314099408637124,539
1786314099413704751,538
1786314099419640205,536
1786314099424629362,534
1786314099429646700,531
1786314099434622635,528
1786314099440716495,523
1786314099445627565,519
1786314099450692371,515
1786314099456561191,510
1786314099461637968,504
1786314099466702332,498
1786314099471642759,492
1786314099477626493,487
1786314099482746458,481
1786314099487750410,476
1786314099492703726,470
1786314099498739654,465
1786314099503709076,460
1786314099508620519,455
1786314099513744506,450
1786314099519943581,445
1786314099524943017,441
1786314099529748976,437
1786314099535189973,433
1786314099540701093,429
1786314099545686641,425
1786314099550721914,422
1786314099555673206,419
1786314099561690555,417
1786314099566725087,414
1786314099571703395,411
1786314099576698968,408
1786314099582664575,406
1786314099587693315,404
1786314099592662020,402
1786314099597777222,401
1786314099603768803,400
1786314099608737766,398
1786314099613762035,397
1786314099618822252,396
1786314099624759348,396
1786314099629615902,395
1786314099634708022,395
1786314099641002995,395
1786314099646139248,396
1786314099650670237,396
1786314099655830714,397
1786314099661776340,399
1786314099666712528,400
1786314099671689814,401
1786314099676756479,402
1786314099684190047,405
1786314099687629774,406
1786314099692776651,407
1786314099697619626,409
1786314099703733285,409
1786314099708683605,410
1786314099713653688,411
1786314099718734914,412
1786314099724690638,412
1786314099730165991,412
1786314099734692582,412
1786314099739729489,412
1786314099745626515,412
1786314099751074321,411
1786314099755751799,411
1786314099760747090,411
1786314099766633113,412
1786314099771693953,412
1786314099776701633,411
1786314099781664297,411
1786314099787688074,410
1786314099792731305,409
1786314099797804824,408
1786314099802672750,407
1786314099808679289,407
1786314099813666457,406
1786314099818651929,406
1786314099823661985,406
1786314099829646077,407
1786314099834634107,408
1786314099839685215,411
1786314099845655257,416
1786314099850628310,422
1786314099855757583,431
1786314099860671936,442
1786314099866729306,456
1786314099871662921,472
1786314099876702720,490
1786314099881659679,513
1786314099887692435,537
1786314099892673501,563
1786314099897912055,591
1786314099902671223,620
1786314099908679872,650
1786314099913680359,681
1786314099918680497,711
1786314099923692864,742
1786314099929689261,770
1786314099934675371,798
1786314099939693586,824
1786314099944688980,847
1786314099950669842,867
1786314099955680897,883
1786314099960667048,897
1786314099965653263,907
1786314099971634967,912
1786314099976633991,914
1786314099981631673,913
1786314099986668676,909
1786314099992650113,901
1786314099997848858,891
1786314100002684853,879
1786314100008565116,864
1786314100014184962,847
1786314100018681758,828
1786314100024131708,807
1786314100029695631,785
1786314100034670634,763
1786314100039653630,739
1786314100044703338,715
1786314100050810654,691
1786314100055693128,665
1786314100060676288,640
1786314100065657553,616
1786314100071665268,592
1786314100076678677,569
1786314100081642355,548
1786314100086699923,527
1786314100092656166,509
1786314100097735711,492
1786314100102914173,478
1786314100107663265,465
1786314100113684554,454
1786314100118800472,447
1786314100124179706,440
1786314100128838948,436
1786314100136818739,433
1786314100139688208,433
1786314100144641131,435
1786314100149646751,438
1786314100156421799,443
1786314100160878206,449
1786314100166017370,456
1786314100170952662,463
1786314100176712958,471
1786314100182659884,479
1786314100186912120,487
1786314100192627641,495
1786314100197652850,502
1786314100202850566,509
1786314100207607942,515
1786314100214399805,521
1786314100219792024,525
1786314100223725999,529
1786314100230842597,532
1786314100234691546,534
1786314100240011471,536
1786314100244625736,537
1786314100249712595,537
1786314100256157253,535
1786314100260741496,533
1786314100265646116,531
1786314100270839212,528
1786314100276666673,524
1786314100281593666,519
1786314100286866288,515
1786314100291627819,510
1786314100298182791,504
1786314100302766007,499
1786314100308184493,493
1786314100313069964,488
1786314100318899875,482
1786314100323679679,476
1786314100328692708,470
1786314100333638509,464
1786314100339801019,457
1786314100344631330,452
1786314100349681573,446
1786314100354646505,441
1786314100360648115,436
1786314100365667941,431
1786314100370695180,426
1786314100376648737,421
1786314100381716937,417
1786314100386903314,413
1786314100391641243,410
1786314100398139254,407
1786314100402783139,404
1786314100407891462,401
1786314100412983447,399
1786314100418881232,396
1786314100423626725,394
1786314100428611604,392
1786314100433658167,390
1786314100439704023,388
1786314100444846135,387
1786314100449648928,385
1786314100454669608,383
1786314100460617632,382
1786314100465634068,381
1786314100470768442,381
1786314100475726793,379
1786314100481683282,378
1786314100486720208,378
1786314100491801417,377
1786314100496615329,378
1786314100502635000,378
1786314100507642787,380
1786314100512681143,380
1786314100517618261,382
1786314100523644531,383
1786314100528680021,383
1786314100533655401,384
1786314100538662914,385
1786314100544720233,386
1786314100549705499,388
1786314100554700815,389
1786314100560691860,391
1786314100565721309,393
1786314100570642304,395
1786314100575651819,396
1786314100582163047,397
1786314100586664071,398
1786314100591594522,399
1786314100596611917,400
1786314100602738896,400
1786314100607678260,401
1786314100612704329,401
1786314100617687365,401
1786314100623691471,402
1786314100628633881,401
1786314100633672080,401
1786314100638744099,400
1786314100644704346,399
1786314100649677292,398
1786314100654738211,397
1786314100659955993,397
1786314100665684715,395
1786314100670907658,395
1786314100675745234,394
1786314100680657323,394
1786314100687014873,394
1786314100691785199,393
1786314100698747594,393
1786314100701686655,393
1786314100707874078,392
1786314100712684065,393
1786314100717956287,395
1786314100723632373,398
1786314100729886407,404
1786314100733780302,411
1786314100738715648,420
1786314100746056900,432
1786314100749958731,446
1786314100754704998,462
1786314100759897780,482
1786314100766599770,503
1786314100771816698,527
1786314100775931270,553
1786314100782362875,581
1786314100787104823,610
1786314100792049716,640
1786314100801059671,671
1786314100801889623,700
1786314100809358070,730
1786314100813197615,758
1786314100818004885,784
1786314100822669036,808
1786314100831700956,829
1786314100833637935,846
1786314100839730948,862
1786314100843663046,874
1786314100850302185,882
1786314100856266729,887
1786314100860347105,889
1786314100864804410,888
1786314100870653332,884
1786314100875715555,876
1786314100880641038,866
1786314100886757788,853
1786314100891648220,838
1786314100896959522,822
1786314100901981590,803
1786314100908027266,783
1786314100912986063,761
1786314100918929903,739
1786314100922754967,716
1786314100930231002,693
1786314100933675566,668
1786314100938752295,643
1786314100943805153,620
1786314100950293736,596
1786314100954783855,572
1786314100959934181,551
1786314100964660254,530
1786314100970593804,510
1786314100976071949,493
1786314100980648925,478
1786314100985618031,465
1786314100991613633,455
1786314100996657517,445
1786314101001654478,439
1786314101006618071,435
1786314101012661452,432
1786314101017625651,431
1786314101022628555,433
1786314101027752778,436
1786314101033641325,439
1786314101038651905,444
1786314101044252686,451
1786314101048677442,457
1786314101054709887,465
1786314101059764066,472
1786314101064711811,480
1786314101069653403,489
1786314101075611639,497
1786314101080673167,505
1786314101085670505,511
1786314101091643868,518
1786314101096649556,524
1786314101101707898,528
1786314101106812817,532
1786314101112701414,535
1786314101117619658,538
1786314101122678904,540
1786314101127745315,541
1786314101133685836,541
1786314101138652779,541
1786314101143592328,538
1786314101148745666,536
1786314101154716332,534
1786314101159708674,530
1786314101164759930,526
1786314101169796649,521
1786314101175751242,517
1786314101180638763,511
1786314101185681222,506
1786314101190741061,500
1786314101196666987,494
1786314101201637289,487
1786314101206738613,482
1786314101211627326,476
1786314101217613109,470
1786314101222721969,465
1786314101227846843,459
1786314101232707807,454
1786314101238798159,449
1786314101243736968,445
1786314101248637330,441
1786314101254550401,437
1786314101259606725,433
1786314101264691594,430
1786314101269707144,426
1786314101275962210,423
1786314101281071223,420
1786314101285839982,418
1786314101290817235,416
1786314101298918271,414
1786314101301792224,412
1786314101306632999,410
1786314101311847271,408
1786314101317672900,407
1786314101322912827,406
1786314101328295773,404
1786314101332694825,403
1786314101338854035,401
1786314101344060183,401
1786314101349262312,400
1786314101353708459,401
1786314101359654410,401
1786314101364716214,401
1786314101370151111,402
1786314101374708624,401
1786314101380713206,402
1786314101387285318,402
1786314101390652881,404
1786314101395652473,404
1786314101402576009,405
1786314101406651027,406
1786314101412855219,407
1786314101416882239,407
1786314101422672932,407
1786314101427628103,409
1786314101432669645,410
1786314101438564869,412
1786314101443645957,413
1786314101448691176,414
1786314101453684837,415
1786314101459623813,417
1786314101464992941,418
1786314101469795108,419
1786314101474819793,419
1786314101481148577,419
1786314101485662396,420
1786314101490674105,420
1786314101496450740,420
1786314101501675996,420
1786314101506634557,420
1786314101511966609,418
1786314101516621580,418
1786314101522705027,417
1786314101527669246,416
1786314101532650372,414
1786314101537663615,412
1786314101543682620,411
1786314101548738946,409
1786314101553711231,407
1786314101558624712,406
1786314101564694406,404
1786314101569681119,404
1786314101574685352,403
1786314101579731000,404
1786314101585619829,407
1786314101590631744,410
1786314101595750294,416
1786314101600643486,423
1786314101606637464,433
1786314101611737292,446
1786314101616750358,460
1786314101621650516,477
1786314101627774452,498
1786314101632684096,519
1786314101637633016,542
1786314101643697881,568
1786314101649328533,594
1786314101653638510,621
1786314101658747871,648
1786314101666151328,675
1786314101669662016,701
1786314101674963569,726
1786314101679817191,751
1786314101685738581,771
1786314101690778744,791
1786314101695871477,808
1786314101700642775,823
1786314101706634700,835
1786314101711780278,844
1786314101716686976,849
1786314101721906920,852
1786314101727786169,852
1786314101732676293,848
1786314101737720147,842
1786314101742713120,834
1786314101748773856,823
1786314101753942392,810
1786314101758644317,796
1786314101764703124,779
1786314101769767060,760
1786314101774680092,741
1786314101780219781,719
1786314101784676318,697
1786314101790666589,674
1786314101795703193,652
1786314101800629265,629
1786314101806076314,605
1786314101811688190,582
1786314101816667289,560
1786314101822034172,539
1786314101827707469,519
1786314101834212951,501
1786314101838843880,484
1786314101842679484,471
1786314101848867173,458
1786314101853827755,448
1786314101858649584,440
1786314101863783524,434
1786314101869651101,429
1786314101874755271,426
1786314101880880738,426
1786314101884680672,427
1786314101890679663,430
1786314101898103393,434
1786314101901058870,440
1786314101906070666,447
1786314101912107707,454
1786314101917094011,462
1786314101921680342,469
1786314101928617885,477
1786314101935030621,485
1786314101937934473,493
1786314101942673994,500
1786314101947779599,508
1786314101953766135,514
1786314101958777002,520
1786314101966593310,525
1786314101968727943,529
1786314101974654140,532
1786314101979660469,534
1786314101985139689,536
1786314101989701989,537
1786314101996738230,536
1786314102001710129,534
1786314102005808768,533
1786314102011803680,530
1786314102017052623,527
1786314102021976185,524
1786314102026694161,519
1786314102033741199,515
1786314102037699625,511
1786314102042651593,505
1786314102049707850,500
1786314102053813569,495
1786314102060172673,490
1786314102063652607,486
1786314102069028141,480
1786314102075319727,475
1786314102080818871,469
1786314102084950882,464
1786314102089674985,458
1786314102096416781,455
1786314102100689381,450
1786314102105649449,445
1786314102110617380,442
1786314102116630761,437
1786314102121733167,433
1786314102126730869,430
1786314102131682280,426
1786314102137631750,422
1786314102142806537,419
1786314102147680320,416
1786314102152735073,413
1786314102158734524,411
1786314102163641034,408
1786314102168704012,407
1786314102174802362,405
1786314102179647258,403
1786314102184752163,403
1786314102189858411,401
1786314102196197181,400
1786314102200616693,400
1786314102205928636,399
1786314102210653938,399
1786314102216653160,399
1786314102221659321,398
1786314102226600066,398
1786314102231775597,398
1786314102237791177,399
1786314102242627249,401
1786314102248714727,403
1786314102252638055,404
1786314102258624885,406
1786314102263804587,408
1786314102268626305,410
1786314102273738135,411
1786314102280328794,413
1786314102284778342,415
1786314102289667945,417
1786314102294721843,417
1786314102300773995,418
1786314102305901273,419
1786314102310604875,420
1786314102315962471,420
1786314102323221776,420
1786314102327872811,420
1786314102332363609,419
1786314102336645863,419
1786314102342733765,419
1786314102347708199,419
1786314102352784996,418
1786314102358727376,417
1786314102364407217,417
1786314102368648768,416
1786314102373615186,414
1786314102380203051,414
1786314102384712282,414
1786314102389781132,413
1786314102395136337,412
1786314102400685714,411
1786314102405614946,411
1786314102411020795,411
1786314102415814543,412
1786314102421627376,414
1786314102426975201,419
1786314102431699635,424
1786314102436695358,433
1786314102442672904,443
1786314102447711495,457
1786314102452876301,473
1786314102457752373,493
1786314102464365488,515
1786314102469117471,540
1786314102473803440,567
1786314102478661266,596
1786314102484663832,627
1786314102489634295,657
1786314102494652055,688
1786314102499804551,718
1786314102505654594,748
1786314102511090050,777
1786314102515735951,805
1786314102520643516,830
1786314102527044612,852
1786314102531698616,872
1786314102536856597,888
1786314102542819764,900
1786314102547688500,910
1786314102552617939,917
1786314102557755318,920
1786314102563712238,920
1786314102569048752,917
1786314102573625073,911
1786314102579890177,903
1786314102585685614,891
1786314102589629693,878
1786314102597459470,863
1786314102599691210,846
1786314102607141089,828
1786314102610606727,808
1786314102615625298,786
1786314102620682280,764
1786314102626688981,741
1786314102631639808,716
1786314102636792196,691
1786314102641603995,666
1786314102647667318,641
1786314102652765637,616
1786314102657733315,593
1786314102664596311,571
1786314102668911108,550
1786314102674829839,532
1786314102679147667,516
1786314102683674350,501
1786314102689678527,488
1786314102696371149,476
1786314102699615223,467
1786314102704621012,461
1786314102712087307,455
1786314102716694744,452
1786314102720866140,451
1786314102726674312,451
1786314102732276937,452
1786314102737452303,455
1786314102741586714,460
1786314102747643738,465
1786314102754051623,471
1786314102757582852,478
1786314102762699739,485
1786314102768684160,492
1786314102773648819,499
1786314102779110686,506
1786314102784089657,513
1786314102790102869,520
1786314102795391999,526
1786314102800322049,533
1786314102804841209,538
1786314102811610537,542
1786314102815673358,546
1786314102820707966,549
1786314102825658135,551
1786314102831593806,551
1786314102836799460,551
1786314102841626783,549
1786314102846667860,547
1786314102852991520,544
1786314102857625699,540
1786314102863812098,536
1786314102867766944,531
1786314102873676683,526
1786314102879065970,521
1786314102883843209,516
1786314102888707516,509
1786314102895640471,503
1786314102899903079,496
1786314102904931653,490
1786314102910619871,483
1786314102915670673,477
1786314102920871821,471
1786314102925753656,465
1786314102931635907,459
1786314102936646076,454
1786314102941641575,449
1786314102946629642,444
1786314102952715368,439
1786314102957616572,434
1786314102962777305,431
1786314102967738900,427
1786314102973697788,423
1786314102979513554,420
1786314102983845087,417
1786314102988623209,414
1786314102995447598,412
1786314102999669025,409
1786314103004834548,407
1786314103009660573,405
1786314103015619495,403
1786314103020658539,402
1786314103025684099,401
1786314103030676164,400
1786314103037050841,400
1786314103041613818,400
1786314103047652409,399
1786314103051612974,399
1786314103057746558,399
1786314103063397913,399
1786314103067689649,399
1786314103072889746,399
1786314103079667768,399
1786314103083789516,400
1786314103089085631,401
1786314103093690573,401
1786314103099621216,402
1786314103104911014,404
1786314103109689549,405
1786314103115587691,406
1786314103120594357,408
1786314103125742029,410
1786314103131657595,411
1786314103136680672,413
1786314103141687687,414
1786314103148117613,416
1786314103153705184,416
1786314103157859756,417
1786314103163575056,417
1786314103167676880,417
1786314103172705143,417
1786314103178798982,417
1786314103184184163,417
1786314103188641675,417
1786314103193614664,416
1786314103199707717,416
1786314103204679379,416
1786314103209596833,416
1786314103214680021,415
1786314103220794806,416
1786314103225586290,416
1786314103231655977,416
1786314103235667773,416
1786314103241707982,415
1786314103247222656,415
1786314103251682269,414
1786314103256665571,413
1786314103263752192,413
1786314103268042588,412
1786314103272619990,412
1786314103278333911,411
1786314103284656897,411
1786314103288711526,412
1786314103295370291,413
1786314103301430787,415
1786314103305380464,418
1786314103310680918,424
1786314103314746444,432
1786314103320622864,442
1786314103325638455,455
1786314103330725200,471
1786314103335637630,489
1786314103341649578,511
1786314103347336349,535
1786314103351669742,561
1786314103356631199,591
1786314103363764594,621
1786314103367893288,655
1786314103372715770,688
1786314103377650026,723
1786314103383650122,755
1786314103388634700,786
1786314103393699072,816
1786314103398667765,844
1786314103404654217,869
1786314103409564065,891
1786314103414701069,910
1786314103419653208,924
1786314103425608581,937
1786314103430638597,945
1786314103435635373,949
1786314103440625497,950
1786314103446646681,948
1786314103451630787,942
1786314103456609286,932
1786314103462269106,922
1786314103467631236,907
1786314103472652288,891
1786314103477675901,872
1786314103483609342,853
1786314103488666179,831
1786314103493678932,808
1786314103498678016,783
1786314103504677695,758
1786314103509630624,733
1786314103515184760,706
1786314103520103293,679
1786314103525678632,652
1786314103530740163,625
1786314103535917414,600
1786314103540824191,576
1786314103547409610,554
1786314103551664268,533
1786314103556695818,514
1786314103561675926,498
1786314103567667384,484
1786314103572657445,472
1786314103578180069,463
1786314103582648107,455
1786314103588780894,450
1786314103593685423,447
1786314103598648782,446
1786314103603597784,448
1786314103609600527,451
1786314103614654625,454
1786314103619718188,459
1786314103624671311,465
1786314103630692722,471
1786314103635694489,478
1786314103640670812,485
1786314103645653414,493
1786314103651675371,500
1786314103656635337,507
1786314103661632466,514
1786314103667626304,520
1786314103672741100,526
1786314103677609974,531
1786314103682775039,535
1786314103688733105,539
1786314103693858037,542
1786314103698690395,545
1786314103703670444,545
1786314103709758674,546
1786314103714682700,546
1786314103719667311,544
1786314103724627908,542
1786314103730725531,539
1786314103735708914,535
1786314103740700530,531
1786314103745647519,526
1786314103751581083,520
1786314103756890296,514
1786314103762021094,509
1786314103766896412,502
1786314103772890491,496
1786314103777702070,490
1786314103782620036,483
1786314103787987982,477
1786314103793647382,470
1786314103798628636,464
1786314103804080978,458
1786314103808581002,453
1786314103814681016,447
1786314103819731866,442
1786314103824629634,437
1786314103829678337,433
1786314103835859354,428
1786314103840719382,423
1786314103845665186,420
1786314103851636177,415
1786314103856702097,412
1786314103861806438,408
1786314103866755468,404
1786314103872768701,401
1786314103877737711,399
1786314103882616661,397
1786314103887929260,395
1786314103893762847,394
1786314103898619650,393
1786314103903682734,392
1786314103908714468,391
1786314103914622009,391
1786314103919581612,390
1786314103924700684,390
1786314103929619599,390
1786314103935707959,391
1786314103940707835,392
1786314103945606756,392
1786314103950700920,393
1786314103956702607,393
1786314103961620952,394
1786314103966673562,395
1786314103971671700,396
1786314103977610366,397
1786314103982645335,399
1786314103987671927,400
1786314103992669148,400
1786314103998689499,401
1786314104003685654,403
1786314104008718849,404
1786314104013628688,403
1786314104019763270,404
1786314104024766338,404
1786314104029723737,404
1786314104035672994,404
1786314104040673840,405
1786314104045766848,405
1786314104050676292,406
1786314104056681319,407
1786314104061743283,408
1786314104066641470,408
1786314104071657447,409
1786314104077639983,410
1786314104082627835,411
1786314104087710826,412
1786314104092687713,411
1786314104098766722,412
1786314104103793530,413
1786314104108774653,414
1786314104113667843,414
1786314104119756548,414
1786314104124644654,415
1786314104129627338,414
1786314104134724395,414
1786314104140691557,414
1786314104145699680,414
1786314104150784616,412
1786314104155708893,412
1786314104161590094,411
1786314104166763150,410
1786314104171600308,408
1786314104176694193,407
1786314104182800626,406
1786314104187780289,406
1786314104192763677,405
1786314104197649022,404
1786314104203730976,403
1786314104208757969,402
1786314104213774872,401
1786314104219998881,400
1786314104224731334,399
1786314104229765379,397
1786314104234706111,395
1786314104240777570,394
1786314104245692226,393
1786314104250631091,392
1786314104256312471,392
1786314104261627206,393
1786314104266609094,395
1786314104271620365,400
1786314104276692014,406
1786314104282673850,415
1786314104287691086,428
1786314104292652358,442
1786314104297639667,460
1786314104303617808,482
1786314104308699784,507
1786314104313719451,534
1786314104318740718,565
1786314104324727349,599
1786314104329650278,632
1786314104334626050,667
1786314104339670646,702
1786314104345708914,738
1786314104350687449,771
1786314104355657367,804
1786314104360679863,834
1786314104366596696,862
1786314104371924612,886
1786314104377267518,907
1786314104381657921,925
1786314104387702092,940
1786314104392682258,950
1786314104397659315,957
1786314104403621953,959
1786314104408682584,957
1786314104413752931,953
1786314104418753932,944
1786314104424626496,932
1786314104429738296,919
1786314104434632153,901
1786314104439758251,883
1786314104446117629,863
1786314104450919629,841
1786314104455874081,817
1786314104460710529,792
1786314104466665862,766
1786314104471934125,739
1786314104476661591,711
1786314104481676570,683
1786314104487673400,656
1786314104492661887,630
1786314104497672896,603
1786314104502625249,579
1786314104508628989,556
1786314104513759751,533
1786314104518598972,513
1786314104523626953,495
1786314104529880349,479
1786314104534636096,465
1786314104539704811,454
1786314104544800437,446
1786314104551030188,439
1786314104555662089,436
1786314104560678485,433
1786314104566632969,433
1786314104571645757,433
1786314104576625686,436
1786314104581653067,440
1786314104587988462,446
1786314104592616742,452
1786314104597877948,459
1786314104602696830,466
1786314104608667659,474
1786314104613698165,482
1786314104618707133,489
1786314104623705233,496
1786314104629716231,503
1786314104634680838,508
1786314104639643462,514
1786314104644670676,519
1786314104650706524,523
1786314104655607728,526
1786314104660585271,529
1786314104665688897,530
1786314104671739169,532
1786314104676632719,532
1786314104681659423,531
1786314104686786610,530
1786314104692722093,528
1786314104697689314,524
1786314104702690228,520
1786314104707909498,516
1786314104714055187,512
1786314104718727981,506
1786314104723639180,500
1786314104728886143,494
1786314104734954390,487
1786314104740039951,480
1786314104745110440,474
1786314104751019088,468
1786314104755855989,462
1786314104761658869,456
1786314104765980936,451
1786314104771831049,446
1786314104776757239,440
1786314104781896039,434
1786314104786858630,429
1786314104792677016,424
1786314104797717917,420
1786314104802961044,417
1786314104807782937,414
1786314104813685328,408
1786314104818718398,405
1786314104823771820,403
1786314104829089293,400
1786314104834764069,397
1786314104839770854,395
1786314104844652110,393
1786314104849723967,391
1786314104855616880,388
1786314104860710983,387
1786314104865760089,385
1786314104870759308,384
1786314104876665981,383
1786314104881775099,382
1786314104886884053,381
1786314104891837274,380
1786314104897821276,380
1786314104902766576,379
1786314104907632451,379
1786314104912639070,378
1786314104918695087,379
1786314104923706753,379
1786314104928626350,380
1786314104935162256,381
1786314104939640858,382
1786314104944666340,383
1786314104949672039,384
1786314104955746369,384
1786314104960702038,386
1786314104965958581,388
1786314104970904112,390
1786314104976640834,392
1786314104981728149,393
1786314104986870982,396
1786314104991616409,397
1786314104997663474,398
1786314105002899183,399
1786314105007672632,399
1786314105012774506,400
1786314105018920461,401
1786314105023878149,402
1786314105028616986,403
1786314105033905919,403
1786314105039763383,403
1786314105044629842,404
1786314105049923278,403
1786314105054924111,403
1786314105060632578,403
1786314105065845026,402
1786314105070904599,402
1786314105075987935,402
1786314105081735179,402
1786314105086911309,402
1786314105091899693,402
1786314105096736590,401
1786314105102731514,401
1786314105107787242,402
1786314105112710604,402
1786314105118671325,403
1786314105123729707,404
1786314105128623321,404
1786314105133723220,403
1786314105139896477,404
1786314105144639830,404
1786314105149880275,404
1786314105154892589,404
1786314105160636394,403
1786314105165768868,404
1786314105170746241,404
1786314105175971253,402
1786314105181611595,403
1786314105186941696,402
1786314105191924742,400
1786314105196634438,399
1786314105202696133,397
1786314105207900525,395
1786314105212669260,393
1786314105217612908,391
1786314105223853004,390
1786314105228868440,388
1786314105233853817,386
1786314105238766026,384
1786314105244808591,384
1786314105249901040,383
1786314105254731130,382
1786314105259630554,383
1786314105265785077,384
1786314105270929425,385
1786314105275793389,388
1786314105280878864,393
1786314105286922824,400
1786314105291885879,409
1786314105296638179,420
1786314105302593018,435
1786314105307611831,452
1786314105312612769,472
1786314105317734262,495
1786314105323869544,521
1786314105328748155,549
1786314105333852340,580
1786314105338758096,610
1786314105344695995,643
1786314105349889259,675
1786314105354887431,707
1786314105359605209,738
1786314105365677693,768
1786314105370925037,797
1786314105375802347,823
1786314105380846351,847
1786314105386774732,867
1786314105391920395,885
1786314105396620667,899
1786314105401581911,908
1786314105407791837,914
1786314105412642762,917
1786314105417751851,915
1786314105422891093,910
1786314105428817696,902
1786314105433775470,892
1786314105438933430,877
1786314105443663678,861
1786314105449898107,843
1786314105454886711,823
1786314105459627792,801
1786314105464733202,779
1786314105470893320,755
1786314105475776560,729
1786314105480685874,704
1786314105486643688,678
1786314105491907959,652
1786314105496898317,625
1786314105501911954,600
1786314105507986879,576
1786314105512618587,552
1786314105517829372,530
1786314105522915792,510
1786314105528627430,492
1786314105533803957,477
1786314105538797849,463
1786314105543633977,452
1786314105549726338,444
1786314105554895207,438
1786314105559749906,435
1786314105564721618,433
1786314105570925696,433
1786314105575650368,435
1786314105580863990,439
1786314105585834558,445
1786314105591844784,451
1786314105596662384,459
1786314105601624104,467
1786314105606852268,477
1786314105612718201,486
1786314105617744302,495
1786314105622569338,504
1786314105627657015,513
1786314105633741855,521
1786314105638665967,528
1786314105643663779,535
1786314105648737467,542
1786314105654701367,547
1786314105659936186,551
1786314105664626852,554
1786314105670711168,556
1786314105675594606,557
1786314105680596512,557
1786314105685624152,557
1786314105691874890,554
1786314105696758913,552
1786314105701604323,549
1786314105706850145,545
1786314105712679213,539
1786314105717826990,534
1786314105722663129,528
1786314105727740349,522
1786314105733731012,515
1786314105738764781,508
1786314105743682522,502
1786314105748759188,495
1786314105754901435,489
1786314105759754186,482
1786314105764761748,476
1786314105769649004,471
1786314105775601538,465
1786314105782695093,460
1786314105786173273,455
1786314105790636952,449
1786314105796647143,444
1786314105801616169,440
1786314105806680339,436
1786314105811682573,431
1786314105817673136,428
1786314105822723222,425
1786314105827655534,422
1786314105832762246,420
1786314105838641126,417
1786314105844016264,416
1786314105849310023,414
1786314105854571701,413
1786314105859848221,411
1786314105864678172,410
1786314105869643644,408
1786314105875646669,407
1786314105880621201,406
1786314105885721351,405
1786314105890697039,404
1786314105896588053,403
1786314105901624160,402
1786314105906722548,401
1786314105911742353,400
1786314105917695204,398
1786314105922686750,397
1786314105927711890,396
1786314105932619927,396
1786314105938650312,396
1786314105943638876,396
1786314105949011309,397
1786314105953695217,398
1786314105959687371,398
1786314105964728337,400
1786314105969691334,401
1786314105974782906,402
1786314105980634755,403
1786314105985752442,404
1786314105990645031,405
1786314105995684942,406
1786314106001665411,408
1786314106007094137,409
1786314106011912397,411
1786314106017402872,412
1786314106022600187,414
1786314106027609729,414
1786314106032763440,414
1786314106038993443,415
1786314106043714175,415
1786314106049667104,415
1786314106054112742,415
1786314106060069825,414
1786314106065193082,414
1786314106069697408,413
1786314106074668708,413
1786314106080643061,413
1786314106085715722,413
1786314106090660530,412
1786314106095660029,411
1786314106101718741,410
1786314106106660635,409
1786314106111618246,407
1786314106116816157,406
1786314106122646803,404
1786314106127745711,402
1786314106132655556,399
1786314106137687292,398
1786314106143703402,396
1786314106148663438,393
1786314106153706948,393
1786314106158694236,392
1786314106164702300,392
1786314106169743562,392
1786314106174599849,393
1786314106179717255,397
1786314106185747429,402
1786314106190639779,409
1786314106195610516,418
1786314106200669795,431
1786314106206672335,446
1786314106211669855,465
1786314106216642254,486
1786314106221875608,510
1786314106227921287,536
1786314106233089717,564
1786314106237672766,594
1786314106243941784,625
1786314106248757109,657
1786314106253731386,689
1786314106258682820,720
1786314106264651923,752
1786314106269626378,781
1786314106275119015,810
1786314106279944552,835
1786314106285659467,858
1786314106290651351,877
1786314106295685288,893
1786314106300619712,907
1786314106306692045,917
1786314106311684787,922
1786314106316668694,925
1786314106321639515,925
1786314106327629224,921
1786314106332684064,913
1786314106337672479,904
1786314106342620332,892
1786314106348704215,878
1786314106353564285,862
1786314106358605752,843
1786314106363641947,824
1786314106369619133,801
1786314106374792407,778
1786314106379617159,754
1786314106384617534,729
1786314106390650159,703
1786314106395704283,676
1786314106400639770,651
1786314106406605933,625
1786314106411651176,600
1786314106416636046,577
1786314106421763195,554
1786314106427765201,534
1786314106432753259,514
1786314106437696559,497
1786314106442679362,483
1786314106448726032,469
1786314106453624070,459
1786314106458668700,450
1786314106463722895,444
1786314106469630542,440
1786314106474769567,437
1786314106479600077,437
1786314106484634000,439
1786314106490688915,441
1786314106495649366,445
1786314106500750786,451
1786314106506031064,457
1786314106511612886,463
1786314106516608382,471
1786314106521699523,478
1786314106526664850,486
1786314106532733417,494
1786314106537734165,502
1786314106542591240,509
1786314106547775993,515
1786314106553748197,521
1786314106558589180,527
1786314106563758427,532
1786314106568726053,535
1786314106574684572,538
1786314106579653401,540
1786314106584731058,543
1786314106590645889,543
1786314106595618973,542
1786314106600725229,540
1786314106605727644,538
1786314106611610156,535
1786314106616734043,531
1786314106621733597,527
1786314106626613889,523
1786314106632700930,517
1786314106637708979,512
1786314106642632990,507
1786314106647728966,501
1786314106653729385,495
1786314106658622532,489
1786314106663708608,483
1786314106668728053,477
1786314106674568717,471
1786314106679742791,465
1786314106684725276,460
1786314106689867725,454
1786314106695875335,450
1786314106700831676,445
1786314106705866717,440
1786314106710630251,435
1786314106716863002,431
1786314106721925221,428
1786314106726658092,424
1786314106731707389,420
1786314106737808505,417
1786314106742644666,416
1786314106747759433,413
1786314106752842475,411
1786314106758656350,410
1786314106763871887,407
1786314106768961614,405
1786314106774601304,403
1786314106779699263,401
1786314106784931649,400
1786314106789920855,399
1786314106795893770,397
1786314106800886323,396
1786314106805734055,395
1786314106810648627,396
1786314106816697695,394
1786314106821844030,394
1786314106826590618,395
1786314106831715937,395
1786314106837637992,395
1786314106842686242,395
1786314106847890402,396
1786314106852894427,397
1786314106858730809,398
1786314106863853110,399
1786314106868912653,400
1786314106873869308,401
1786314106879876989,402
1786314106884916295,404
1786314106889871758,406
1786314106894768611,406
1786314106900776472,408
1786314106905839663,409
1786314106910591884,410
1786314106915821477,411
1786314106921877298,413
1786314106926648906,414
1786314106931631351,415
1786314106936942020,415
1786314106942642584,416
1786314106947804335,416
1786314106952887282,416
1786314106958693489,417
1786314106963760389,417
1786314106968639384,417
1786314106973885176,417
1786314106979732546,417
1786314106984723910,417
1786314106989772484,416
1786314106994760906,415
1786314107000761524,414
1786314107005756405,413
1786314107010645141,412
1786314107015726264,410
1786314107021889974,409
1786314107026845277,407
1786314107031844185,406
1786314107036772751,404
1786314107042674216,404
1786314107047627179,402
1786314107052635588,401
1786314107057617283,400
1786314107063785788,402
1786314107068908486,403
1786314107073802783,405
1786314107078783409,410
1786314107084912745,417
1786314107089890510,426
1786314107094886045,438
1786314107099888972,453
1786314107105886665,471
1786314107110738895,493
1786314107115730429,516
1786314107120874588,544
1786314107126775848,573
1786314107131883657,604
1786314107136916779,637
1786314107142582874,670
1786314107147885024,704
1786314107152894502,739
1786314107157630870,772
1786314107163878844,804
1786314107168887700,835
1786314107173810632,861
1786314107178841765,887
1786314107185027807,908
1786314107189890932,927
1786314107194984188,941
1786314107199882038,952
1786314107205891387,959
1786314107210617302,963
1786314107215625142,962
1786314107220968547,959
1786314107226765185,954
1786314107231593489,944
1786314107236850328,932
1786314107241912369,918
1786314107247727720,902
1786314107252757364,884
1786314107257618195,863
1786314107262766409,842
1786314107268774526,820
1786314107273886394,797
1786314107278802091,774
1786314107283916705,749
1786314107289902766,724
1786314107294733432,699
1786314107299852176,674
1786314107304892645,649
1786314107310666271,624
1786314107315616319,599
1786314107320716918,578
1786314107326664124,556
1786314107331723466,537
1786314107336732774,520
1786314107341691753,505
1786314107347734094,492
1786314107352885134,482
1786314107357632420,473
1786314107362761767,467
1786314107368894474,463
1786314107373883441,460
1786314107378727968,461
1786314107383892346,461
1786314107389772683,464
1786314107394729621,468
1786314107399885288,472
1786314107404868942,479
1786314107410685927,484
1786314107415839492,491
1786314107420896804,499
1786314107425631773,507
1786314107431739803,514
1786314107436885257,521
1786314107441667859,529
1786314107446781809,535
1786314107452886905,540
1786314107457637908,546
1786314107462681601,550
1786314107467912475,553
1786314107473744105,555
1786314107478742284,557
1786314107483735390,558
1786314107488762109,557
1786314107494758194,555
1786314107499881507,553
1786314107504764212,550
1786314107510881660,546
1786314107515818179,542
1786314107520895198,538
1786314107525906093,532
1786314107531805609,527
1786314107536752733,520
1786314107541684206,515
1786314107546837474,509
1786314107552763294,502
1786314107557695803,496
1786314107562649421,490
1786314107567721582,484
1786314107573638355,478
1786314107578847029,472
1786314107583769250,466
1786314107588761589,460
1786314107594824160,454
1786314107599649676,449
1786314107604889031,444
1786314107609591152,438
1786314107615594683,432
1786314107620826876,428
1786314107625781618,424
1786314107630626330,421
1786314107636892166,417
1786314107641658932,414
1786314107646708658,411
1786314107651889231,407
1786314107657697049,405
1786314107662630071,403
1786314107667909497,401
1786314107673542473,400
1786314107678789112,398
1786314107683898946,397
1786314107688882233,396
1786314107694825881,395
1786314107699738129,393
1786314107704755981,393
1786314107709833124,392
1786314107715875525,391
1786314107720838846,391
1786314107725661361,392
1786314107731791785,392
1786314107736776200,393
1786314107741625925,394
1786314107746802662,395
1786314107751892079,395
1786314107757718092,396
1786314107762720322,398
1786314107767904401,398
1786314107772872995,400
1786314107778678436,400
1786314107783796513,402
1786314107788869210,404
1786314107793829970,405
1786314107799851122,408
1786314107804912218,410
1786314107809675102,411
1786314107814619421,412
1786314107820836257,414
1786314107825665061,416
1786314107830673019,417
1786314107835734589,417
1786314107841631658,419
1786314107846626202,420
1786314107851897709,422
1786314107856728166,422
1786314107862838135,422
1786314107867740325,422
1786314107872918557,422
1786314107878733252,421
1786314107883755539,420
1786314107888885053,419
1786314107893750889,418
1786314107899743725,417
1786314107904837758,415
1786314107909659890,414
1786314107914582205,412
1786314107920743920,410
1786314107925616396,408
1786314107930807638,406
1786314107935890635,405
1786314107941621131,404
1786314107946625551,403
1786314107951892674,401
1786314107956630961,400
1786314107962768812,400
1786314107967740597,399
1786314107972721474,399
1786314107977765365,400
1786314107983766651,402
1786314107988746710,406
1786314107993727905,411
1786314107998664206,418
1786314108004666174,429
1786314108009741704,441
1786314108014760948,455
1786314108019694626,474
1786314108025620110,495
1786314108030773411,520
1786314108035759871,547
1786314108040603752,576
1786314108046760801,608
1786314108051746087,640
1786314108056556054,674
1786314108062650253,707
1786314108067761532,741
1786314108072743356,774
1786314108077611271,806
1786314108083767515,835
1786314108088755838,862
1786314108093609756,886
1786314108098766745,908
1786314108104742787,925
1786314108109704755,939
1786314108114719971,950
1786314108119804892,956
1786314108125621404,960
1786314108130692313,959
1786314108135731772,955
1786314108140708795,949
1786314108146734540,939
1786314108151755616,927
1786314108156607518,912
1786314108161652186,895
1786314108167876489,877
1786314108172935695,856
1786314108177646000,834
1786314108182868367,811
1786314108188872048,786
1786314108193689278,760
1786314108198870596,733
1786314108203795182,706
1786314108209720935,679
1786314108214871813,652
1786314108219739052,626
1786314108224654032,600
1786314108230833819,576
1786314108235899611,554
1786314108240735288,533
1786314108246870723,514
1786314108251879704,498
1786314108256599970,483
1786314108261677432,471
1786314108267676360,461
1786314108272761713,453
1786314108277692574,447
1786314108282633168,444
1786314108288691075,442
1786314108293678085,442
1786314108298676101,443
1786314108303679546,446
1786314108309746294,450
1786314108314812488,455
1786314108319786573,462
1786314108324635894,469
1786314108330631931,476
1786314108335841023,483
1786314108340729052,490
1786314108345832414,496
1786314108351746809,503
1786314108356649141,508
1786314108361754609,513
1786314108366732243,518
1786314108372652448,522
1786314108377722708,526
1786314108382756402,528
1786314108387880865,529
1786314108393677025,530
1786314108398854216,530
1786314108403863564,530
1786314108408662452,529
1786314108414896854,526
1786314108419887007,524
1786314108424655712,522
1786314108430884454,518
1786314108435888765,514
1786314108440640486,509
1786314108445847020,505
1786314108451804649,498
1786314108456611601,492
1786314108461873419,486
1786314108466925575,480
1786314108472807894,473
1786314108477682098,467
1786314108482677548,461
1786314108487678983,455
1786314108493632597,450
1786314108498677490,445
1786314108503690960,440
1786314108508609279,435
1786314108514868520,430
1786314108519830102,426
1786314108524671719,421
1786314108529991872,418
1786314108535943828,414
1786314108540640646,412
1786314108545658699,410
1786314108550797823,407
1786314108556608176,404
1786314108561611400,402
1786314108566870570,400
1786314108571897022,399
1786314108577758079,396
1786314108582895231,395
1786314108587870910,394
1786314108592841703,393
1786314108598873410,391
1786314108603877725,390
1786314108608957119,390
1786314108614802269,388
1786314108619852671,388
1786314108624642740,388
1786314108629870689,387
1786314108635878038,386
1786314108640672820,385
1786314108645776892,385
1786314108650891231,384
1786314108656724561,385
1786314108661833977,386
1786314108666813770,388
1786314108671838609,389
1786314108677805936,390
1786314108682886768,392
1786314108687890232,392
1786314108692748781,393
1786314108698883825,394
1786314108703831851,395
1786314108708648544,396
1786314108713809510,397
1786314108719860275,398
1786314108724741952,400
1786314108729660247,401
1786314108734733181,402
1786314108740647024,404
1786314108745613811,405
1786314108750835869,406
1786314108755661918,407
1786314108761783191,408
1786314108766903950,410
1786314108771837728,411
1786314108776764004,412
1786314108782924136,413
1786314108787849264,414
1786314108792685030,415
1786314108798659287,415
1786314108803772560,416
1786314108808653041,416
1786314108813908551,415
1786314108819677001,415
1786314108824629798,415
1786314108829678958,414
1786314108834680103,413
1786314108840615054,412
1786314108845608225,410
1786314108850712436,408
1786314108855680898,407
1786314108861691202,404
1786314108866915398,404
1786314108871869223,402
1786314108876819995,400
1786314108882830967,398
1786314108887887228,397
1786314108892863353,396
1786314108897880148,394
1786314108903868789,393
1786314108908631011,393
1786314108913835879,391
1786314108918783023,392
1786314108924636291,393
1786314108929667053,395
1786314108934712325,397
1786314108939885344,401
1786314108945876110,407
1786314108950919365,415
1786314108955674817,426
1786314108960755865,440
1786314108966810728,457
1786314108971750430,476
1786314108976610464,498
1786314108982660220,524
1786314108987886197,553
1786314108992623229,582
1786314108997833487,616
1786314109003887729,649
1786314109008681631,683
1786314109013727015,717
1786314109018780248,750
1786314109024663712,782
1786314109029879601,812
1786314109034902479,839
1786314109039690098,865
1786314109045676924,887
1786314109050869251,906
1786314109055625628,921
1786314109060690046,932
1786314109066673338,942
1786314109071715148,945
1786314109076790926,945
1786314109081868801,941
1786314109087870042,935
1786314109092637902,924
1786314109097684056,912
1786314109102880086,897
1786314109108667248,879
1786314109113891547,859
1786314109118927214,837
1786314109123646891,814
1786314109129683511,789
1786314109134869370,763
1786314109139696853,737
1786314109144683026,709
1786314109150864538,681
1786314109156349565,652
1786314109160675637,624
1786314109166640770,597
1786314109171731364,571
1786314109176639826,546
1786314109181596769,525
1786314109187715706,505
1786314109192777676,487
1786314109197865810,472
1786314109202867615,461
1786314109208691657,452
1786314109213882036,445
1786314109218864832,440
1786314109223613415,437
1786314109229714441,437
1786314109234795210,439
1786314109240534127,444
1786314109244864777,450
1786314109250862755,457
1786314109255615300,465
1786314109260799595,474
1786314109265840776,483
1786314109271781416,493
1786314109276686129,501
1786314109281852031,511
1786314109286861689,519
1786314109292788172,526
1786314109297732090,533
1786314109302897495,539
1786314109307661241,545
1786314109313887637,549
1786314109318783471,553
1786314109323640135,555
1786314109328609947,556
1786314109334727581,557
1786314109339787651,556
1786314109344721995,554
1786314109350721913,552
1786314109355638776,548
1786314109360606475,544
1786314109365892031,540
1786314109371591128,535
1786314109376668027,530
1786314109381676033,524
1786314109386907897,518
1786314109392680634,512
1786314109397868896,505
1786314109402882262,499
1786314109407664998,494
1786314109413809237,487
1786314109418884230,482
1786314109423626721,477
1786314109428752869,471
1786314109434888749,466
1786314109439688873,463
1786314109444876929,457
1786314109449887153,453
1786314109455595826,449
1786314109460670065,446
1786314109465913116,443
1786314109470833639,440
1786314109476742576,437
1786314109481873825,435
1786314109486753082,433
1786314109491912756,431
1786314109497883396,430
1786314109502747057,428
1786314109507607630,426
1786314109512751037,424
1786314109518741282,422
1786314109523579183,421
1786314109528655079,419
1786314109534825275,417
1786314109539667739,415
1786314109544775100,415
1786314109549886934,413
1786314109555638550,411
1786314109560844875,410
1786314109565871116,409
1786314109570755229,407
1786314109576617895,406
1786314109581618853,406
1786314109586671861,405
1786314109591860539,405
1786314109597856402,405
1786314109602837799,406
1786314109607614813,406
1786314109612781544,407
1786314109618913832,408
1786314109623718872,409
1786314109628773891,411
1786314109633906893,413
1786314109639606144,415
1786314109644812428,417
1786314109649865987,419
1786314109654907446,420
1786314109660793303,423
1786314109665959682,424
1786314109670833832,425
1786314109675865737,426
1786314109681879541,426
1786314109686862803,426
1786314109691593059,426
1786314109696834865,426
1786314109702826429,427
1786314109707611856,426
1786314109712854790,426
1786314109718697881,424
1786314109723728441,425
1786314109728827376,423
1786314109733770731,422
1786314109739669914,421
1786314109744660666,419
1786314109749621423,417
1786314109754827768,415
1786314109760654910,414
1786314109765635538,413
1786314109770893728,411
1786314109775608345,410
1786314109781785356,409
1786314109786710213,407
1786314109791653070,406
1786314109796846287,405
1786314109802820727,405
1786314109807762304,405
1786314109812621159,405
1786314109817677971,408
1786314109823703016,412
1786314109828654010,418
1786314109833616584,427
1786314109838636058,438
1786314109846018771,452
1786314109849576542,469
1786314109854649562,489
1786314109859669701,512
1786314109865700094,537
1786314109870786077,565
1786314109876123670,594
1786314109880877856,625
1786314109886693558,658
1786314109891673008,691
1786314109896677239,724
1786314109902563794,756
1786314109907653299,787
1786314109913306793,816
1786314109917898488,844
1786314109924710100,867
1786314109928694995,886
1786314109933886025,903
1786314109939068523,917
1786314109944952015,927
1786314109949713945,933
1786314109954873918,937
1786314109959686123,937
1786314109966711271,934
1786314109971693304,927
1786314109977761402,917
1786314109980686631,905
1786314109986716776,890
1786314109992290275,873
1786314109998613375,854
1786314110001640575,834
1786314110008918956,812
1786314110021158670,788
1786314110024774279,764
1786314110029920820,739
1786314110034344900,713
1786314110034713249,686
1786314110038852070,660
1786314110043696819,634
1786314110049894191,607
1786314110054599750,582
1786314110059614095,558
1786314110065135108,535
1786314110070672306,514
1786314110075649615,496
1786314110080661262,480
1786314110086734998,465
1786314110091930563,454
1786314110096710083,445
1786314110102066117,439
1786314110107632887,435
1786314110112671383,433
1786314110117739487,433
1786314110123704741,435
1786314110128703112,439
1786314110135831141,444
1786314110138691269,450
1786314110143635518,457
1786314110150695993,465
1786314110155498834,473
1786314110159646603,481
1786314110164654020,490
1786314110171294825,498
1786314110175593505,505
1786314110181033418,512
1786314110185679735,519
1786314110192007602,524
1786314110197201243,528
1786314110201671477,532
1786314110209663435,536
1786314110213954473,538
1786314110217628783,540
1786314110222699273,541
1786314110227645738,541
1786314110235037330,540
1786314110239151332,537
1786314110243658913,534
1786314110248662919,530
1786314110254670501,526
1786314110260440715,522
1786314110264981344,517
1786314110271522296,511
1786314110276680530,505
1786314110282805266,499
1786314110285680216,493
1786314110294576220,487
1786314110297707753,482
1786314110301636293,476
1786314110306782155,471
1786314110312675613,464
1786314110317832124,459
1786314110322747967,453
1786314110327664335,447
1786314110333722401,442
1786314110339059012,437
1786314110343657220,433
1786314110348615971,430
1786314110354733535,425
1786314110359633949,423
1786314110364656320,420
1786314110369640153,417
1786314110375651468,414
1786314110380640497,412
1786314110385608357,411
1786314110390586492,409
1786314110396654293,407
1786314110401575061,405
1786314110406614135,404
1786314110411592696,403
1786314110417604924,400
1786314110422598803,400
1786314110427608332,399
1786314110432677997,398
1786314110438590912,395
1786314110443657009,395
1786314110448675005,394
1786314110453677879,394
1786314110459690145,393
1786314110464636687,393
1786314110469591575,392
1786314110475668494,392
1786314110480617467,392
1786314110485625853,391
1786314110490671885,391
1786314110496614238,391
1786314110501695093,391
1786314110506683249,392
1786314110511742361,392
1786314110517667924,393
1786314110522600644,395
1786314110527606696,396
1786314110532622997,398
1786314110538643753,400
1786314110543597178,403
1786314110548668014,405
1786314110553681612,406
1786314110559603354,408
1786314110564641615,411
1786314110569662160,411
1786314110574640467,413
1786314110580605628,414
1786314110585607114,415
1786314110590636170,417
1786314110595608570,418
1786314110601965821,419
1786314110606872326,419
1786314110611862194,419
1786314110616870655,419
1786314110622843378,419
1786314110627856893,419
1786314110632757905,417
1786314110638770270,417
1786314110643814806,415
1786314110648744503,414
1786314110653712892,413
1786314110659620283,412
1786314110664632496,410
1786314110669635824,408
1786314110674600967,406
1786314110680630255,404
1786314110685657637,403
1786314110690684179,400
1786314110695663118,399
1786314110701632486,397
1786314110706702602,395
1786314110711582397,394
1786314110716777949,392
1786314110722581743,392
1786314110727630883,392
1786314110732588719,393
1786314110737576766,397
1786314110743738203,402
1786314110748678155,409
1786314110753818511,418
1786314110758715244,431
1786314110764691115,447
1786314110769792510,467
1786314110774808427,491
1786314110779754888,518
1786314110785621696,548
1786314110790830803,582
1786314110795638684,619
1786314110800790516,657
1786314110806604556,696
1786314110811866680,735
1786314110816641215,773
1786314110822579607,812
1786314110827656619,848
1786314110832628830,882
1786314110837623985,914
1786314110843617266,943
1786314110848665737,967
1786314110853695145,972
1786314110858727686,972
1786314110864643531,972
1786314110869669923,972
1786314110874719495,972
1786314110879676480,972
1786314110885753071,972
1786314110890861450,972
1786314110896162055,972
1786314110900872507,972
1786314110906806131,972
1786314110911882939,972
1786314110916930524,972
1786314110921641286,955
1786314110927782857,933
1786314110932711298,909
1786314110937672990,883
1786314110942862943,855
1786314110948633423,827
1786314110953768233,798
1786314110958686747,768
1786314110963853972,738
1786314110969845716,708
1786314110974792233,680
1786314110979884983,651
1786314110984753626,624
1786314110990853243,599
1786314110995748697,575
1786314111000625030,554
1786314111006710922,535
1786314111011832520,518
1786314111016628618,504
1786314111021629189,494
1786314111027681578,484
1786314111032823253,477
1786314111037587654,472
1786314111042644389,470
1786314111048652216,469
1786314111053609459,470
1786314111058689933,473
1786314111063640584,478
1786314111069604965,483
1786314111074793102,487
1786314111079746505,494
1786314111084970442,500
1786314111090730321,506
1786314111095872400,512
1786314111100796435,519
1786314111105722329,524
1786314111111821025,530
1786314111116667515,535
1786314111121656731,540
1786314111126643254,544
1786314111132692333,546
1786314111137608448,548
1786314111142702387,549
1786314111147896054,549
1786314111153598529,548
1786314111158582931,547
1786314111163641608,544
1786314111168951492,541
1786314111174599792,538
1786314111180713410,534
1786314111184643047,530
1786314111190560058,525
1786314111195914102,520
1786314111201058681,514
1786314111205790083,508
1786314111211848651,503
1786314111216660757,496
1786314111221654926,490
1786314111226817219,484
1786314111232732349,477
1786314111237880549,470
1786314111242880906,464
1786314111247856309,459
1786314111253599456,452
1786314111258798845,447
1786314111263953217,442
1786314111268624743,436
1786314111274780101,431
1786314111279659650,426
1786314111284754006,422
1786314111289616755,418
1786314111295859884,414
1786314111300761969,410
1786314111305716131,407
1786314111310905937,403
1786314111316665515,401
1786314111321630879,399
1786314111326680633,396
1786314111331647172,393
1786314111337718594,391
1786314111342697554,390
1786314111347724395,388
1786314111352749460,387
1786314111358761771,386
1786314111363861577,385
1786314111368735522,384
1786314111373708360,383
1786314111379871950,383
1786314111384754775,383
1786314111389717244,383
1786314111395876174,382
1786314111400682342,383
1786314111405704248,383
1786314111410785632,383
1786314111416673405,383
1786314111421610036,384
1786314111426887525,384
1786314111431829161,385
1786314111437655024,385
1786314111442874585,387
1786314111447875126,387
1786314111452808052,388
1786314111458799385,389
1786314111463907224,390
1786314111469826281,391
1786314111473685265,392
1786314111479721680,394
1786314111484641582,395
1786314111489812666,396
1786314111494734431,398
1786314111501045452,399
1786314111505595639,399
1786314111510763447,400
1786314111515743041,400
1786314111521629301,400
1786314111526664583,400
1786314111531631576,400
1786314111536628645,400
1786314111542698004,400
1786314111547735481,400
1786314111552750606,399
1786314111558619012,398
1786314111563646939,397
1786314111568768832,396
1786314111573627495,396
1786314111579612713,396
1786314111584620262,396
1786314111589621131,395
1786314111594611857,395
1786314111600620446,394
1786314111605668117,394
1786314111610742861,392
1786314111615714527,391
1786314111621814374,390
1786314111626737698,389
1786314111631874359,387
1786314111636633782,386
1786314111642865602,385
1786314111648038933,384
1786314111652816287,382
1786314111657836662,381
1786314111663664324,380
1786314111668726512,379
1786314111673869041,378
1786314111678957546,377
1786314111684684234,376
1786314111689878196,375
1786314111694872288,374
1786314111699764390,373
1786314111705720091,374
1786314111710882711,374
1786314111715809683,374
1786314111720777101,375
1786314111726896938,375
1786314111731760168,375
1786314111736634252,374
1786314111742784276,375
1786314111747799677,374
1786314111752853611,373
1786314111757863526,373
1786314111764659097,373
1786314111768673362,372
1786314111773667708,373
1786314111778667705,373
1786314111785027897,373
1786314111789674732,373
1786314111794869609,373
1786314111799867243,375
1786314111805600211,375
1786314111810888636,376
1786314111815928474,376
1786314111821171575,376
1786314111826779846,378
1786314111831749174,378
1786314111836652488,380
1786314111841633420,381
1786314111847578974,382
1786314111852795637,383
1786314111857607250,384
1786314111862616653,385
1786314111868621678,386
1786314111873704193,386
1786314111878820866,387
1786314111883827965,389
1786314111889755051,389
1786314111894854636,390
1786314111899858029,391
1786314111904776432,391
1786314111910863861,390
1786314111915888624,391
1786314111920620885,390
1786314111926692499,391
1786314111931865164,389
1786314111936663890,388
1786314111941716667,388
1786314111947685241,387
1786314111952619091,386
1786314111957677521,385
1786314111962855783,384
1786314111968616743,383
1786314111973819166,382
1786314111978703810,381
1786314111983694472,381
1786314111989680528,382
1786314111994678860,385
1786314111999669452,389
1786314112004821096,396
1786314112010765060,404
1786314112015767023,417
1786314112020885001,434
1786314112025690375,454
1786314112031916574,478
1786314112036611574,505
1786314112041832626,537
1786314112046792946,571
1786314112052629937,609
1786314112057728493,649
1786314112062718438,692
1786314112067785688,736
1786314112073629699,779
1786314112078705318,822
1786314112083655953,864
1786314112089714848,903
1786314112094704958,941
1786314112099707252,971
1786314112104661808,972
1786314112110628573,972
1786314112115875144,972
1786314112120693494,972
1786314112125632850,972
1786314112131895838,972
1786314112136779178,972
1786314112141709504,972
1786314112146786783,972
1786314112152589213,972
1786314112157675348,972
1786314112162832222,972
1786314112167856942,972
1786314112173661473,972
1786314112178621845,972
1786314112183690615,972
1786314112188681338,972
1786314112194685037,972
1786314112199774903,972
1786314112204629434,972
1786314112209649024,970
1786314112215621601,931
1786314112220607699,898
1786314112225603609,863
1786314112230793010,828
1786314112236621071,794
1786314112241720798,758
1786314112246881137,725
1786314112251615344,693
1786314112257707318,662
1786314112262790938,634
1786314112267609711,608
1786314112273502694,585
1786314112278708127,564
1786314112283708992,546
1786314112288674212,531
1786314112294604466,518
1786314112299713672,508
1786314112304701432,501
1786314112309730757,496
1786314112315903425,492
1786314112320652200,490
1786314112325649665,491
1786314112330761770,492
1786314112336656401,496
1786314112341694567,499
1786314112346706858,503
1786314112351808698,508
1786314112357637875,513
1786314112362717125,518
1786314112367618433,524
1786314112372611617,530
1786314112378693735,534
1786314112383690383,539
1786314112388598304,542
1786314112404656379,545
1786314112405050212,548
1786314112405401618,549
1786314112409856040,549
1786314112414867171,549
1786314112420669350,547
1786314112425704905,545
1786314112430855553,543
1786314112435612632,540
1786314112441869504,537
1786314112446896141,533
1786314112451829137,529
1786314112457647726,524
1786314112462766039,519
1786314112467556299,514
1786314112472798521,507
1786314112478724573,501
1786314112483711087,495
1786314112488589771,488
1786314112493653841,482
1786314112499627054,476
1786314112504607483,470
1786314112509651833,464
1786314112514687097,458
1786314112520699348,452
1786314112525716456,447
1786314112530692815,442
1786314112535614252,438
1786314112541612311,433
1786314112546909895,430
1786314112551672852,425
1786314112556722157,422
1786314112562714446,418
1786314112567688175,415
1786314112572719323,411
1786314112577708467,408
1786314112583730962,406
1786314112588709860,402
1786314112593658148,400
1786314112598685497,397
1786314112604656746,395
1786314112609841761,392
1786314112614870462,391
1786314112619619773,390
1786314112625658099,390
1786314112630802880,388
1786314112635656163,388
1786314112641695985,388
1786314112646650405,388
1786314112652668516,387
1786314112656747944,387
1786314112662898258,387
1786314112667725621,387
1786314112672672536,386
1786314112677724802,387
1786314112683709014,387
1786314112688676457,387
1786314112693840015,387
1786314112698821653,388
1786314112704669163,388
1786314112709721158,388
1786314112714884652,388
1786314112719661302,388
1786314112725670821,388
1786314112730875931,387
1786314112735761312,387
1786314112740721107,386
1786314112746599568,387
1786314112751638716,386
1786314112756727946,386
1786314112761742358,386
1786314112767739314,387
1786314112772720959,387
1786314112777716409,387
1786314112782744115,389
1786314112788747938,389
1786314112793722231,390
1786314112798766903,390
1786314112803708046,390
1786314112809719367,391
1786314112814715980,391
1786314112819641997,391
1786314112825605636,391
1786314112830731127,391
1786314112835621842,391
1786314112840614902,391
1786314112846621227,391
1786314112851713053,390
1786314112856665013,389
1786314112861609476,389
1786314112867729415,388
1786314112872772623,387
1786314112877870354,387
1786314112882886708,387
1786314112888709843,388
1786314112893704715,387
1786314112898698186,387
1786314112903692004,387
1786314112909793872,386
1786314112914715335,386
1786314112919597169,385
1786314112924835278,385
1786314112930649485,384
1786314112935627676,384
1786314112940623982,383
1786314112945854778,382
1786314112951748087,381
1786314112956706944,381
1786314112961810239,381
1786314112966857338,380
1786314112972666479,380
1786314112977756830,380
1786314112982914504,380
1786314112987696817,379
1786314112993888116,379
1786314112998881912,379
1786314113003820872,379
1786314113009889453,378
1786314113014899302,378
1786314113019617584,379
1786314113024696207,379
1786314113030710222,380
1786314113035696714,381
1786314113040917308,381
1786314113045786241,382
1786314113051661137,382
1786314113056605933,382
1786314113061866891,383
1786314113066842255,384
1786314113072747324,384
1786314113077797074,385
1786314113082867327,386
1786314113087613573,386
1786314113093887321,386
1786314113098881032,387
1786314113103615756,389
1786314113108718155,389
1786314113114764358,390
1786314113119673616,389
1786314113124706750,389
1786314113129761136,390
1786314113135711086,388
1786314113140877288,388
1786314113145912780,387
1786314113150857598,386
1786314113156852364,385
1786314113161868902,385
1786314113166873213,384
1786314113172795953,382
1786314113177873688,382
1786314113182868902,382
1786314113187729155,381
1786314113193702065,381
1786314113198770113,383
1786314113203863326,384
1786314113208676026,388
1786314113214744266,393
1786314113219667702,402
1786314113224643020,412
1786314113229760286,425
1786314113235626678,441
1786314113240601621,461
1786314113245711254,483
1786314113250866877,508
1786314113256887462,536
1786314113261885869,567
1786314113266879249,599
1786314113271717713,633
1786314113277621692,667
1786314113282717795,702
1786314113287861347,737
1786314113292712474,770
1786314113298724062,803
1786314113303772627,834
1786314113308892609,862
1786314113313817396,888
1786314113319700870,911
1786314113324869530,930
1786314113329868703,945
1786314113334756530,956
1786314113340784412,964
1786314113345751020,967
1786314113350678775,967
1786314113356674966,963
1786314113361610231,956
1786314113366844856,946
1786314113371727782,934
1786314113377741138,919
1786314113382870435,902
1786314113387626971,883
1786314113392756585,862
1786314113398746789,839
1786314113403759824,816
1786314113408880989,791
1786314113413825085,766
1786314113419629323,740
1786314113424788124,714
1786314113429814665,688
1786314113434599899,662
1786314113440714071,637
1786314113445832916,613
1786314113450770789,590
1786314113455661204,569
1786314113461648717,551
1786314113466889877,533
1786314113471826953,518
1786314113476858461,504
1786314113482850405,494
1786314113487822356,486
1786314113492846968,480
1786314113497885097,476
1786314113503651260,473
1786314113508579948,473
1786314113513586818,473
1786314113518591270,477
1786314113524700421,480
1786314113529798576,484
1786314113534598053,489
1786314113540860511,495
1786314113545851817,502
1786314113550839237,508
1786314113555676304,515
1786314113561678498,523
1786314113566706400,529
1786314113571669807,535
1786314113576681887,541
1786314113582848472,546
1786314113587837032,551
1786314113592852162,555
1786314113597703998,558
1786314113603630737,561
1786314113608623071,562
1786314113613749784,562
1786314113620126250,563
1786314113624607292,562
1786314113629683035,562
1786314113634617994,559
1786314113639589509,556
1786314113645678340,552
1786314113650664099,547
1786314113655596732,542
1786314113660844434,537
1786314113666598161,532
1786314113671717303,526
1786314113676665311,520
1786314113681666782,513
1786314113687674494,506
1786314113692638226,500
1786314113697648961,494
1786314113703690331,489
1786314113708732009,483
1786314113713624763,477
1786314113718652643,472
1786314113724653820,466
1786314113729693156,462
1786314113734609608,456
1786314113739630830,452
1786314113745867583,448
1786314113750737770,444
1786314113755631260,440
1786314113760664706,436
1786314113766707265,433
1786314113771711679,429
1786314113776620513,426
1786314113781630171,423
1786314113787666136,419
1786314113792628766,416
1786314113797678895,414
1786314113802633770,412
1786314113808634307,410
1786314113813636395,408
1786314113818674169,408
1786314113823745659,407
1786314113829714291,406
1786314113834637965,405
1786314113839675850,404
1786314113844708475,403
1786314113850645195,402
1786314113855657225,402
1786314113860676652,401
1786314113865752803,400
1786314113871741504,400
1786314113876685318,401
1786314113881598853,401
1786314113886713407,402
1786314113892542913,401
1786314113897609482,403
1786314114129897931,405
1786314114131015895,406
1786314114131894109,408
1786314114132261057,408
1786314114132798862,409
1786314114133258060,410
1786314114133674935,411
1786314114134079124,411
1786314114134743075,412
1786314114135280523,412
1786314114135737248,412
1786314114267386575,412
1786314114268490721,413
1786314114269338809,412
1786314114270923055,413
1786314114271674147,413
1786314114766351842,414
1786314114796203206,413
1786314114797727954,413
1786314114799003015,414
1786314114800045018,414
1786314114800839007,414
1786314114801827093,414
1786314114802556894,414
1786314114803023499,413
1786314114803415738,413
1786314114803824739,413
1786314114804273311,413
1786314114804717333,412
1786314114805317592,412
1786314114805751155,412
1786314114806117709,412
1786314114806582662,412
1786314114807051107,412
1786314114807591026,411
1786314114808091165,410
1786314114808547684,410
1786314115124163605,409
1786314115125231183,408
1786314115126247653,407
1786314115127161933,406
1786314115128231735,405
1786314115129142151,405
1786314115130213834,403
1786314115131702804,401
1786314115132638478,399
1786314115133301167,398
1786314115133748000,396
1786314115236249266,394
1786314115236732039,393
1786314115237380117,392
1786314115237915201,391
1786314115238612403,390
1786314115239254840,391
1786314115239909640,390
1786314115240553476,391
1786314115241029407,393
1786314115241595872,395
1786314115242037656,398
1786314115242579117,402
1786314115243106387,409
1786314115243647245,417
1786314115244126527,429
1786314115244535072,442
1786314115244953232,459
1786314115245362612,478
1786314115245801396,500
1786314115246230588,525
1786314115246643645,552
1786314115247206819,581
1786314115247760087,612
1786314115248569454,643
1786314115249232123,676
1786314115249775110,707
1786314115250192449,740
1786314115250646921,770
1786314115251026791,800
1786314115251418858,828
1786314115251870648,852
1786314115252261722,874
1786314115252644537,893
1786314115253015520,909
1786314115253378062,921
1786314115253818879,929
1786314115254274842,935
1786314115255093639,936
1786314115255523853,934
1786314115255897043,929
1786314115256240671,922
1786314115256657334,912
1786314115257066070,900
1786314115257432758,886
1786314115257843794,869
1786314115258220569,851
1786314115258589394,831
1786314115259052697,811
1786314115259515019,789
1786314115259891766,765
1786314115260262633,742
1786314115260664563,719
1786314115261065523,694
1786314115261428657,669
1786314115261959494,645
1786314115262452332,622
1786314115262985921,598
1786314115263501642,577
1786314115263963386,557
1786314115264392112,539
1786314115264824293,523
1786314115265299205,508
1786314115265725766,495
1786314115266282829,484
1786314115266729361,475
1786314115267274154,468
1786314115267703731,464
1786314115268153452,461
1786314115268558007,460
1786314115268911948,462
1786314115269360237,465
1786314115352070729,469
1786314115352593142,473
1786314115353079499,479
1786314115353569308,486
1786314115353894048,492
1786314115354226448,497
1786314115354754340,504
1786314115355177785,511
1786314115447044881,517
1786314115448111261,524
1786314115448997039,530
1786314115449739203,534
1786314115450331454,539
1786314115450993954,543
1786314115451535863,546
1786314115451995722,549
1786314115452705750,549
1786314115453111642,549
1786314115453622403,548
1786314115454094880,546
1786314115454736893,543
1786314115546354055,540
1786314115546957690,537
1786314115547626068,534
1786314115548588694,530
1786314115549310592,526
1786314115549755529,522
1786314115550194233,517
1786314115550568786,512
1786314115550977173,506
1786314115551368082,501
1786314115551770973,495
1786314115552135008,490
1786314115552501637,484
1786314115552891827,478
1786314115554035501,472
1786314115554695524,467
1786314115555091774,462
1786314115555548996,456
1786314115555971354,451
1786314115556389445,447
1786314115556756866,442
1786314115625697614,438
1786314115626779014,434
1786314115627710779,430
1786314115628640554,426
1786314115629603094,423
1786314115630583822,420
1786314115651382750,417
1786314115665256511,415
1786314115742930424,412
1786314115743926707,410
1786314115745951935,409
1786314115747000749,406
1786314115748086187,405
1786314115748630162,403
1786314115839044880,402
1786314115848792090,401
1786314115849512291,399
1786314115850028665,397
1786314115850356242,395
1786314115850819365,393
1786314115852191159,392
1786314115852621410,391
1786314115852983990,390
1786314115853341700,390
1786314115853739120,389
1786314115854137373,390
1786314115854704430,389
1786314115855282767,390
1786314115886024317,390
1786314115886489258,390
1786314115930104272,390
1786314115930700117,390
1786314115931413042,391
1786314115933942483,392
1786314115934515235,394
1786314115935040935,395
1786314115935627382,397
1786314115936136427,397
1786314115936660955,398
1786314115938344611,400
1786314115939017009,401
1786314115939569467,402
1786314115939964560,403
1786314115940441099,404
1786314115940949529,406
1786314115941418830,407
1786314115942215862,407
1786314115942597144,408
1786314115942979686,409
1786314115943358887,411
1786314115943706987,412
1786314115944185272,414
1786314115944568235,414
1786314115944966762,415
1786314115945434316,415
1786314115945936239,416
1786314115946524945,416
1786314115947015845,416
1786314115947694771,416
1786314115948130388,416
1786314115948564872,414
1786314115949002617,413
1786314115949493221,413
1786314115949944005,411
1786314115950402963,410
1786314115950911529,409
1786314115951319178,408
1786314115951814336,407
1786314115952251085,405
1786314115952690808,403
1786314115953090450,400
1786314115953529588,399
1786314115954179817,397
1786314115955017220,395
1786314115955766568,394
1786314115956380579,394
1786314115956784302,394
1786314115957260789,394
1786314115957649293,394
1786314115958080325,395
1786314115958583865,396
1786314116020743355,400
1786314116021060718,402
1786314116021534470,407
1786314116021899873,415
1786314116022233761,424
1786314116022887676,438
1786314116023983138,453
1786314116024625955,471
1786314116025369619,493
1786314116026158979,517
1786314116027006454,544
1786314116028562968,572
1786314116030323891,603
1786314116052939767,636
1786314116053340715,670
1786314116053726964,704
1786314116054035766,738
1786314116054293499,772
1786314116054594811,803
1786314116055143677,833
1786314116116268199,861
1786314116117155225,886
1786314116118600805,908
1786314116119408093,926
1786314116120207793,941
1786314116121625376,951
1786314116122086077,957
1786314116122428422,962
1786314116122802945,962
1786314116123144181,959
1786314116123499983,953
1786314116123817549,943
1786314116124171641,932
1786314116124557220,916
1786314116124934652,899
1786314116125363497,881
1786314116125793237,861
1786314116126156819,839
1786314116126485240,816
1786314116126810152,792
1786314116127186173,768
1786314116127573570,742
1786314116127997601,717
1786314116128404641,692
1786314116128795061,666
1786314116129162679,640
1786314116129542123,616
1786314116129886980,593
1786314116130260663,570
1786314116130592976,550
1786314116130902483,532
1786314116131245168,515
1786314116131616207,500
1786314116131936964,487
1786314116132293679,477
1786314116132671199,469
1786314116133071195,462
1786314116133419351,458
1786314116133819253,455
1786314116134195587,454
1786314116134573159,455
1786314116134931395,458
1786314116135259613,462
1786314116135600574,466
1786314116135890237,471
1786314116136211949,478
1786314116136541474,486
1786314116136853427,493
1786314116137156078,501
1786314116137448029,508
1786314116137755303,515
1786314116138163508,521
1786314116138531637,527
1786314116138940083,532
1786314116139386313,536
1786314116139765861,539
1786314116140154983,542
1786314116140505476,545
1786314116140785619,546
1786314116141131025,546
1786314116141506439,545
1786314116141839438,545
1786314116142190052,543
1786314116142517192,540
1786314116142829539,536
1786314116143143213,533
1786314116143453843,529
1786314116143868477,524
1786314116144268544,518
1786314116144610307,514
1786314116145033733,508
1786314116145427755,501
1786314116145783215,496
1786314116146122517,489
1786314116146452741,482
1786314116146801717,475
1786314116147169309,470
1786314116147463704,464
1786314116147807777,458
1786314116148132399,452
1786314116148521247,447
1786314116148878983,442
1786314116149242950,437
1786314116149645757,432
1786314116149965449,428
1786314116150376129,425
1786314116150822554,422
1786314116151236419,419
1786314116151655928,416
1786314116152036116,413
1786314116152420931,409
1786314116152783995,406
1786314116153095395,404
1786314116153448120,402
1786314116153872153,400
1786314116154852239,398
1786314116155352775,398
1786314116155932399,397
1786314116156265457,396
1786314116156589539,396
1786314116157044865,395
1786314116157349820,394
1786314116157741800,393
1786314116158168625,392
1786314116158566349,391
1786314116158906480,390
1786314116159280057,389
1786314116159655585,389
1786314116159978664,388
1786314116160301121,388
1786314116160670915,389
1786314116161071885,390
1786314116161427173,390
1786314116161772919,391
1786314116162084258,392
1786314116162417951,392
1786314116162763423,393
1786314116163098502,394
1786314116163424883,396
1786314116163782803,397
1786314116164124049,399
1786314116164444575,400
1786314116164985823,402
1786314116165226857,402
1786314116165681506,402
1786314116166066191,403
1786314116166491506,404
1786314116166823711,404
1786314116167192656,405
1786314116167678749,406
1786314116168045572,407
1786314116168893251,407
1786314116169300248,407
1786314116169764604,409
1786314116170155621,409
1786314116170646125,409
1786314116170901787,408
1786314116171197559,408
1786314116171575782,408
1786314116171855208,408
1786314116172319123,407
1786314116172858223,406
1786314116173152328,406
1786314116173896969,405
1786314116174293656,405
1786314116174658983,405
1786314116175007165,404
1786314116175302257,404
1786314116175686372,403
1786314116176055320,402
1786314116176906130,402
1786314116177298952,401
1786314116177732509,400
1786314116178109400,400
1786314116178426090,398
1786314116178751054,396
1786314116179036586,395
1786314116179368965,394
1786314116179805419,391
1786314116180189955,390
1786314116180601366,389
1786314116180979631,388
1786314116181426122,387
1786314116181894219,386
1786314116182222940,385
1786314116182675155,385
1786314116183192492,385
1786314116183619998,384
1786314116184176633,384
1786314116184675276,385
1786314116185057734,387
1786314116185384313,390
1786314116185805801,396
1786314116189674607,404
1786314116194613307,414
1786314116200645619,427
1786314116205659538,444
1786314116210591015,463
1786314116215603757,485
1786314116221631426,511
1786314116226628191,538
1786314116231955562,568
1786314116237660487,599
1786314116242729814,633
1786314116247871393,667
1786314116252862352,701
1786314116258625610,734
1786314116263585919,767
1786314116275365377,799
1786314116275723105,829
1786314116289737586,857
1786314116290002236,881
1786314116363584448,902
1786314116363914874,920
1786314116376910810,934
1786314116404794489,944
1786314116405122533,949
1786314116405389203,951
1786314116405681555,949
1786314116405911235,943
1786314116433150145,934
1786314116433572295,922
1786314116434078038,908
1786314116434463697,891
1786314116434723964,872
1786314116434957128,851
1786314116435192772,829
1786314116435686370,805
1786314116436216608,780
1786314116436562139,754
1786314116436862736,729
1786314116437282695,702
1786314116437633366,675
1786314116437872607,648
1786314116438161624,622
1786314116439832069,596
1786314116440160723,571
1786314116505861994,548
1786314116506161894,526
1786314116506453709,506
1786314116506703346,488
1786314116506912049,471
1786314116507125423,459
1786314116507348052,447
1786314116507581202,439
1786314116507750126,433
1786314116507944671,429
1786314116508114199,428
1786314116508285160,428
1786314116508510697,430
1786314116508759227,432
1786314116508977606,437
1786314116509253612,442
1786314116509617543,450
1786314116510601639,457
1786314116515586219,464
1786314116520626081,472
1786314116526577953,480
1786314116531636883,487
1786314116537053216,495
1786314116553093529,502
1786314116553319297,509
1786314116553558458,515
1786314116557595820,519
1786314116562856573,524
1786314116568607225,527
1786314116585274208,529
1786314116585514131,531
1786314116585758905,532
1786314116589620003,532
1786314116594692039,531
1786314116647167284,529
1786314116647507356,527
1786314116648576143,523
1786314116648911163,518
1786314116649225470,514
1786314116649426208,509
1786314116649995604,503
1786314116650227391,499
1786314116650424566,494
1786314116650633900,488
1786314116652576946,482
1786314116657601364,477
1786314116662617638,470
1786314116668579610,464
1786314116673606129,458
1786314116678614605,452
1786314116683596574,446
1786314116689596058,441
1786314116694629908,436
1786314116699572913,432
1786314116704647670,428
1786314116710609012,424
1786314116715580873,420
1786314116720577464,418
1786314116725624351,414
1786314116731549689,411
1786314116750184000,408
1786314116750590312,406
1786314116750910153,403
1786314116752557967,400
1786314116757601053,398
1786314116762600453,396
1786314116768507855,394
1786314116773648418,392
1786314116778590430,391
1786314116783616986,389
1786314116789586292,388
1786314116794635305,386
1786314116799612327,385
1786314116804597584,383
1786314116810590799,382
1786314116815696749,381
1786314116822569188,380
1786314116825649018,380
1786314116831560817,380
1786314116836622458,380
1786314116841613908,379
1786314116846603766,379
1786314116852629864,378
1786314116857642917,379
1786314116862591020,381
1786314116867953271,382
1786314116873660797,382
1786314116878673580,383
1786314116883973094,385
1786314116888759023,386
1786314116894634001,387
1786314116899611657,388
1786314116904551925,390
1786314116941252712,391
1786314117006847669,392
1786314117007424562,392
1786314117008325238,392
1786314117008741016,392
1786314117031203881,393
1786314117037939704,394
1786314117038179038,394
1786314117038382257,394
1786314117038587528,395
1786314117085778424,396
1786314117284356980,396
1786314117296018871,396
1786314117296322130,398
1786314117296585413,398
1786314117297489276,399
1786314117297695820,400
1786314117297879298,401
1786314117298056544,402
1786314117298231256,403
1786314117298410196,404
1786314117298617162,404
1786314117298793921,404
1786314117298969495,404
1786314117299146916,404
1786314117299320302,404
1786314117299572727,403
1786314117299740144,404
1786314117299917081,403
1786314117342149577,403
1786314117350669957,403
1786314117389894407,401
1786314117390458158,401
1786314117391098816,400
1786314117391559198,399
1786314117391963956,397
1786314117392344504,396
1786314117392761647,394
1786314117393175016,391
1786314117393782116,388
1786314117394289271,386
1786314117394742687,383
1786314117395331135,381
1786314117395759418,378
1786314117396141374,377
1786314117396552783,375
1786314117396963300,375
1786314117540843172,375
1786314117541161214,376
1786314117541364986,379
1786314117541573120,382
1786314117541782598,388
1786314117541979346,397
1786314117542170873,407
1786314117542366350,419
1786314117542581321,434
1786314117542779600,453
1786314117542968372,473
1786314117543156094,496
1786314117543342164,521
1786314117543553267,550
1786314117543750437,579
1786314117543935790,610
1786314117544129337,641
1786314117544624279,672
1786314117544821497,702
1786314117544989871,733
1786314117545153161,761
1786314117545317287,788
1786314117545499666,812
1786314117545667191,834
1786314117545828410,852
1786314117545990870,868
1786314117546151872,879
1786314117546312062,888
1786314117546493024,892
1786314117546663844,894
1786314117546825329,892
1786314117547006318,886
1786314117547259684,877
1786314117547425943,866
1786314117547607272,851
1786314117547769863,835
1786314117547930972,817
1786314117548272590,796
1786314117548445995,774
1786314117548629607,751
1786314117548794552,727
1786314117548957672,701
1786314117549120997,676
1786314117549281822,649
1786314117549442084,623
1786314117549619095,597
1786314117549782394,573
1786314117549943011,550
1786314117550103247,528
1786314117550265992,507
1786314117550425925,489
1786314117550605830,473
1786314117550770221,459
1786314117550932030,447
1786314117551097312,438
1786314117551258057,431
1786314117551417335,425
1786314117551605357,423
1786314117551770826,423
1786314117551937016,425
1786314117596391385,428
1786314117597071530,433
1786314117597291423,440
1786314117597505833,447
1786314117597687343,454
1786314117597865344,462
1786314117598050610,471
1786314117598245400,480
1786314117598433005,488
1786314117598621704,496
1786314117598797049,505
1786314117598973999,512
1786314117599146804,519
1786314117599320407,526
1786314117599509762,531
1786314117599764514,534
1786314117599939023,537
1786314117600109786,540
1786314117600280413,541
1786314117600452023,542
1786314117600638109,541
1786314117600810226,540
1786314117600983513,539
1786314117601154733,537
1786314117601326219,534
1786314117603503354,530
1786314117609718267,525
1786314117614555731,520
1786314117619692119,514
1786314117624661911,509
1786314117630584760,503
1786314117635597239,497
1786314117640628656,492
1786314117645598670,486
1786314117651611321,480
1786314117658722203,475
1786314117661644196,470
1786314117667630986,465
1786314117672679510,460
1786314117677628385,456
1786314117682596357,452
1786314117688588717,448
1786314117693595596,445
1786314117698588945,443
1786314117703673738,439
1786314117709596182,437
1786314117714575583,434
1786314117719576277,432
1786314117724586189,430
1786314117730578017,428
1786314117735676802,425
1786314117779733225,423
1786314117779969693,421
1786314117790630686,419
1786314117790875163,416
1786314117791090427,414
1786314117791300210,412
1786314117791517249,409
1786314117791719905,407
1786314117791918938,406
1786314117792117531,404
1786314117793587417,402
1786314117996125095,401
1786314117996836658,401
1786314117997047087,400
1786314117997228425,400
1786314117997406667,400
1786314117997600639,400
1786314117997914158,400
1786314117998079733,400
1786314117998240640,400
1786314117998400062,400
1786314117998592928,400
1786314117998759256,401
1786314117998919647,402
1786314117999080470,403
1786314117999240134,403
1786314117999398733,403
1786314117999567754,404
1786314117999733374,405
1786314117999896154,405
1786314118000054149,406
1786314118000212965,407
1786314118000374922,408
1786314118000621479,408
1786314118000783792,408
1786314118000947801,409
1786314118001109546,409
1786314118001268784,409
1786314118001427928,410
1786314118001612061,410
1786314118001773091,411
1786314118001931414,411
1786314118002091536,411
1786314118002252581,411
1786314118002410192,411
1786314118002589242,410
1786314118002752685,410
1786314118002910829,408
1786314118003071970,407
1786314118003232972,406
1786314118003511615,405
1786314118008812306,404
1786314118228563024,403
1786314118229702341,401
1786314118230050262,401
1786314118230303130,399
1786314118230558734,399
1786314118231043384,399
1786314118231889845,400
1786314118232234407,401
1786314118233061249,403
1786314118233286238,408
1786314118233494420,414
1786314118233676543,423
1786314118233850583,434
1786314118234022568,449
1786314118234193562,464
1786314118234365441,483
1786314118234553324,504
1786314118234728453,527
1786314118234910069,553
1786314118235139873,580
1786314118235326376,608
1786314118235521525,637
1786314118235693774,667
1786314118235862847,695
1786314118236029165,723
1786314118236205609,751
1786314118236390971,777
1786314118236582118,801
1786314118236751608,823
1786314118236919154,842
1786314118237082420,857
1786314118237245911,871
1786314118237409714,881
1786314118237592753,886
1786314118237757531,889
1786314118237966658,887
1786314118238201604,884
1786314118238431771,878
1786314118238675439,869
1786314118238898096,857
1786314118239120506,843
1786314118239343179,827
1786314118239598840,809
1786314118240538261,790
1786314118245571278,770
1786314118250578302,748
1786314118255579765,725
1786314118261568809,703
1786314118266572863,679
1786314118271726657,655
1786314118344174418,630
1786314118344463213,606
1786314118344747879,583
1786314118344984551,561
1786314118345212734,539
1786314118345439950,520
1786314118345690534,501
1786314118345946728,484
1786314118346214136,469
1786314118346543301,457
1786314118346742037,445
1786314118346924976,437
1786314118347097176,430
1786314118347268741,426
1786314118350566962,423
1786314118355629011,423
1786314118360603541,424
1786314118366627817,427
1786314118371578498,432
1786314118376610716,437
1786314118381586436,444
1786314118387607721,451
1786314118392590292,458
1786314118397574663,467
1786314118428414120,476
1786314118428666608,484
1786314118428866290,491
1786314118429053569,499
1786314118429231884,506
1786314118429669767,512
1786314118434584815,518
1786314118439657785,523
1786314118445627593,527
1786314118450642393,531
1786314118455659005,533
1786314118460602199,535
1786314118466615984,536
1786314118471591705,536
1786314118476599897,535
1786314118481616135,534
1786314118487621790,531
1786314118492566984,528
1786314118497597759,525
1786314118502599580,521
1786314118508632114,516
1786314118513573754,511
1786314118518557753,506
1786314118523581972,500
1786314118529577656,494
1786314118754433713,488
1786314118754824117,482
1786314118755021575,476
1786314118755215092,470
1786314118755521755,465
1786314118757285890,460
1786314118757543246,455
1786314118757792166,450
1786314118758152522,446
1786314118758465241,442
1786314118758718359,438
1786314118758934253,434
1786314118759165617,431
1786314118759409464,428
1786314118759640796,423
1786314118759893263,421
1786314118760118983,418
1786314118760338002,416
1786314118760590667,413
1786314118760853075,410
1786314118761078956,409
1786314118761329539,407
1786314118761562104,404
1786314118761842378,403
1786314118762040169,402
1786314118762265753,400
1786314118762657350,398
1786314118762868992,397
1786314118763086699,396
1786314118763298878,394
1786314118763679009,393
1786314118763912604,392
1786314118764131382,392
1786314118764368251,392
1786314118764669831,392
1786314118764883930,393
1786314118765100073,393
1786314118765312679,394
1786314118765545015,395
1786314118765756706,396
1786314118765970781,397
1786314118766192294,399
1786314118766422814,399
1786314118766710249,401
1786314118766927956,402
1786314118770625370,403
1786314118776599862,404
1786314118781611526,406
1786314118786572579,408
1786314118869721606,408
1786314118869983056,411
1786314118870232929,412
1786314118870458848,414
1786314118870771722,415
1786314118871326043,416
1786314118871554693,417
1786314118871732433,417
1786314118871898034,417
1786314118872066934,417
1786314118872228780,417
1786314118872392728,417
1786314118872571920,417
1786314118872741551,417
1786314118872907961,415
1786314118873132894,414
1786314118876564774,413
1786314118881592385,412
1786314118886557709,411
1786314118891589555,409
1786314118897603873,408
1786314118902562149,408
1786314118907579679,407
1786314118912557891,407
1786314118918601256,408
1786314118923561779,410
1786314118928641447,413
1786314118933602386,417
1786314118939698656,424
1786314118944595429,432
1786314118949602019,443
1786314118954579724,457
1786314118960599458,474
1786314118965583479,496
1786314118971685034,518
1786314119084696889,543
1786314119084996580,572
1786314119085250375,601
1786314119085736051,632
1786314119085937579,664
1786314119086121278,696
1786314119086384653,729
1786314119086577694,760
1786314119086749639,791
1786314119086918754,819
1786314119087084515,845
1786314119087246727,868
1786314119087409745,888
1786314119087587530,904
1786314119087753581,917
1786314119087918217,927
1786314119088143811,932
1786314119088308256,934
1786314119088484125,933
1786314119088654584,928
1786314119088864516,922
1786314119089051757,912
1786314119091542335,900
1786314119096587711,886
1786314119102622588,869
1786314119107585622,851
1786314119112595378,831
1786314119117567016,811
1786314119123605165,789
1786314119128572550,765
1786314119133552167,742
1786314119138613953,717
1786314119144564096,693
1786314119149576280,668
1786314119154577139,644
1786314119160518366,620
1786314119165561578,598
1786314119170560384,576
1786314119175587617,556
1786314119181583995,537
1786314119186566035,520
1786314119191566208,506
1786314119196622866,494
1786314119202573772,483
1786314119207562816,474
1786314119212561596,467
1786314119217621844,463
1786314119223587687,461
1786314119228602878,460
1786314119233608657,461
1786314119238604526,464
1786314119244592375,468
1786314119249577272,472
1786314119254602757,477
1786314119259597705,484
1786314119265600275,491
1786314119270575197,497
1786314119357571729,504
1786314119398129483,512
1786314119398369073,518
1786314119398571180,525
1786314119398723979,530
1786314119398871225,535
1786314119399013523,540
1786314119399155568,544
1786314119399303865,547
1786314119399549795,550
1786314119399791380,552
1786314119399985548,552
1786314119400154191,553
1786314119400315346,554
1786314119400510160,552
1786314119400687581,550
1786314119400886400,547
1786314119401101475,544
1786314119401260557,540
1786314119401424111,535
1786314119401649853,530
1786314119401809820,524
1786314119401967968,519
1786314119402123848,514
1786314119402281442,509
1786314119407621402,503
1786314119412652804,497
1786314119418365987,493
1786314119423790541,487
1786314119428709930,481
1786314119433553140,475
1786314119438586045,470
1786314119443628270,465
1786314119449605747,460
1786314119454615921,456
1786314119459589966,452
1786314119669382950,448
1786314119720422143,445
1786314119720679813,441
1786314119720961107,438
1786314119721360054,434
1786314119721930846,431
1786314119722385800,427
1786314119722819396,425
1786314119723197413,422
1786314119723612090,419
1786314119724011972,416
1786314119724384798,414
1786314119724810760,412
1786314119725206167,410
1786314119725633719,408
1786314119726011154,407
1786314119726389838,406
1786314119726823995,405
1786314119727217217,404
1786314119727638594,403
1786314119728017102,402
1786314119728489588,401
1786314119728698250,401
1786314119728875759,400
1786314119729053649,399
1786314119729215972,399
1786314119729583160,399
1786314119729751803,399
1786314119729914388,399
1786314119730075520,400
1786314119730317631,401
1786314119730542890,402
1786314119730723304,403
1786314119730891100,405
1786314119731068830,407
1786314119731316038,409
1786314119731536943,410
1786314119731752417,411
1786314119731962136,414
1786314119732163462,415
1786314119732360629,417
1786314119732795225,419
1786314119732997520,420
1786314119733214071,421
1786314119733385714,422
1786314119733602181,423
1786314119733778267,424
1786314119733940599,425
1786314119734111264,425
1786314119734290557,425
1786314119734456045,425
1786314119734659694,424
1786314119738576405,424
1786314119832366237,424
1786314119964612791,424
1786314120421432826,423
1786314120424747446,421
1786314120425156248,420
1786314120425567267,418
1786314120425796920,416
1786314120426030923,415
1786314120426426546,413
1786314120426796666,411
1786314120427024229,410
1786314120427327858,409
1786314120428372989,409
1786314120428575555,409
1786314120428780815,410
1786314120428974815,411
1786314120429140386,412
1786314120429306390,414
1786314120429555258,418
1786314120429822459,425
1786314120430119464,431
1786314120430359941,442
1786314120430630429,455
1786314120430981972,470
1786314120431167265,489
1786314120431337330,510
1786314120431516553,535
1786314120431687845,562
1786314120431849847,591
1786314120432009170,622
1786314120432169714,654
1786314120432328398,687
1786314120432534245,719
1786314120487116332,751
1786314120487687058,783
1786314120488230412,812
1786314120488757182,841
1786314120489178980,866
1786314120489688310,888
1786314120490401641,907
1786314120490994526,922
1786314120491419962,933
1786314120491682445,941
1786314120491864677,945
1786314120492071479,945
1786314120492258435,944
1786314120492525383,938
1786314120492713879,930
1786314120492889823,920
1786314120493064813,907
1786314120493239340,891
1786314120493413382,874
1786314120493607389,855
1786314120493781223,834
1786314120493953973,814
1786314120494274260,791
1786314120494452105,768
1786314120494645214,744
1786314120494819610,718
1786314120494994085,693
1786314120495234593,667
1786314120495414592,642
1786314120495617811,617
1786314120495792468,594
1786314120495966541,573
1786314120496143191,554
1786314120496316133,536
1786314120496512499,520
1786314120496691401,505
1786314120496866841,494
1786314120497040383,485
1786314120497214736,478
1786314120497389364,472
1786314120497619833,468
1786314120497801343,467
1786314120497975675,467
1786314120498170913,469
1786314120498347816,471
1786314120498535227,476
1786314120498713313,480
1786314120498887310,487
1786314120499058745,493
1786314120499232615,499
1786314120499405517,506
1786314120499592858,513
1786314120499767682,520
1786314120499938530,526
1786314120500111162,532
1786314120500281477,537
1786314120500458561,541
1786314120500650950,544
1786314120500831334,548
1786314120501062641,549
1786314120501235049,550
1786314120501407178,550
1786314120501615753,549
1786314120501838927,548
1786314120502053466,547
1786314120502261466,545
1786314120502478395,542
1786314120502703417,539
1786314120502905462,535
1786314120503133919,530
1786314120503564833,525
1786314120503798275,520
1786314120504065228,514
1786314120504271437,508
1786314120504446219,502
1786314120504643477,495
1786314120504808745,489
1786314120504972610,483
1786314120505135584,476
1786314120505297456,469
1786314120505465350,464
1786314120505659235,458
1786314120505824104,452
1786314120505988854,446
1786314120506162549,441
1786314120506343019,436
1786314120506520572,431
1786314120506691317,427
1786314120506853722,424
1786314120507014566,420
1786314120507174710,416
1786314120507336360,412
1786314120507517807,409
1786314120507721810,406
1786314120507908009,403
1786314120508085253,400
1786314120508262636,398
1786314120508437536,395
1786314120508638315,392
1786314120508815731,391
1786314120508990775,389
1786314120509165684,387
1786314120509341247,385
1786314120509536061,383
1786314120509713751,383
1786314120509888642,381
1786314120510062690,380
1786314120510238687,380
1786314120510413000,381
1786314120510609859,381
1786314120510955197,382
1786314120511132898,383
1786314120511309798,383
1786314120511520194,385
1786314120516581510,387
1786314120521623201,388
1786314120526605467,389
1786314120532591595,392
1786314120537616873,393
1786314120542597062,395
1786314120547614343,396
1786314120553613118,398
1786314120558811007,400
1786314120563614746,402
1786314120568612489,404
1786314120574583033,405
1786314120579606485,407
1786314120584620959,408
1786314120589609750,409
1786314120595603533,410
1786314120600601655,411
1786314120605762426,412
1786314120610621599,413
1786314120616625793,413
1786314120621765476,414
1786314120626638467,414
1786314120632621626,414
1786314120637610088,414
1786314120642626808,414
1786314120785487364,414
1786314120785764083,416
1786314120785985490,415
1786314120786191561,415
1786314120786419689,414
1786314120786735734,413
1786314120787153083,412
1786314120787610428,411
1786314120788082973,409
1786314120788357774,408
1786314120788635201,406
1786314120788892685,405
1786314120789180816,404
1786314120789431163,403
1786314120789706335,402
1786314120789944715,400
1786314120790280640,399
1786314120790646404,397
1786314120790946790,394
1786314120791212413,393
1786314120791529689,390
1786314120791800700,389
1786314120792062371,388
1786314120792318131,388
1786314120792608621,387
1786314120792875807,388
1786314120793139128,390
1786314120793390808,394
1786314120794520336,398
1786314120800602623,405
1786314120805596816,415
1786314120810620922,428
1786314120816651848,443
1786314120821657493,461
1786314120826664817,483
1786314120831583836,507
1786314120837639271,533
1786314120842841588,562
1786314120847645576,592
1786314120852576231,624
1786314120858803228,657
1786314120863657330,689
1786314120868635728,722
1786314120873674447,754
1786314120879685836,785
1786314120884663922,814
1786314120889608915,840
1786314120894649488,864
1786314120900665380,883
1786314120905590556,900
1786314120910611232,913
1786314120915666672,922
1786314120921844743,927
1786314120926814002,929
1786314120931706975,928
1786314120936598391,923
1786314120942622798,915
1786314120947594501,904
1786314120952619320,891
1786314120957720061,875
1786314120963645451,857
1786314120968654406,837
1786314120973692579,816
1786314120978619041,794
1786314120984566705,771
1786314120989722505,745
1786314120994579759,720
1786314121000571127,694
1786314121005719416,667
1786314121010563060,641
1786314121015551448,616
1786314121021629950,591
1786314121026607276,568
1786314121031616226,545
1786314121036576084,524
1786314121042538590,507
1786314121047621571,490
1786314121052560110,476
1786314121057923911,464
1786314121063564528,455
1786314121068594946,447
1786314121073568244,442
1786314121078623264,440
1786314121084593247,439
1786314121089650396,441
1786314121094853924,444
1786314121099586056,448
1786314121105571302,453
1786314121110563326,460
1786314121115628834,467
1786314121120711381,474
1786314121126626312,482
1786314121131693182,490
1786314121136622358,498
1786314121141614230,506
1786314121147597270,514
1786314121152672627,520
1786314121157625411,527
1786314121163630454,532
1786314121168725356,537
1786314121173673901,541
1786314121178611410,544
1786314121184692731,546
1786314121189645867,546
1786314121194892817,547
1786314121199597578,546
1786314121205823159,544
1786314121210594203,541
1786314121215612649,537
1786314121220685533,533
1786314121226828213,528
1786314121231872228,523
1786314121236795753,517
1786314121241761705,512
1786314121247658218,507
1786314121252802733,502
1786314121257785884,496
1786314121262812531,491
1786314121268630090,485
1786314121273833042,478
1786314121278668358,473
1786314121284396983,468
1786314121289639955,463
1786314121294684445,458
1786314121299750044,453
1786314121304693208,450
1786314121310675079,446
1786314121316367826,442
1786314121320749873,439
1786314121325614122,436
1786314121331728145,433
1786314121336739510,431
1786314121341751212,428
1786314121346805329,426
1786314121352697236,424
1786314121357688275,422
1786314121362650714,421
1786314121368632157,419
1786314121373753866,418
1786314121378666025,417
1786314121383647217,415
1786314121389615737,414
1786314121394595318,413
1786314121399667420,412
1786314121404613785,411
1786314121410591573,410
1786314121415635899,409
1786314121420609343,408
1786314121425593291,407
1786314121431613471,407
1786314121436633772,407
1786314121441634316,406
1786314121446638704,406
1786314121452597793,406
1786314121457595781,405
1786314121462621366,405
1786314121467609890,405
1786314121473625559,405
1786314121478619747,405
1786314121483620071,406
1786314121488631006,406
1786314121494627876,407
1786314121499635165,408
1786314121504597392,409
1786314121509676734,411
1786314121515721810,412
1786314121520611747,414
1786314121525619624,416
1786314121530653722,418
1786314121536600745,419
1786314121541591657,421
1786314121546603267,422
1786314121556677865,423
1786314121560719625,424
1786314121562674056,424
1786314121567661651,425
1786314121573628823,426
1786314121578727773,426
1786314121583831594,426
1786314121588671560,426
1786314121594840845,425
1786314121599632493,425
1786314121604673955,423
1786314121609609940,422
1786314121616189449,421
1786314121620627262,420
1786314121625826135,419
1786314121630625117,418
1786314121636666455,416
1786314121641737444,416
1786314121646631677,414
1786314121651669381,413
1786314121657634611,410
1786314121662686251,408
1786314121667615470,406
1786314121672596366,404
1786314121678632170,403
1786314121683647114,401
1786314121688634102,400
1786314121693606998,399
1786314121699605044,398
1786314121704672011,398
1786314121709771937,398
1786314121714624239,398
1786314121720604242,400
1786314121725595666,404
1786314121730650453,409
1786314121736627885,416
1786314121741700427,425
1786314121746666914,437
1786314121751691079,451
1786314121757592578,468
1786314121763635448,488
1786314121767732865,511
1786314121772734454,536
1786314121778818399,564
1786314121783639327,594
1786314121788573704,624
1786314121793562327,655
1786314121799556004,687
1786314121804562447,718
1786314121809716444,749
1786314121814577579,779
1786314121820575127,807
1786314121825545821,832
1786314121830569519,855
1786314121835595396,875
1786314121841560323,891
1786314121846566267,903
1786314121851619548,912
1786314121856581884,917
1786314121862592490,920
1786314121867655694,919
1786314121872623470,915
1786314121877633778,908
1786314121883619067,897
1786314121888625886,884
1786314121893623051,868
1786314121898613954,851
1786314121904605326,832
1786314121909769043,810
1786314121915352621,789
1786314121920638708,765
1786314121925569447,740
1786314121930614800,714
1786314121935641819,688
1786314121941934902,662
1786314121946586276,636
1786314121951625718,610
1786314121956644194,585
1786314121962625605,563
1786314121967601110,540
1786314121972659444,519
1786314121977612400,501
1786314121983625830,485
1786314121988659044,471
1786314121993627783,459
1786314121998665892,450
1786314122004623508,443
1786314122009619714,437
1786314122014630798,435
1786314122019628408,433
1786314122025637884,435
1786314122030612880,437
1786314122035600304,440
1786314122040592600,445
1786314122046656673,451
1786314122051607629,458
1786314122056613557,465
1786314122061630428,473
1786314122067634434,480
1786314122072642482,488
1786314122077713236,496
1786314122084286242,503
1786314122088726441,510
1786314122093919333,516
1786314122098652554,522
1786314122104670466,527
1786314122109747824,530
1786314122114662793,533
1786314122119670204,535
1786314122125654925,536
1786314122130672659,536
1786314122135697313,536
1786314122140656441,534
1786314122146650847,533
1786314122151629343,530
1786314122156637837,528
1786314122161635336,524
1786314122167618476,520
1786314122172629359,515
1786314122177626066,511
1786314122183069830,506
1786314122188596876,501
1786314122193803724,495
1786314122198623569,490
1786314122203627308,485
1786314122210514416,478
1786314122214761106,472
1786314122219616179,466
1786314122224598950,460
1786314122230556951,455
1786314122235608207,450
1786314122240565654,445
1786314122245588916,440
1786314122251579085,435
1786314122256557397,431
1786314122261695900,427
1786314122266665828,423
1786314122272627528,420
1786314122277619353,416
1786314122282612789,413
1786314122288624929,410
1786314122293662110,407
1786314122298587818,405
1786314122303599734,402
1786314122309596299,400
1786314122314613930,398
1786314122319733864,396
1786314122324616566,395
1786314122330597673,394
1786314122335594733,393
1786314122340611276,393
1786314122345600764,392
1786314122351591515,390
1786314122356622716,390
1786314122361603704,390
1786314122366672441,388
1786314122372643490,387
1786314122377649150,387
1786314122382617556,387
1786314122387609812,387
1786314122393652865,388
1786314122398630860,389
1786314122403590590,390
1786314122408600946,391
1786314122414610698,393
1786314122419606032,394
1786314122424606271,396
1786314122429611990,398
1786314122435590029,399
1786314122440613187,400
1786314122445592950,401
1786314122450647491,401
1786314122456607107,402
1786314122461657183,403
1786314122466604957,404
1786314122472651032,404
1786314122477808202,405
1786314122482729752,406
1786314122487705148,406
1786314122493602439,406
1786314122498695063,406
1786314122503731449,407
1786314122508730886,408
1786314122514721525,408
1786314122519771496,409
1786314122524826020,410
1786314122529603707,409
1786314122535809567,409
1786314122540835345,410
1786314122545685863,409
1786314122550660474,408
1786314122556858588,407
1786314122561590355,407
1786314122566836268,406
1786314122571651692,405
1786314122577723256,404
1786314122582653079,403
1786314122587796466,402
1786314122592649991,400
1786314122598833073,399
1786314122603824665,398
1786314122608793533,398
1786314122613659155,397
1786314122619835608,397
1786314122624835845,398
1786314122629651598,400
1786314122634790356,403
1786314122640766334,408
1786314122645648604,415
1786314122650850324,425
1786314122656625065,438
1786314122661655325,454
1786314122666713567,473
1786314122671599983,495
1786314122677617012,521
1786314122682652123,549
1786314122687756821,579
1786314122692606190,611
1786314122698659960,646
1786314122703792968,681
1786314122708752917,715
1786314122713645357,750
1786314122719727066,784
1786314122724835080,816
1786314122729753974,845
1786314122735360900,872
1786314122740763514,895
1786314122745649093,916
1786314122750579906,932
1786314122755633692,945
1786314122761590237,955
1786314122766580740,960
1786314122771588687,962
1786314122776597967,960
1786314122782582657,957
1786314122787606838,949
1786314122792605723,939
1786314122797673894,926
1786314122803618273,910
1786314122808734854,893
1786314122813664861,875
1786314122819595133,854
1786314122824636658,833
1786314122829618741,810
1786314122834599978,786
1786314122840597576,761
1786314122845646664,735
1786314122850611376,709
1786314122855683632,683
1786314122861613091,657
1786314122866621142,633
1786314122871588819,608
1786314122876619393,585
1786314122882642379,563
1786314122887704204,543
1786314122892651307,525
1786314122897605201,509
1786314122903575336,495
1786314122908556076,482
1786314122913599733,472
1786314122918601162,465
1786314122924657339,459
1786314122929552935,454
1786314122934599756,452
1786314122939660152,452
1786314122945627090,453
1786314122950694201,457
1786314122955566674,462
1786314122960604089,468
1786314122966587490,475
1786314122971586448,482
1786314122976596954,489
1786314122981595165,497
1786314122987611470,504
1786314122992590667,511
1786314122997597850,517
1786314123003698542,523
1786314123008553815,528
1786314123013699375,532
1786314123018645758,536
1786314123024603191,539
1786314123029913269,542
1786314123034565334,543
1786314123039584809,544
1786314123045727573,543
1786314123050727584,543
1786314123055660194,540
1786314123060723536,538
1786314123066945030,534
1786314123071638292,530
1786314123076585261,526
1786314123081593024,522
1786314123087560446,517
1786314123092625825,511
1786314123097711226,506
1786314123102614763,500
1786314123108592191,493
1786314123113713470,487
1786314123118733136,480
1786314123123566354,474
1786314123129566651,467
1786314123134716376,462
1786314123139565654,456
1786314123144600373,451
1786314123150621086,446
1786314123155696881,441
1786314123160739399,436
1786314123166663697,431
1786314123171583159,426
1786314123176624893,423
1786314123181692860,418
1786314123187812579,415
1786314123192620344,411
1786314123197851602,410
1786314123202847072,408
1786314123208643502,407
1786314123213696754,405
1786314123218627885,404
1786314123223593709,403
1786314123229666201,401
1786314123234647950,399
1786314123239640249,398
1786314123244748035,397
1786314123250827329,396
1786314123255858426,394
1786314123260691536,393
1786314123265767003,391
1786314123271683342,391
1786314123276625851,390
1786314123281818108,390
1786314123286634742,389
1786314123292643227,387
1786314123297839191,386
1786314123302801307,386
1786314123307780797,385
1786314123313757681,385
1786314123318688687,384
1786314123323639322,385
1786314123328724512,385
1786314123334877302,385
1786314123339810981,386
1786314123344810704,386
1786314123350644860,387
1786314123355665001,388
1786314123360685754,389
1786314123365690608,391
1786314123371863233,392
1786314123376638608,394
1786314123381870291,396
1786314123386604092,397
1786314123392675015,398
1786314123397854413,399
1786314123402775929,400
1786314123407777732,400
1786314123413809378,401
1786314123418862962,402
1786314123423743933,403
1786314123428734306,404
1786314123434702962,405
1786314123439657371,406
1786314123444842485,407
1786314123449753370,409
1786314123455859056,410
1786314123460675750,411
1786314123465807579,411
1786314123470649575,410
1786314123476719011,410
1786314123481608482,409
1786314123486731827,408
1786314123491615977,407
1786314123497693741,406
1786314123502636813,406
1786314123507804618,404
1786314123512781233,403
1786314123518676038,402
1786314123523803526,400
1786314123528767347,399
1786314123533859785,398
1786314123539742817,396
1786314123544801137,394
1786314123549846988,393
1786314123555814972,392
1786314123560671338,390
1786314123565847804,390
1786314123570798987,389
1786314123576695453,388
1786314123581597583,389
1786314123586701273,390
1786314123591667951,390
1786314123597728547,393
1786314123602861965,398
1786314123607642071,403
1786314123612725144,411
1786314123618724617,423
1786314123623859314,437
1786314123628700536,454
1786314123633853407,475
1786314123639807608,499
1786314123644620778,527
1786314123649577882,557
1786314123655839796,589
1786314123660850793,623
1786314123665854662,658
1786314123670601383,694
1786314123675814890,729
1786314123681861888,765
1786314123686774100,798
1786314123691688910,829
1786314123696657430,858
1786314123702693024,885
1786314123707641162,908
1786314123712811412,928
1786314123717845236,944
1786314123723731216,957
1786314123728584563,964
1786314123733698902,968
1786314123739605923,970
1786314123744696574,968
1786314123749860333,962
1786314123754614603,953
1786314123760658660,942
1786314123765676184,927
1786314123770603087,910
1786314123775664690,891
1786314123781833570,871
1786314123786734597,849
1786314123791601183,826
1786314123796649082,802
1786314123802682000,777
1786314123807715787,751
1786314123812661800,725
1786314123817654904,699
1786314123823641188,672
1786314123828651776,646
1786314123833650798,622
1786314123838815704,598
1786314123844744563,575
1786314123849907795,554
1786314123854612161,535
1786314123859674977,519
1786314123865659505,503
1786314123870812091,490
1786314123875595187,480
1786314123880788972,472
1786314123886860088,466
1786314123891609208,461
1786314123896651478,459
1786314123902774079,459
1786314123907622888,460
1786314123912772206,462
1786314123917863312,467
1786314123923863275,471
1786314123928662822,476
1786314123933824250,481
1786314123938566608,487
1786314123944694440,493
1786314123949900175,499
1786314123954853227,505
1786314123959693593,511
1786314123965764009,517
1786314123970759398,522
1786314123975744547,527
1786314123980789490,531
1786314123986862857,534
1786314123991638870,536
1786314123996682624,539
1786314124001765555,540
1786314124007745371,540
1786314124012793748,540
1786314124017994016,539
1786314124022834488,537
1786314124028694121,535
1786314124033855044,531
1786314124038793207,528
1786314124043679386,524
1786314124049571128,519
1786314124054655403,515
1786314124059589451,510
1786314124064646049,504
1786314124070664518,498
1786314124075677115,492
1786314124081040020,486
1786314124086782299,480
1786314124091717590,473
1786314124096635148,467
1786314124101731097,460
1786314124107607570,454
1786314124112647482,449
1786314124117799489,444
1786314124122683297,438
1786314124128622529,432
1786314124133783471,427
1786314124138721459,421
1786314124143670903,417
1786314124149803982,412
1786314124154856108,408
1786314124159618040,404
1786314124164804285,400
1786314124170877772,397
1786314124175871293,395
1786314124180738878,393
1786314124185865907,390
1786314124191872850,388
1786314124196772073,386
1786314124201699762,384
1786314124206860835,381
1786314124212853290,379
1786314124217830763,377
1786314124222668475,376
1786314124227818531,375
1786314124233820875,374
1786314124239120346,374
1786314124243869698,373
1786314124248905567,372
1786314124254852853,371
1786314124259871471,371
1786314124264849171,371
1786314124270859387,370
1786314124275863216,371
1786314124281071903,372
1786314124285856868,371
1786314124291899384,372
1786314124296762764,372
1786314124301733793,373
1786314124306639368,374
1786314124312715639,374
1786314124317653507,376
1786314124322595688,379
1786314124327586949,379
1786314124333555062,381
1786314124338581455,383
1786314124343576037,383
1786314124348557599,384
1786314124354662566,386
1786314124359690071,387
1786314124364781775,388
1786314124369632987,388
1786314124375644553,389
1786314124380600408,389
1786314124385589826,390
1786314124390543918,389
1786314124396547936,389
1786314124401548237,389
1786314124406569305,388
1786314124411554126,388
1786314124417544928,388
1786314124422556857,388
1786314124427553638,388
1786314124432544574,389
1786314124438550587,389
1786314124443618911,390
1786314124448586984,391
1786314124455160107,390
1786314124459561959,391
1786314124464543946,393
1786314124469565993,393
1786314124475591945,393
1786314124480545559,394
1786314124485539518,394
1786314124490555228,394
1786314124496552928,394
1786314124501545802,394
1786314124506560295,394
1786314124511550912,393
1786314124517543505,393
1786314124522609417,392
1786314124527610838,391
1786314124532580669,390
1786314124538563208,389
1786314124543552254,388
1786314124548555317,387
1786314124553550130,385
1786314124559572188,384
1786314124564548156,382
1786314124569548343,381
1786314124574599326,379
1786314124580549738,378
1786314124585551477,376
1786314124590562673,375
1786314124595555182,374
1786314124601555632,372
1786314124606543415,371
1786314124611556115,371
1786314124617497295,371
1786314124622576277,372
1786314124627567160,372
1786314124632557460,375
1786314124638549305,379
1786314124643568185,384
1786314124648552245,391
1786314124653551167,401
1786314124659572714,414
1786314124664551219,429
1786314124669546738,446
1786314124674620113,468
1786314124680551767,492
1786314124685553945,520
1786314124690569836,550
1786314124695551171,583
1786314124701550208,616
1786314124706602804,650
1786314124711547916,685
1786314124716544725,719
1786314124722577499,753
1786314124727657675,785
1786314124732572100,815
1786314124737546982,844
1786314124743656914,869
1786314124748640154,890
1786314124753558032,909
1786314124758600383,923
1786314124764591095,934
1786314124769559038,940
1786314124774590066,943
1786314124779719927,942
1786314124785716600,937
1786314124790603314,929
1786314124795790168,918
1786314124801702802,904
1786314124806698636,886
1786314124811732462,868
1786314124816692852,849
1786314124822657829,827
1786314124827662541,804
1786314124832639099,780
1786314124837642358,754
1786314124843622216,729
1786314124848600591,703
1786314124853611998,678
1786314124858595662,651
1786314124864685820,626
1786314124869635885,600
1786314124874613098,576
1786314124879592519,554
1786314124885692415,533
1786314124890727334,514
1786314124895662346,498
1786314124900630892,484
1786314124906707173,470
1786314124911699415,460
1786314124916702007,453
1786314124921706178,446
1786314124927753552,443
1786314124932847615,441
1786314124937839687,442
1786314124942631998,444
1786314124948731170,447
1786314124953712928,452
1786314124958619835,459
1786314124963676476,465
1786314124969684695,473
1786314124974566179,480
1786314124979613264,489
1786314124985567341,496
1786314124990593455,505
1786314124995592699,513
1786314125000989160,521
1786314125007297305,528
1786314125011572438,533
1786314125016685674,539
1786314125021691799,543
1786314125027596899,546
1786314125032564592,549
1786314125037567330,551
1786314125042628291,551
1786314125048713436,551
1786314125053703805,550
1786314125058631584,548
1786314125063591182,545
1786314125069718608,541
1786314125074586064,536
1786314125079703374,531
1786314125084702443,526
1786314125090691270,520
1786314125095592811,514
1786314125100712299,508
1786314125106503721,502
1786314125111602668,495
1786314125116646927,488
1786314125121663230,482
1786314125126655000,476
1786314125132640388,470
1786314125137635256,464
1786314125142655827,458
1786314125147834797,453
1786314125153839345,448
1786314125158605322,443
1786314125163706590,438
1786314125168833724,433
1786314125174584669,429
1786314125179762769,426
1786314125184840173,423
1786314125190617931,420
1786314125195679008,418
1786314125200695748,415
1786314125205776357,414
1786314125211788723,412
1786314125216822114,409
1786314125221889630,409
1786314125226838809,408
1786314125232827465,406
1786314125237871412,406
1786314125242680286,404
1786314125247677929,404
1786314125253742584,402
1786314125258678412,401
1786314125263627628,400
1786314125268858192,399
1786314125274628081,400
1786314125279724593,400
1786314125284820439,399
1786314125289738287,399
1786314125295807031,400
1786314125300859533,400
1786314125305845942,401
1786314125310813473,401
1786314125316852220,401
1786314125321870849,402
1786314125326845992,402
1786314125331841578,403
1786314125337839907,403
1786314125342843736,404
1786314125347842840,405
1786314125353809044,406
1786314125358863380,405
1786314125363826145,406
1786314125368840659,406
1786314125374879807,406
1786314125379843985,408
1786314125384841239,409
1786314125389847600,410
1786314125395864917,410
1786314125401125233,412
1786314125405849638,412
1786314125410845454,413
1786314125416845522,414
1786314125421574025,415
1786314125426675401,415
1786314125431847248,416
1786314125437833730,417
1786314125442689878,418
1786314125447719628,418
1786314125452734728,419
1786314125458639731,420
1786314125463850198,420
1786314125468867379,421
1786314125473572430,421
1786314125479856672,421
1786314125484859775,422
1786314125489576433,421
1786314125494667756,421
1786314125500857127,421
1786314125505948555,420
1786314125510734215,420
1786314125515824779,419
1786314125521794031,418
1786314125526833919,416
1786314125531777224,415
1786314125536839969,414
1786314125542635475,412
1786314125547688657,410
1786314125552789747,408
1786314125558676576,406
1786314125563690115,404
1786314125568689593,402
1786314125573745718,400
1786314125579869408,399
1786314125584761079,397
1786314125589624300,396
1786314125594875710,394
1786314125600850935,393
1786314125605908818,392
1786314125610847970,391
1786314125615870678,391
1786314125621855666,393
1786314125626810046,396
1786314125631715128,400
1786314125636817399,406
1786314125642725009,415
1786314125647755590,426
1786314125652868381,440
1786314125657655552,458
1786314125663845236,477
1786314125668851360,500
1786314125673627632,525
1786314125678882950,552
1786314125684854848,581
1786314125689753890,611
1786314125694738275,643
1786314125699762637,675
1786314125705793060,707
1786314125710846173,739
1786314125715884196,769
1786314125721740267,797
1786314125726832440,822
1786314125732119844,845
1786314125736834461,865
1786314125742893194,881
1786314125747800832,895
1786314125752842995,904
1786314125757825540,911
1786314125763837110,914
1786314125768840999,913
1786314125773848357,910
1786314125778801088,904
1786314125784717944,896
1786314125789735927,884
1786314125794601296,870
1786314125799840494,855
1786314125805747411,837
1786314125810657588,817
1786314125815735225,796
1786314125820838624,774
1786314125826592849,751
1786314125831743773,726
1786314125836762708,701
1786314125841767489,676
1786314125847706040,649
1786314125852850093,624
1786314125857616703,601
1786314125862821890,578
1786314125868777289,556
1786314125873588446,535
1786314125878803692,517
1786314125883834548,500
1786314125889623898,486
1786314125894840601,474
1786314125899769823,464
1786314125905694726,456
1786314125910643169,450
1786314125915838019,447
1786314125920827390,445
1786314125926833657,446
1786314125931839256,447
1786314125936870188,450
1786314125941596679,454
1786314125947637931,458
1786314125952643193,464
1786314125957647599,471
1786314125962650111,478
1786314125968873939,485
1786314125973647730,493
1786314125978653374,500
1786314125983836220,508
1786314125989641097,515
1786314125994680164,522
1786314125999850486,528
1786314126004637037,533
1786314126010685395,536
1786314126015718379,539
1786314126020836273,542
1786314126025588651,542
1786314126031728488,542
1786314126036757320,541
1786314126041892833,541
1786314126046575070,538
1786314126052841854,535
1786314126057609195,532
1786314126062819559,528
1786314126068784611,523
1786314126073590272,518
1786314126078828779,515
1786314126083831416,510
1786314126089680780,505
1786314126094674345,500
1786314126099800493,496
1786314126104837755,491
1786314126110889833,487
1786314126115849185,482
1786314126120866014,478
1786314126125594689,473
1786314126131799719,468
1786314126136827569,464
1786314126141684660,459
1786314126146810226,454
1786314126152856375,449
1786314126157589505,444
1786314126162742363,440
1786314126167832176,436
1786314126173690622,432
1786314126178856370,428
1786314126183841812,425
1786314126188784003,422
1786314126194688535,419
1786314126199746286,417
1786314126204841561,414
1786314126209632730,411
1786314126215718691,409
1786314126220789796,407
1786314126225587494,405
1786314126230969221,404
1786314126236554198,404
1786314126241663345,404
1786314126246672139,404
1786314126252506499,403
1786314126257742376,403
1786314126262635720,403
1786314126267684849,403
1786314126273567721,403
1786314126278604553,403
1786314126283620365,403
1786314126288600216,403
